lieu,type_lieu,parent_lieu,parent_slug,marque,date_information,prix_paquet_eur,prix_paquet_local,devise_locale_code,devise_locale_nom,prix_moyen_eur_courant,prix_min_eur_courant,prix_max_eur_courant,prix_moyen_local_courant,prix_min_local_courant,prix_max_local_courant,date_derniere_mise_a_jour,annee_page,source_url,source_page_url,source_type
Afrique du Sud,pays_ou_region,,,Marlboro,2026-04-26,2.81,54,ZAR,Rand,2.81,2.32,3.35,54,45,65,2026-04-26,2026,https://www.combien-coute.net/cigarette/afrique-du-sud/,https://www.combien-coute.net/cigarette/afrique-du-sud/,detail
Alaska,pays_ou_region,,,Marlboro,2026-04-24,10.74,13,$ (USD),dollar américain,10.74,10.27,11.98,13,12,14,2026-04-24,2026,https://www.combien-coute.net/cigarette/alaska/,https://www.combien-coute.net/cigarette/alaska/,detail
Albanie,pays_ou_region,,,Marlboro,2026-04-25,3.87,369,ALL,Lek,3.87,3.45,4.71,369,329,449,2026-04-25,2026,https://www.combien-coute.net/cigarette/albanie/,https://www.combien-coute.net/cigarette/albanie/,detail
Algérie,pays_ou_region,,,Marlboro,2026-04-29,2.39,370,DZD,Dinar algérien,2.39,2,3,370,310,465,2026-04-29,2026,https://www.combien-coute.net/cigarette/algerie/,https://www.combien-coute.net/cigarette/algerie/,detail
Allemagne,pays_ou_region,,,Marlboro,2026-04-26,8.7,,,,8.7,8.2,10,,,,2026-04-26,2026,https://www.combien-coute.net/cigarette/allemagne/,https://www.combien-coute.net/cigarette/allemagne/,detail
Alpes,pays_ou_region,,,Marlboro,2015-07-01,11.75,,,,11.75,11,13,,,,2015-07-01,2026,https://www.combien-coute.net/cigarette/rh-ne-alpes/,https://www.combien-coute.net/cigarette/rh-ne-alpes/,detail
Alsace,pays_ou_region,,,Marlboro,2015-07-01,9.31,,,,9.31,4.13,16,,,,2015-07-01,2026,https://www.combien-coute.net/cigarette/alsace/,https://www.combien-coute.net/cigarette/alsace/,detail
Andorre,pays_ou_region,,,Marlboro,2026-04-28,4.95,,,,4.95,3.5,6,,,,2026-04-28,2026,https://www.combien-coute.net/cigarette/andorre/,https://www.combien-coute.net/cigarette/andorre/,detail
Angleterre,pays_ou_region,,,Marlboro,2026-04-23,20.19,18,£ (GBP),livre sterling,20.19,16.15,20.76,18,14,18,2026-04-23,2026,https://www.combien-coute.net/cigarette/angleterre/,https://www.combien-coute.net/cigarette/angleterre/,detail
Angola,pays_ou_region,,,Marlboro,2026-04-25,1.96,2101,AOA,Kwanza,1.96,1.4,2.98,2101,1501,3195,2026-04-25,2026,https://www.combien-coute.net/cigarette/angola/,https://www.combien-coute.net/cigarette/angola/,detail
Antigua-et-Barbuda,pays_ou_region,,,Marlboro,2026-04-27,6.32,20,$ (XCD),Dollar des Caraïbes de l'est,6.32,,,20,,,2026-04-27,2026,https://www.combien-coute.net/cigarette/antigua-et-barbuda/,https://www.combien-coute.net/cigarette/antigua-et-barbuda/,detail
Antilles néerlandaises,pays_ou_region,,,Marlboro,2026-04-29,8.35,17,ANG,Florin des Antilles néerlandaises,8.35,,,17,,,2026-04-29,2026,https://www.combien-coute.net/cigarette/antilles-neerlandaises/,https://www.combien-coute.net/cigarette/antilles-neerlandaises/,detail
Arabie Saoudite,pays_ou_region,,,Marlboro,2026-04-29,6.37,28,SAR,Riyal saoudien,6.37,5.69,7.97,28,25,35,2026-04-29,2026,https://www.combien-coute.net/cigarette/arabie-saoudite/,https://www.combien-coute.net/cigarette/arabie-saoudite/,detail
Argentine,pays_ou_region,,,Marlboro,2026-04-27,3.24,5281,ARS,Peso,3.24,2.32,4.27,5281,3782,6960,2026-04-27,2026,https://www.combien-coute.net/cigarette/argentine/,https://www.combien-coute.net/cigarette/argentine/,detail
Arménie,pays_ou_region,,,Marlboro,2026-04-27,2.3,1001,AMD,Dram,2.3,2.19,2.99,1001,953,1301,2026-04-27,2026,https://www.combien-coute.net/cigarette/armenie/,https://www.combien-coute.net/cigarette/armenie/,detail
Aruba,pays_ou_region,,,Marlboro,2026-04-25,14.93,31,ANG,Florin des Antilles néerlandaises,14.93,,,31,,,2026-04-25,2026,https://www.combien-coute.net/cigarette/aruba/,https://www.combien-coute.net/cigarette/aruba/,detail
Australie,pays_ou_region,,,Marlboro,2026-05-01,30.68,50,$ (AUD),Dollar australien,30.68,24.54,36.81,50,40,60,2026-05-01,2026,https://www.combien-coute.net/cigarette/australie/,https://www.combien-coute.net/cigarette/australie/,detail
Autriche,pays_ou_region,,,Marlboro,2026-04-25,6.5,,,,6.5,6,7.99,,,,2026-04-25,2026,https://www.combien-coute.net/cigarette/autriche/,https://www.combien-coute.net/cigarette/autriche/,detail
Auvergne,pays_ou_region,,,Marlboro,2015-07-01,11.75,,,,11.75,10,14,,,,2015-07-01,2026,https://www.combien-coute.net/cigarette/auvergne/,https://www.combien-coute.net/cigarette/auvergne/,detail
Azerbaïdjan,pays_ou_region,,,Marlboro,2026-04-23,3.01,6,AZN,Manat d'Azerbaïdjan,3.01,2.51,4.02,6,5,8,2026-04-23,2026,https://www.combien-coute.net/cigarette/azerbaidjan/,https://www.combien-coute.net/cigarette/azerbaidjan/,detail
Açores,pays_ou_region,,,Marlboro,2026-04-28,4,,,,4,3.5,4.5,,,,2026-04-28,2026,https://www.combien-coute.net/cigarette/acores/,https://www.combien-coute.net/cigarette/acores/,detail
Bahamas,pays_ou_region,,,Marlboro,2026-04-27,12.81,15,$ (BSD),Dollar des Bahamas,12.81,11.69,13.66,15,14,16,2026-04-27,2026,https://www.combien-coute.net/cigarette/bahamas/,https://www.combien-coute.net/cigarette/bahamas/,detail
Bahreïn,pays_ou_region,,,Marlboro,2026-04-23,4.98,2,BHD,Dinar bahreïni,4.98,4.53,5.66,2,2,3,2026-04-23,2026,https://www.combien-coute.net/cigarette/bahrein/,https://www.combien-coute.net/cigarette/bahrein/,detail
Bali,pays_ou_region,,,Marlboro,2026-05-01,1.87,37925,IDR,Monnaie,1.87,1.48,2.46,37925,30016,49891,2026-05-01,2026,https://www.combien-coute.net/cigarette/bali/,https://www.combien-coute.net/cigarette/bali/,detail
Baléares,pays_ou_region,,,Marlboro,2026-04-30,6,,,,6,5.5,7,,,,2026-04-30,2026,https://www.combien-coute.net/cigarette/iles-baleares/,https://www.combien-coute.net/cigarette/iles-baleares/,detail
Bangladesh,pays_ou_region,,,Marlboro,2026-04-29,2.78,401,BDT,Taka,2.78,2.22,3.12,401,320,450,2026-04-29,2026,https://www.combien-coute.net/cigarette/bangladesh/,https://www.combien-coute.net/cigarette/bangladesh/,detail
Barbade,pays_ou_region,,,Marlboro,2026-04-24,7.32,17,$ (BBD),Dollar de Barbade,7.32,6.42,8.56,17,15,20,2026-04-24,2026,https://www.combien-coute.net/cigarette/barbade/,https://www.combien-coute.net/cigarette/barbade/,detail
Belgique,pays_ou_region,,,Marlboro,2026-04-26,11.5,,,,11.5,10,13,,,,2026-04-26,2026,https://www.combien-coute.net/cigarette/belgique/,https://www.combien-coute.net/cigarette/belgique/,detail
Belize,pays_ou_region,,,Marlboro,2026-04-26,4.27,10,$ (BZD),Dollar de Belize,4.27,3.4,6.82,10,8,16,2026-04-26,2026,https://www.combien-coute.net/cigarette/belize/,https://www.combien-coute.net/cigarette/belize/,detail
Bermudes,pays_ou_region,,,Marlboro,2026-04-29,15.37,18,$ (BMD),dollar des Bermudes,15.37,13.66,17.07,18,16,20,2026-04-29,2026,https://www.combien-coute.net/cigarette/bermudes/,https://www.combien-coute.net/cigarette/bermudes/,detail
Bhoutan,pays_ou_region,,,Marlboro,2026-04-23,2.97,326,BTN,Ngultrum,2.97,1.83,3.65,326,201,401,2026-04-23,2026,https://www.combien-coute.net/cigarette/bhoutan/,https://www.combien-coute.net/cigarette/bhoutan/,detail
Birmanie (Myanmar),pays_ou_region,,,Marlboro,2026-04-30,1.4,3440,MMK,kyat,1.4,0.86,1.71,3440,2113,4202,2026-04-30,2026,https://www.combien-coute.net/cigarette/birmanie/,https://www.combien-coute.net/cigarette/birmanie/,detail
Biélorussie,pays_ou_region,,,Marlboro,2026-04-26,2.11,7,BYN,rouble biélorusse,2.11,1.81,2.56,7,6,8,2026-04-26,2026,https://www.combien-coute.net/cigarette/bielorussie/,https://www.combien-coute.net/cigarette/bielorussie/,detail
Bolivie,pays_ou_region,,,Marlboro,2026-04-29,2.47,20,BOB,Boliviano,2.47,1.85,3.09,20,15,25,2026-04-29,2026,https://www.combien-coute.net/cigarette/bolivie/,https://www.combien-coute.net/cigarette/bolivie/,detail
Bora Bora,pays_ou_region,,,Marlboro,2017-11-22,7.48,893,F CFP (XPF),franc pacifique,7.48,7.33,7.63,893,875,910,2017-11-22,2026,https://www.combien-coute.net/cigarette/bora-bora/,https://www.combien-coute.net/cigarette/bora-bora/,detail
Bornéo - partie indonésienne (Kalimantan),pays_ou_region,,,Marlboro,2026-04-25,1.63,32874,IDR,Monnaie,1.63,1.48,2.22,32874,29849,44773,2026-04-25,2026,https://www.combien-coute.net/cigarette/kalimantan-borneo/,https://www.combien-coute.net/cigarette/kalimantan-borneo/,detail
Bosnie-Herzégovine,pays_ou_region,,,Marlboro,2026-04-26,3.32,7,BAM,mark convertible,3.32,3.07,3.58,7,6,7,2026-04-26,2026,https://www.combien-coute.net/cigarette/bosnie-herzegovine/,https://www.combien-coute.net/cigarette/bosnie-herzegovine/,detail
Botswana,pays_ou_region,,,Marlboro,2026-04-25,3.16,50,BWP,Pula,3.16,2.84,4.8,50,45,76,2026-04-25,2026,https://www.combien-coute.net/cigarette/botswana/,https://www.combien-coute.net/cigarette/botswana/,detail
Bourgogne,pays_ou_region,,,Marlboro,2015-07-01,11.85,,,,11.85,11,16,,,,2015-07-01,2026,https://www.combien-coute.net/cigarette/bourgogne/,https://www.combien-coute.net/cigarette/bourgogne/,detail
Bretagne,pays_ou_region,,,Marlboro,2015-07-01,11.45,,,,11.45,9,14,,,,2015-07-01,2026,https://www.combien-coute.net/cigarette/bretagne/,https://www.combien-coute.net/cigarette/bretagne/,detail
Brunei,pays_ou_region,,,Marlboro,2026-05-01,10.04,15,$ (BND),Dollar de Brunei,10.04,6.69,13.38,15,10,20,2026-05-01,2026,https://www.combien-coute.net/cigarette/brunei/,https://www.combien-coute.net/cigarette/brunei/,detail
Brésil,pays_ou_region,,,Marlboro,2026-04-29,2.13,12,BRL,Real,2.13,1.71,3.42,12,10,20,2026-04-29,2026,https://www.combien-coute.net/cigarette/bresil/,https://www.combien-coute.net/cigarette/bresil/,detail
Bulgarie,pays_ou_region,,,Marlboro,2026-04-25,3.43,7,BGN,Lev,3.43,3.07,4.09,7,6,8,2026-04-25,2026,https://www.combien-coute.net/cigarette/bulgarie/,https://www.combien-coute.net/cigarette/bulgarie/,detail
Burkina Faso,pays_ou_region,,,Marlboro,2026-04-26,1.3,853,F CFA (XOF),Franc CFA,1.3,1.07,1.71,853,702,1122,2026-04-26,2026,https://www.combien-coute.net/cigarette/burkina-faso/,https://www.combien-coute.net/cigarette/burkina-faso/,detail
Burundi,pays_ou_region,,,Marlboro,2026-05-01,2.07,7189,BIF,Franc du Burundi,2.07,,,7189,,,2026-05-01,2026,https://www.combien-coute.net/cigarette/burundi/,https://www.combien-coute.net/cigarette/burundi/,detail
Bénin,pays_ou_region,,,Marlboro,2026-04-26,1.72,1128,F CFA (XOF),Franc CFA-BCEAO,1.72,0.38,3.05,1128,249,2001,2026-04-26,2026,https://www.combien-coute.net/cigarette/benin/,https://www.combien-coute.net/cigarette/benin/,detail
Californie,pays_ou_region,,,Marlboro,2026-04-24,10.27,12,$ (USD),dollar américain,10.27,8.56,11.98,12,10,14,2026-04-24,2026,https://www.combien-coute.net/cigarette/californie/,https://www.combien-coute.net/cigarette/californie/,detail
Cambodge,pays_ou_region,,,Marlboro,2026-04-29,1.49,6987,KHR,Riel,1.49,1.07,2.13,6987,5017,9988,2026-04-29,2026,https://www.combien-coute.net/cigarette/cambodge/,https://www.combien-coute.net/cigarette/cambodge/,detail
Cameroun,pays_ou_region,,,Marlboro,2026-04-30,1.52,997,F CFA (XAF),Franc CFA,1.52,1.52,3.05,997,997,2001,2026-04-30,2026,https://www.combien-coute.net/cigarette/cameroun/,https://www.combien-coute.net/cigarette/cameroun/,detail
Canada,pays_ou_region,,,Marlboro,2026-04-25,12.47,20,$ (CAD),Dollar canadien,12.47,9.98,15.59,20,16,25,2026-04-25,2026,https://www.combien-coute.net/cigarette/canada/,https://www.combien-coute.net/cigarette/canada/,detail
Canaries,pays_ou_region,,,Marlboro,2026-04-30,4.13,,,,4.13,4.13,6,,,,2026-04-30,2026,https://www.combien-coute.net/cigarette/iles-canaries/,https://www.combien-coute.net/cigarette/iles-canaries/,detail
Cap-Vert,pays_ou_region,,,Marlboro,2026-04-26,4.53,501,CVE,escudo du Cap-Vert,4.53,4.08,6.08,501,451,673,2026-04-26,2026,https://www.combien-coute.net/cigarette/cap-vert/,https://www.combien-coute.net/cigarette/cap-vert/,detail
Cebu (îles des Visayas),pays_ou_region,,,Marlboro,2026,2.64,2,₱ (PHP),Peso philippin,2.64,2.21,2.95,2,1,2,,2026,https://www.combien-coute.net/cigarette/cebu/,https://www.combien-coute.net/cigarette/cebu/,detail
Centre-Val de Loire,pays_ou_region,,,Marlboro,2015-07-01,12.13,,,,12.13,10,20,,,,2015-07-01,2026,https://www.combien-coute.net/cigarette/centre/,https://www.combien-coute.net/cigarette/centre/,detail
Champagne-Ardenne,pays_ou_region,,,Marlboro,2015-07-01,9.74,,,,9.74,1.57,18,,,,2015-07-01,2026,https://www.combien-coute.net/cigarette/champagne-ardenne/,https://www.combien-coute.net/cigarette/champagne-ardenne/,detail
Charentes (Charente-Maritime et Charente),pays_ou_region,,,Marlboro,2026,10.46,,,,10.46,8,13,,,,,2026,https://www.combien-coute.net/cigarette/charentes/,https://www.combien-coute.net/cigarette/charentes/,detail
Chili,pays_ou_region,,,Marlboro,2026-04-26,4.77,5014,CLP,Peso chilien,4.77,4.29,5.72,5014,4509,6012,2026-04-26,2026,https://www.combien-coute.net/cigarette/chili/,https://www.combien-coute.net/cigarette/chili/,detail
Chine,pays_ou_region,,,Marlboro,2026-05-01,3.12,25,Ұ (CNY),Yuan Ren Min Bi,3.12,2.5,4.37,25,20,35,2026-05-01,2026,https://www.combien-coute.net/cigarette/chine/,https://www.combien-coute.net/cigarette/chine/,detail
Chypre,pays_ou_region,,,Marlboro,2026-04-25,5,,,,5,4.8,6,,,,2026-04-25,2026,https://www.combien-coute.net/cigarette/chypre/,https://www.combien-coute.net/cigarette/chypre/,detail
Colombie,pays_ou_region,,,Marlboro,2026-04-24,2.89,12084,COP,Peso colombien,2.89,2.17,3.61,12084,9074,15095,2026-04-24,2026,https://www.combien-coute.net/cigarette/colombie/,https://www.combien-coute.net/cigarette/colombie/,detail
Congo-Brazzaville (République du Congo),pays_ou_region,,,Marlboro,2026-04-23,2.78,7558,CDF,Franc congolais,2.78,,,7558,,,2026-04-23,2026,https://www.combien-coute.net/cigarette/congo/,https://www.combien-coute.net/cigarette/congo/,detail
Corse,pays_ou_region,,,Marlboro,2015-07-01,10.25,,,,10.25,9,13,,,,2015-07-01,2026,https://www.combien-coute.net/cigarette/corse/,https://www.combien-coute.net/cigarette/corse/,detail
Corée du Sud,pays_ou_region,,,Marlboro,2026-05-01,2.6,4507,￦ (KRW),Won,2.6,2.6,2.89,4507,4507,5010,2026-05-01,2026,https://www.combien-coute.net/cigarette/coree-du-sud/,https://www.combien-coute.net/cigarette/coree-du-sud/,detail
Costa Rica,pays_ou_region,,,Marlboro,2026-04-25,4.69,2494,CRC,Colon de Costa Rica,4.69,4.27,5.62,2494,2271,2989,2026-04-25,2026,https://www.combien-coute.net/cigarette/costa-rica/,https://www.combien-coute.net/cigarette/costa-rica/,detail
Croatie,pays_ou_region,,,Marlboro,2026-04-26,5,38,HRK,Kuna,5,4.8,6,38,36,45,2026-04-26,2026,https://www.combien-coute.net/cigarette/croatie/,https://www.combien-coute.net/cigarette/croatie/,detail
Crète,pays_ou_region,,,Marlboro,2026-05-01,4.5,,,,4.5,4,5,,,,2026-05-01,2026,https://www.combien-coute.net/cigarette/crete/,https://www.combien-coute.net/cigarette/crete/,detail
Cuba,pays_ou_region,,,Marlboro,2026-04-25,2.99,3,CUC,Peso cubain,2.99,2.56,3.41,3,3,4,2026-04-25,2026,https://www.combien-coute.net/cigarette/cuba/,https://www.combien-coute.net/cigarette/cuba/,detail
Côte d'Ivoire,pays_ou_region,,,Marlboro,2026-04-29,1.52,995,F CFA (XOF),Franc CFA,1.52,1.22,1.52,995,798,995,2026-04-29,2026,https://www.combien-coute.net/cigarette/cote-d-ivoire/,https://www.combien-coute.net/cigarette/cote-d-ivoire/,detail
Côte d’Azur et Provence,pays_ou_region,,,Marlboro,2015-07-01,11.65,,,,11.65,8,16,,,,2015-07-01,2026,https://www.combien-coute.net/cigarette/provence-alpes-c-te-d-azur/,https://www.combien-coute.net/cigarette/provence-alpes-c-te-d-azur/,detail
Danemark,pays_ou_region,,,Marlboro,2026-04-27,8.43,63,DKK,Couronne danoise,8.43,8.03,10.04,63,60,75,2026-04-27,2026,https://www.combien-coute.net/cigarette/danemark/,https://www.combien-coute.net/cigarette/danemark/,detail
Djibouti,pays_ou_region,,,Marlboro,2026-04-29,2.31,482,DJF,Franc de Djibouti,2.31,1.68,2.95,482,351,616,2026-04-29,2026,https://www.combien-coute.net/cigarette/djibouti/,https://www.combien-coute.net/cigarette/djibouti/,detail
Dominique,pays_ou_region,,,Marlboro,2026-04-29,6.32,20,$ (XCD),Dollar des Caraïbes de l'est,6.32,,,20,,,2026-04-29,2026,https://www.combien-coute.net/cigarette/dominique/,https://www.combien-coute.net/cigarette/dominique/,detail
Drôme,pays_ou_region,,,Marlboro,2026,12.35,,,,12.35,11.2,13.7,,,,,2026,https://www.combien-coute.net/cigarette/drome/,https://www.combien-coute.net/cigarette/drome/,detail
Espagne,pays_ou_region,,,Marlboro,2026-04-27,5.82,,,,5.82,5,7,,,,2026-04-27,2026,https://www.combien-coute.net/cigarette/espagne/,https://www.combien-coute.net/cigarette/espagne/,detail
Estonie,pays_ou_region,,,Marlboro,2026-04-29,6,,,,6,5.5,6.5,,,,2026-04-29,2026,https://www.combien-coute.net/cigarette/estonie/,https://www.combien-coute.net/cigarette/estonie/,detail
Finlande,pays_ou_region,,,Marlboro,2026-04-27,11.1,,,,11.1,10,13,,,,2026-04-27,2026,https://www.combien-coute.net/cigarette/finlande/,https://www.combien-coute.net/cigarette/finlande/,detail
Floride,pays_ou_region,,,Marlboro,2026-04-23,7.75,9,$ (USD),dollar américain,7.75,7.75,10.25,9,9,12,2026-04-23,2026,https://www.combien-coute.net/cigarette/floride/,https://www.combien-coute.net/cigarette/floride/,detail
France,pays_ou_region,,,Marlboro,2026-05-01,12.5,,,,12.5,11,14,,,,2026-05-01,2026,https://www.combien-coute.net/cigarette/france/,https://www.combien-coute.net/cigarette/france/,detail
Franche-Comté,pays_ou_region,,,Marlboro,2015-07-01,11.33,,,,11.33,10,14,,,,2015-07-01,2026,https://www.combien-coute.net/cigarette/franche-comte/,https://www.combien-coute.net/cigarette/franche-comte/,detail
Gabon,pays_ou_region,,,Marlboro,2026-04-30,2.29,1503,F CFA (XAF),Franc CFA-BEAC,2.29,1.83,2.29,1503,1201,1503,2026-04-30,2026,https://www.combien-coute.net/cigarette/gabon/,https://www.combien-coute.net/cigarette/gabon/,detail
Gambie,pays_ou_region,,,Marlboro,2026-04-26,1.45,125,GMD,Dalasie,1.45,1.39,1.74,125,120,150,2026-04-26,2026,https://www.combien-coute.net/cigarette/gambie/,https://www.combien-coute.net/cigarette/gambie/,detail
Ghana,pays_ou_region,,,Marlboro,2026-04-23,1.36,18,GHS,Cedi,1.36,1.21,2.99,18,16,39,2026-04-23,2026,https://www.combien-coute.net/cigarette/ghana/,https://www.combien-coute.net/cigarette/ghana/,detail
Gironde,pays_ou_region,,,Marlboro,2015-07-01,11.75,,,,11.75,11,14,,,,2015-07-01,2026,https://www.combien-coute.net/cigarette/aquitaine/,https://www.combien-coute.net/cigarette/aquitaine/,detail
Grande Canarie,pays_ou_region,,,Marlboro,2026-04-24,4,,,,4,3.8,4.6,,,,2026-04-24,2026,https://www.combien-coute.net/cigarette/grande-canarie/,https://www.combien-coute.net/cigarette/grande-canarie/,detail
Groenland,pays_ou_region,,,Marlboro,2026-04-23,12.04,90,DKK,Couronne danoise,12.04,10.71,13.38,90,80,100,2026-04-23,2026,https://www.combien-coute.net/cigarette/groenland/,https://www.combien-coute.net/cigarette/groenland/,detail
Grèce,pays_ou_region,,,Marlboro,2026-04-27,4.8,,,,4.8,4.5,6,,,,2026-04-27,2026,https://www.combien-coute.net/cigarette/grece/,https://www.combien-coute.net/cigarette/grece/,detail
Guadeloupe,pays_ou_region,,,Marlboro,2026-04-29,10.5,,,,10.5,,,,,,2026-04-29,2026,https://www.combien-coute.net/cigarette/guadeloupe/,https://www.combien-coute.net/cigarette/guadeloupe/,detail
Guatemala,pays_ou_region,,,Marlboro,2026-04-26,3.35,30,GTQ,Quetzal,3.35,2.79,3.91,30,25,35,2026-04-26,2026,https://www.combien-coute.net/cigarette/guatemala/,https://www.combien-coute.net/cigarette/guatemala/,detail
Guinée,pays_ou_region,,,Marlboro,2026-04-30,0.99,10167,GNF,Franc guinéen,0.99,0.86,1.03,10167,8832,10578,2026-04-30,2026,https://www.combien-coute.net/cigarette/guinee/,https://www.combien-coute.net/cigarette/guinee/,detail
Guyana,pays_ou_region,,,Marlboro,2026-04-30,2.09,511,$ (GYD),Dollar guyanais,2.09,1.88,2.87,511,460,702,2026-04-30,2026,https://www.combien-coute.net/cigarette/guyana/,https://www.combien-coute.net/cigarette/guyana/,detail
Guyane Française,pays_ou_region,,,Marlboro,2026-04-30,8,,,,8,6,9,,,,2026-04-30,2026,https://www.combien-coute.net/cigarette/guyane-francaise/,https://www.combien-coute.net/cigarette/guyane-francaise/,detail
Géorgie,pays_ou_region,,,Marlboro,2026-04-30,2.67,8,GEL,Lari,2.67,2.55,3.18,8,8,10,2026-04-30,2026,https://www.combien-coute.net/cigarette/georgie/,https://www.combien-coute.net/cigarette/georgie/,detail
Hautes-Vosges (massif des Vosges),pays_ou_region,,,Marlboro,2026,6.4,,,,6.4,6.4,7.2,,,,,2026,https://www.combien-coute.net/cigarette/vosges/,https://www.combien-coute.net/cigarette/vosges/,detail
Hawai,pays_ou_region,,,Marlboro,2026-05-01,10.71,13,$ (USD),dollar américain,10.71,10.23,13.64,13,12,16,2026-05-01,2026,https://www.combien-coute.net/cigarette/hawai/,https://www.combien-coute.net/cigarette/hawai/,detail
Haïti,pays_ou_region,,,Marlboro,2026-05-01,3.41,521,HTG,Gourde,3.41,1.63,3.9,521,249,596,2026-05-01,2026,https://www.combien-coute.net/cigarette/haiti/,https://www.combien-coute.net/cigarette/haiti/,detail
Honduras,pays_ou_region,,,Marlboro,2026-04-27,2.41,75,HNL,Lempira,2.41,2.22,2.57,75,69,80,2026-04-27,2026,https://www.combien-coute.net/cigarette/honduras/,https://www.combien-coute.net/cigarette/honduras/,detail
Hongrie,pays_ou_region,,,Marlboro,2026-04-27,6.83,2494,Ft (HUF),Forint,6.83,6.02,8.21,2494,2198,2998,2026-04-27,2026,https://www.combien-coute.net/cigarette/hongrie/,https://www.combien-coute.net/cigarette/hongrie/,detail
Inde,pays_ou_region,,,Marlboro,2026-04-24,3.18,350,Rs. (INR),Roupie indienne,3.18,2.27,3.64,350,250,401,2026-04-24,2026,https://www.combien-coute.net/cigarette/inde/,https://www.combien-coute.net/cigarette/inde/,detail
Indonésie,pays_ou_region,,,Marlboro,2026-04-23,2.23,44972,IDR,Monnaie,2.23,1.74,2.73,44972,35090,55056,2026-04-23,2026,https://www.combien-coute.net/cigarette/indonesie/,https://www.combien-coute.net/cigarette/indonesie/,detail
Iran,pays_ou_region,,,Marlboro,2026-05-01,1.87,2870899,IRR,Rial iranien,1.87,1.36,2.66,2870899,2087926,4083738,2026-05-01,2026,https://www.combien-coute.net/cigarette/iran/,https://www.combien-coute.net/cigarette/iran/,detail
Irlande,pays_ou_region,,,Marlboro,2026-04-25,18,,,,18,15.45,20,,,,2026-04-25,2026,https://www.combien-coute.net/cigarette/irlande/,https://www.combien-coute.net/cigarette/irlande/,detail
Irlande du nord,pays_ou_region,,,Marlboro,2026-05-01,20.29,18,£ (GBP),livre sterling,20.29,16.23,20.87,18,14,18,2026-05-01,2026,https://www.combien-coute.net/cigarette/irlande-du-nord/,https://www.combien-coute.net/cigarette/irlande-du-nord/,detail
Islande,pays_ou_region,,,Marlboro,2026-04-27,12.18,1751,ISK,Couronne islandaise,12.18,10.44,13.16,1751,1501,1892,2026-04-27,2026,https://www.combien-coute.net/cigarette/islande/,https://www.combien-coute.net/cigarette/islande/,detail
Israël (et Palestine),pays_ou_region,,,Marlboro,2026-04-26,11.43,40,₪ (ILS),Shekel,11.43,10,12.86,40,35,45,2026-04-26,2026,https://www.combien-coute.net/cigarette/isra-l-palestine/,https://www.combien-coute.net/cigarette/isra-l-palestine/,detail
Italie,pays_ou_region,,,Marlboro,2026-04-27,6,,,,6,5.5,7,,,,2026-04-27,2026,https://www.combien-coute.net/cigarette/italie/,https://www.combien-coute.net/cigarette/italie/,detail
Jamaïque,pays_ou_region,,,Marlboro,2026-04-24,8.61,1602,$ (JMD),Dollar jamaïcain,8.61,7.54,16.15,1602,1403,3006,2026-04-24,2026,https://www.combien-coute.net/cigarette/jamaique/,https://www.combien-coute.net/cigarette/jamaique/,detail
Japon,pays_ou_region,,,Marlboro,2026-04-25,3.32,619,¥ (JPY),Yen,3.32,3.1,3.75,619,578,699,2026-04-25,2026,https://www.combien-coute.net/cigarette/japon/,https://www.combien-coute.net/cigarette/japon/,detail
Java,pays_ou_region,,,Marlboro,2026-04-25,2.47,49815,IDR,Monnaie,2.47,2.08,2.97,49815,41950,59900,2026-04-25,2026,https://www.combien-coute.net/cigarette/java/,https://www.combien-coute.net/cigarette/java/,detail
Jordanie,pays_ou_region,,,Marlboro,2026-04-26,3.01,3,JOD,Dinar jordanien,3.01,3.01,3.61,3,3,3,2026-04-26,2026,https://www.combien-coute.net/cigarette/jordanie/,https://www.combien-coute.net/cigarette/jordanie/,detail
Kazakhstan,pays_ou_region,,,Marlboro,2026-04-30,1.98,1062,KZT,Tenge,1.98,1.76,2.4,1062,944,1287,2026-04-30,2026,https://www.combien-coute.net/cigarette/kazakhstan/,https://www.combien-coute.net/cigarette/kazakhstan/,detail
Kenya,pays_ou_region,,,Marlboro,2026-04-30,2.65,400,KES,Shilling kenyan,2.65,1.99,3.32,400,301,502,2026-04-30,2026,https://www.combien-coute.net/cigarette/kenya/,https://www.combien-coute.net/cigarette/kenya/,detail
Kerala,pays_ou_region,,,Marlboro,2026-04-25,3.3,364,Rs. (INR),Roupie indienne,3.3,3.26,4.53,364,359,499,2026-04-25,2026,https://www.combien-coute.net/cigarette/kerala/,https://www.combien-coute.net/cigarette/kerala/,detail
Kirghizistan,pays_ou_region,,,Marlboro,2026-05-01,1.56,159,KGS,som,1.56,1.46,2.44,159,149,249,2026-05-01,2026,https://www.combien-coute.net/cigarette/kirghizistan/,https://www.combien-coute.net/cigarette/kirghizistan/,detail
Koweït,pays_ou_region,,,Marlboro,2026-04-24,2.5,1,KWD,Dinar koweïtien,2.5,2.36,2.78,1,1,1,2026-04-24,2026,https://www.combien-coute.net/cigarette/koweit/,https://www.combien-coute.net/cigarette/koweit/,detail
Landes,pays_ou_region,,,Marlboro,2026,11.38,,,,11.38,11,14,,,,,2026,https://www.combien-coute.net/cigarette/landes/,https://www.combien-coute.net/cigarette/landes/,detail
Languedoc-Roussillon (côte méditerranéenne),pays_ou_region,,,Marlboro,2015-07-01,12.33,,,,12.33,11,17,,,,2015-07-01,2026,https://www.combien-coute.net/cigarette/languedoc-roussillon/,https://www.combien-coute.net/cigarette/languedoc-roussillon/,detail
Laos,pays_ou_region,,,Marlboro,2026-05-01,1.7,43598,₭ (LAK),kip,1.7,1.55,1.94,43598,39751,49753,2026-05-01,2026,https://www.combien-coute.net/cigarette/laos/,https://www.combien-coute.net/cigarette/laos/,detail
Laponie,pays_ou_region,,,Marlboro,2026-04-23,14.14,,,,14.14,13.4,15.33,,,,2026-04-23,2026,https://www.combien-coute.net/cigarette/laponie/,https://www.combien-coute.net/cigarette/laponie/,detail
Lesotho,pays_ou_region,,,Marlboro,2026-04-30,4.33,84,LSL,Loti,4.33,,,84,,,2026-04-30,2026,https://www.combien-coute.net/cigarette/lesotho/,https://www.combien-coute.net/cigarette/lesotho/,detail
Lettonie,pays_ou_region,,,Marlboro,2026-04-27,5,,,,5,4.5,6,,,,2026-04-27,2026,https://www.combien-coute.net/cigarette/lettonie/,https://www.combien-coute.net/cigarette/lettonie/,detail
Liban,pays_ou_region,,,Marlboro,2026-04-26,2.47,258868,£ (LBP),Livre libanaise,2.47,1.71,3.41,258868,179217,357385,2026-04-26,2026,https://www.combien-coute.net/cigarette/liban/,https://www.combien-coute.net/cigarette/liban/,detail
Libye,pays_ou_region,,,Marlboro,2026-04-26,1.62,12,LYD,Dinar libyen,1.62,1.35,2.02,12,10,15,2026-04-26,2026,https://www.combien-coute.net/cigarette/libye/,https://www.combien-coute.net/cigarette/libye/,detail
Limousin,pays_ou_region,,,Marlboro,2015-07-01,12.5,,,,12.5,12,13,,,,2015-07-01,2026,https://www.combien-coute.net/cigarette/limousin/,https://www.combien-coute.net/cigarette/limousin/,detail
Lituanie,pays_ou_region,,,Marlboro,2026-04-28,5.2,,,,5.2,5,6,,,,2026-04-28,2026,https://www.combien-coute.net/cigarette/lituanie/,https://www.combien-coute.net/cigarette/lituanie/,detail
Lorraine,pays_ou_region,,,Marlboro,2015-07-01,11.69,,,,11.69,9,16,,,,2015-07-01,2026,https://www.combien-coute.net/cigarette/lorraine/,https://www.combien-coute.net/cigarette/lorraine/,detail
Louisiane,pays_ou_region,,,Marlboro,2026-04-24,7.7,9,$ (USD),dollar américain,7.7,7.27,8.9,9,9,10,2026-04-24,2026,https://www.combien-coute.net/cigarette/louisiane/,https://www.combien-coute.net/cigarette/louisiane/,detail
Luxembourg,pays_ou_region,,,Marlboro,2026-04-27,6.5,,,,6.5,6,9,,,,2026-04-27,2026,https://www.combien-coute.net/cigarette/luxembourg/,https://www.combien-coute.net/cigarette/luxembourg/,detail
"Lyonnais (Rhône, Loire, Ain)",pays_ou_region,,,Marlboro,2026,12,,,,12,11,13.7,,,,,2026,https://www.combien-coute.net/cigarette/lyonnais/,https://www.combien-coute.net/cigarette/lyonnais/,detail
Macédoine du Nord,pays_ou_region,,,Marlboro,2026-04-27,2.92,180,MKD,Denar,2.92,2.56,3.25,180,158,200,2026-04-27,2026,https://www.combien-coute.net/cigarette/macedoine/,https://www.combien-coute.net/cigarette/macedoine/,detail
Madagascar,pays_ou_region,,,Marlboro,2026-04-27,1.63,7927,MGA,Ariary (depuis 2004),1.63,1.34,3.09,7927,6517,15027,2026-04-27,2026,https://www.combien-coute.net/cigarette/madagascar/,https://www.combien-coute.net/cigarette/madagascar/,detail
Madère,pays_ou_region,,,Marlboro,2026-05-01,5,,,,5,4.95,5.1,,,,2026-05-01,2026,https://www.combien-coute.net/cigarette/madere/,https://www.combien-coute.net/cigarette/madere/,detail
Malaisie,pays_ou_region,,,Marlboro,2026-04-26,3.87,18,MYR,Ringgit,3.87,3.74,4.63,18,17,22,2026-04-26,2026,https://www.combien-coute.net/cigarette/malaisie/,https://www.combien-coute.net/cigarette/malaisie/,detail
Malawi,pays_ou_region,,,Marlboro,2026-04-30,2.03,4135,MWK,Kwacha du Malawi,2.03,0.63,2.08,4135,1283,4237,2026-04-30,2026,https://www.combien-coute.net/cigarette/malawi/,https://www.combien-coute.net/cigarette/malawi/,detail
Maldives,pays_ou_region,,,Marlboro,2026-04-30,12.75,230,MVR,Rufiyaa,12.75,6.93,13.71,230,125,247,2026-04-30,2026,https://www.combien-coute.net/cigarette/maldives/,https://www.combien-coute.net/cigarette/maldives/,detail
Mali,pays_ou_region,,,Marlboro,2026-04-29,0.83,543,F CFA (XOF),Franc CFA-BCEAO,0.83,0.8,0.85,543,523,556,2026-04-29,2026,https://www.combien-coute.net/cigarette/mali/,https://www.combien-coute.net/cigarette/mali/,detail
Malte,pays_ou_region,,,Marlboro,2026-04-27,6,,,,6,5.5,6.95,,,,2026-04-27,2026,https://www.combien-coute.net/cigarette/malte/,https://www.combien-coute.net/cigarette/malte/,detail
Maroc,pays_ou_region,,,Marlboro,2026-04-22,3.68,40,MAD,Dirham marocain,3.68,3.22,4.15,40,35,45,2026-04-22,2026,https://www.combien-coute.net/cigarette/maroc/,https://www.combien-coute.net/cigarette/maroc/,detail
Martinique,pays_ou_region,,,Marlboro,2026-04-23,10.6,,,,10.6,10.2,11,,,,2026-04-23,2026,https://www.combien-coute.net/cigarette/martinique/,https://www.combien-coute.net/cigarette/martinique/,detail
Mauritanie,pays_ou_region,,,Marlboro,2026-04-27,2.14,100,MRU,Ouguiya,2.14,2.14,2.16,100,100,101,2026-04-27,2026,https://www.combien-coute.net/cigarette/mauritanie/,https://www.combien-coute.net/cigarette/mauritanie/,detail
Mexique,pays_ou_region,,,Marlboro,2026-04-28,3.93,80,MXN,Nouveau Peso mexicain,3.93,3.68,4.91,80,75,100,2026-04-28,2026,https://www.combien-coute.net/cigarette/mexique/,https://www.combien-coute.net/cigarette/mexique/,detail
Micronésie,pays_ou_region,,,Marlboro,2026-04-30,11.56,14,$ (USD),Dollar des Etats-Unis,11.56,7.71,15.42,14,9,18,2026-04-30,2026,https://www.combien-coute.net/cigarette/micronesie/,https://www.combien-coute.net/cigarette/micronesie/,detail
Midi-Toulousain,pays_ou_region,,,Marlboro,2026,12.12,,,,12.12,11,14,,,,,2026,https://www.combien-coute.net/cigarette/midi-toulousain/,https://www.combien-coute.net/cigarette/midi-toulousain/,detail
Moldavie,pays_ou_region,,,Marlboro,2026-04-30,2.98,60,MDL,Leu,2.98,2.69,3.73,60,54,75,2026-04-30,2026,https://www.combien-coute.net/cigarette/moldavie/,https://www.combien-coute.net/cigarette/moldavie/,detail
Mongolie,pays_ou_region,,,Marlboro,2026-04-25,1.53,6395,₮ (MNT),Tugrik,1.53,1.31,1.67,6395,5476,6980,2026-04-25,2026,https://www.combien-coute.net/cigarette/mongolie/,https://www.combien-coute.net/cigarette/mongolie/,detail
Monténégro,pays_ou_region,,,Marlboro,2026-04-27,3.6,,,,3.6,3.3,4,,,,2026-04-27,2026,https://www.combien-coute.net/cigarette/montenegro/,https://www.combien-coute.net/cigarette/montenegro/,detail
Mozambique,pays_ou_region,,,Marlboro,2026-04-24,2.21,165,MZN,Metical,2.21,1.07,2.68,165,80,201,2026-04-24,2026,https://www.combien-coute.net/cigarette/mozambique/,https://www.combien-coute.net/cigarette/mozambique/,detail
Namibie,pays_ou_region,,,Marlboro,2026-04-23,2.78,54,$ (NAD),Dollar namibien,2.78,2.18,3.58,54,42,69,2026-04-23,2026,https://www.combien-coute.net/cigarette/namibie/,https://www.combien-coute.net/cigarette/namibie/,detail
Nicaragua,pays_ou_region,,,Marlboro,2026-04-25,2.71,116,NIO,Cordoba,2.71,2.33,3.06,116,100,131,2026-04-25,2026,https://www.combien-coute.net/cigarette/nicaragua/,https://www.combien-coute.net/cigarette/nicaragua/,detail
Niger,pays_ou_region,,,Marlboro,2026-04-28,2.29,1503,F CFA (XOF),Franc CFA-BCEAO,2.29,,,1503,,,2026-04-28,2026,https://www.combien-coute.net/cigarette/niger/,https://www.combien-coute.net/cigarette/niger/,detail
Nord de la France,pays_ou_region,,,Marlboro,2015-07-01,12.5,,,,12.5,11,18,,,,2015-07-01,2026,https://www.combien-coute.net/cigarette/nord-pas-de-calais/,https://www.combien-coute.net/cigarette/nord-pas-de-calais/,detail
Normandie,pays_ou_region,,,Marlboro,2015-07-01,11.18,,,,11.18,9.5,13,,,,2015-07-01,2026,https://www.combien-coute.net/cigarette/normandie/,https://www.combien-coute.net/cigarette/normandie/,detail
Norvège,pays_ou_region,,,Marlboro,2026-04-28,15.26,166,NOK,Couronne norvégienne,15.26,13.68,17.35,166,149,189,2026-04-28,2026,https://www.combien-coute.net/cigarette/norvege/,https://www.combien-coute.net/cigarette/norvege/,detail
Nouvelle-Calédonie,pays_ou_region,,,Marlboro,2026-04-23,16.93,2020,F CFP (XPF),franc pacifique,16.93,15.08,19.69,2020,1799,2349,2026-04-23,2026,https://www.combien-coute.net/cigarette/nouvelle-caledonie/,https://www.combien-coute.net/cigarette/nouvelle-caledonie/,detail
Nouvelle-Zélande,pays_ou_region,,,Marlboro,2026-04-24,20.99,42,$ (NZD),dollar néo-zélandais,20.99,17.79,25.05,42,35,50,2026-04-24,2026,https://www.combien-coute.net/cigarette/nouvelle-zelande/,https://www.combien-coute.net/cigarette/nouvelle-zelande/,detail
Népal,pays_ou_region,,,Marlboro,2026-04-23,2.28,401,NPR,Roupie népalaise,2.28,1.83,2.85,401,322,501,2026-04-23,2026,https://www.combien-coute.net/cigarette/nepal/,https://www.combien-coute.net/cigarette/nepal/,detail
Oman,pays_ou_region,,,Marlboro,2026-04-23,5.33,2,OMR,Rial omani,5.33,4.89,6.66,2,2,3,2026-04-23,2026,https://www.combien-coute.net/cigarette/oman/,https://www.combien-coute.net/cigarette/oman/,detail
Ouganda,pays_ou_region,,,Marlboro,2026-04-30,2.41,10487,UGX,Shilling ougandais,2.41,2.3,4.6,10487,10008,20017,2026-04-30,2026,https://www.combien-coute.net/cigarette/ouganda/,https://www.combien-coute.net/cigarette/ouganda/,detail
Ouzbékistan,pays_ou_region,,,Marlboro,2026-04-23,1.77,25113,UZS,Sum,1.77,1.42,2.83,25113,20148,40153,2026-04-23,2026,https://www.combien-coute.net/cigarette/ouzbekistan/,https://www.combien-coute.net/cigarette/ouzbekistan/,detail
Pakistan,pays_ou_region,,,Marlboro,2026-04-27,1.84,25873,UZS,Sum,1.84,1.29,2.45,25873,18139,34450,2026-04-27,2026,https://www.combien-coute.net/cigarette/pakistan/,https://www.combien-coute.net/cigarette/pakistan/,detail
Palawan,pays_ou_region,,,Marlboro,2026,2.32,2,₱ (PHP),Peso philippin,2.32,1.64,2.78,2,2,2,,2026,https://www.combien-coute.net/cigarette/palawan/,https://www.combien-coute.net/cigarette/palawan/,detail
Panama,pays_ou_region,,,Marlboro,2026-04-23,5.12,6,PAB,Balboa,5.12,4.27,5.55,6,5,7,2026-04-23,2026,https://www.combien-coute.net/cigarette/panama/,https://www.combien-coute.net/cigarette/panama/,detail
Papouasie-Nouvelle-Guinée,pays_ou_region,,,Marlboro,2026-04-30,5.52,28,PGK,kina,5.52,4.26,9.27,28,22,47,2026-04-30,2026,https://www.combien-coute.net/cigarette/papouasie-nouvelle-guinee/,https://www.combien-coute.net/cigarette/papouasie-nouvelle-guinee/,detail
Paraguay,pays_ou_region,,,Marlboro,2026-04-30,1.5,10999,₲ (PYG),Guarani,1.5,1.09,2.19,10999,7992,16058,2026-04-30,2026,https://www.combien-coute.net/cigarette/paraguay/,https://www.combien-coute.net/cigarette/paraguay/,detail
Pays Basque,pays_ou_region,,,Marlboro,2026,11.75,,,,11.75,11,14,,,,,2026,https://www.combien-coute.net/cigarette/pays-basque/,https://www.combien-coute.net/cigarette/pays-basque/,detail
Pays de Galles,pays_ou_region,,,Marlboro,2026-04-28,20.21,18,£ (GBP),livre sterling,20.21,16.17,20.79,18,14,18,2026-04-28,2026,https://www.combien-coute.net/cigarette/pays-de-galles/,https://www.combien-coute.net/cigarette/pays-de-galles/,detail
Pays de la Loire,pays_ou_region,,,Marlboro,2015-07-01,10.97,,,,10.97,6,14,,,,2015-07-01,2026,https://www.combien-coute.net/cigarette/pays-de-la-loire/,https://www.combien-coute.net/cigarette/pays-de-la-loire/,detail
Pays-Bas,pays_ou_region,,,Marlboro,2026-04-27,12.5,,,,12.5,11,13,,,,2026-04-27,2026,https://www.combien-coute.net/cigarette/pays-bas/,https://www.combien-coute.net/cigarette/pays-bas/,detail
Philippines,pays_ou_region,,,Marlboro,2026-04-25,2.53,180,₱ (PHP),Peso philippin,2.53,1.97,2.88,180,140,204,2026-04-25,2026,https://www.combien-coute.net/cigarette/philippines/,https://www.combien-coute.net/cigarette/philippines/,detail
Picardie,pays_ou_region,,,Marlboro,2015-07-01,12.5,,,,12.5,12,18,,,,2015-07-01,2026,https://www.combien-coute.net/cigarette/picardie/,https://www.combien-coute.net/cigarette/picardie/,detail
Poitou,pays_ou_region,,,Marlboro,2015-07-01,11.75,,,,11.75,11.5,13,,,,2015-07-01,2026,https://www.combien-coute.net/cigarette/poitou-charentes/,https://www.combien-coute.net/cigarette/poitou-charentes/,detail
Pologne,pays_ou_region,,,Marlboro,2026-04-27,4.9,21,złoty (PLN),Nouveau Sloty,4.9,4.36,5.89,21,19,25,2026-04-27,2026,https://www.combien-coute.net/cigarette/pologne/,https://www.combien-coute.net/cigarette/pologne/,detail
Polynésie française,pays_ou_region,,,Marlboro,2026-04-25,10.43,1247,F CFP (XPF),franc pacifique,10.43,9.13,12.57,1247,1092,1503,2026-04-25,2026,https://www.combien-coute.net/cigarette/polynesie-francaise/,https://www.combien-coute.net/cigarette/polynesie-francaise/,detail
Porto Rico,pays_ou_region,,,Marlboro,2026-05-01,10.14,12,$ (USD),dollar américain,10.14,8.95,11.93,12,10,14,2026-05-01,2026,https://www.combien-coute.net/cigarette/porto-rico/,https://www.combien-coute.net/cigarette/porto-rico/,detail
Portugal,pays_ou_region,,,Marlboro,2026-04-27,5.6,,,,5.6,5,6,,,,2026-04-27,2026,https://www.combien-coute.net/cigarette/portugal/,https://www.combien-coute.net/cigarette/portugal/,detail
Pyrénées françaises,pays_ou_region,,,Marlboro,2015-07-01,11,,,,11,10,11.5,,,,2015-07-01,2026,https://www.combien-coute.net/cigarette/midi-pyrenees/,https://www.combien-coute.net/cigarette/midi-pyrenees/,detail
Pérou,pays_ou_region,,,Marlboro,2026-04-29,4.87,20,PEN,Nouveau Sol,4.87,3.9,7.31,20,16,30,2026-04-29,2026,https://www.combien-coute.net/cigarette/perou/,https://www.combien-coute.net/cigarette/perou/,detail
Qatar,pays_ou_region,,,Marlboro,2026-04-25,5.38,23,QAR,Riyal qatarien,5.38,4.68,5.85,23,20,25,2026-04-25,2026,https://www.combien-coute.net/cigarette/qatar/,https://www.combien-coute.net/cigarette/qatar/,detail
Québec,pays_ou_region,,,Marlboro,2026-04-23,13,21,$ (CAD),Dollar canadien,13,9.37,13.12,21,15,21,2026-04-23,2026,https://www.combien-coute.net/cigarette/quebec/,https://www.combien-coute.net/cigarette/quebec/,detail
Rajasthan,pays_ou_region,,,Marlboro,2026-04-25,3.24,357,Rs. (INR),Roupie indienne,3.24,2.72,3.63,357,300,400,2026-04-25,2026,https://www.combien-coute.net/cigarette/rajasthan/,https://www.combien-coute.net/cigarette/rajasthan/,detail
Roumanie,pays_ou_region,,,Marlboro,2026-04-29,5.49,28,RON,Leu,5.49,4.91,6.08,28,25,31,2026-04-29,2026,https://www.combien-coute.net/cigarette/roumanie/,https://www.combien-coute.net/cigarette/roumanie/,detail
Royaume-Uni,pays_ou_region,,,Marlboro,2026-04-28,20.21,18,£ (GBP),livre sterling,18.81,4.83,28.74,18,14,18,2026-04-28,2026,https://www.combien-coute.net/cigarette/royaume-uni/,https://www.combien-coute.net/cigarette/royaume-uni/,detail
Russie,pays_ou_region,,,Marlboro,2026-04-29,2.83,249,₽ (RUB),Rouble russe,2.83,2.27,3.4,249,199,299,2026-04-29,2026,https://www.combien-coute.net/cigarette/russie/,https://www.combien-coute.net/cigarette/russie/,detail
Rwanda,pays_ou_region,,,Marlboro,2026-04-30,1.46,2495,RWF,Franc du Rwanda,1.46,1.17,2.93,2495,1999,5007,2026-04-30,2026,https://www.combien-coute.net/cigarette/rwanda/,https://www.combien-coute.net/cigarette/rwanda/,detail
Région parisienne (Île-de-France),pays_ou_region,,,Marlboro,2015-07-01,11,,,,11,6.5,14,,,,2015-07-01,2026,https://www.combien-coute.net/cigarette/ile-de-france/,https://www.combien-coute.net/cigarette/ile-de-france/,detail
République Dominicaine,pays_ou_region,,,Marlboro,2026-04-30,4.76,330,DOP,peso dominicain,4.76,4.33,5.05,330,300,350,2026-04-30,2026,https://www.combien-coute.net/cigarette/republique-dominicaine/,https://www.combien-coute.net/cigarette/republique-dominicaine/,detail
République tchèque,pays_ou_region,,,Marlboro,2026-04-29,6.57,160,CZK,couronne tchèque,6.57,6.16,8.21,160,150,200,2026-04-29,2026,https://www.combien-coute.net/cigarette/republique-tcheque/,https://www.combien-coute.net/cigarette/republique-tcheque/,detail
Réunion,pays_ou_region,,,Marlboro,2026-04-30,13,,,,13,12,15,,,,2026-04-30,2026,https://www.combien-coute.net/cigarette/la-reunion/,https://www.combien-coute.net/cigarette/la-reunion/,detail
Saint-Vincent-et-les-Grenadines,pays_ou_region,,,Marlboro,2026-04-26,3.47,11,$ (XCD),dollar des Caraïbes orientales,3.47,3.16,3.79,11,10,12,2026-04-26,2026,https://www.combien-coute.net/cigarette/saint-vincent-et-les-grenadine/,https://www.combien-coute.net/cigarette/saint-vincent-et-les-grenadine/,detail
Sainte-Lucie,pays_ou_region,,,Marlboro,2026-04-28,6.31,20,$ (XCD),dollar des Caraïbes orientales,6.31,5.05,7.89,20,16,25,2026-04-28,2026,https://www.combien-coute.net/cigarette/sainte-lucie/,https://www.combien-coute.net/cigarette/sainte-lucie/,detail
Salvador,pays_ou_region,,,Marlboro,2026-04-30,3.43,4,$ (USD),Dollar américain,3.43,3.43,3.85,4,4,5,2026-04-30,2026,https://www.combien-coute.net/cigarette/salvador/,https://www.combien-coute.net/cigarette/salvador/,detail
Sardaigne,pays_ou_region,,,Marlboro,2026-04-28,6.5,,,,6.5,5.5,7,,,,2026-04-28,2026,https://www.combien-coute.net/cigarette/sardaigne/,https://www.combien-coute.net/cigarette/sardaigne/,detail
Serbie,pays_ou_region,,,Marlboro,2026-04-28,3.83,450,RSD,Nouveau Dinar,3.83,3.58,4.26,450,420,500,2026-04-28,2026,https://www.combien-coute.net/cigarette/serbie/,https://www.combien-coute.net/cigarette/serbie/,detail
Seychelles,pays_ou_region,,,Marlboro,2026-05-01,22.96,367,SCR,Roupie des Seychelles,22.96,12.41,25.57,367,198,409,2026-05-01,2026,https://www.combien-coute.net/cigarette/seychelles/,https://www.combien-coute.net/cigarette/seychelles/,detail
Sicile,pays_ou_region,,,Marlboro,2026-04-23,6,,,,6,5.5,6.5,,,,2026-04-23,2026,https://www.combien-coute.net/cigarette/sicile/,https://www.combien-coute.net/cigarette/sicile/,detail
Sierra Leone,pays_ou_region,,,Marlboro,2026-04-30,2.57,62894,SLL,Leone,2.57,,,62894,,,2026-04-30,2026,https://www.combien-coute.net/cigarette/sierra-leone/,https://www.combien-coute.net/cigarette/sierra-leone/,detail
Singapour,pays_ou_region,,,Marlboro,2026-04-23,11.8,18,$ (SGD),Dollar de Singapour,11.8,10.71,13.39,18,16,20,2026-04-23,2026,https://www.combien-coute.net/cigarette/singapour/,https://www.combien-coute.net/cigarette/singapour/,detail
Slovaquie,pays_ou_region,,,Marlboro,2026-04-29,5.4,,,,5.4,5,6,,,,2026-04-29,2026,https://www.combien-coute.net/cigarette/slovaquie/,https://www.combien-coute.net/cigarette/slovaquie/,detail
Slovénie,pays_ou_region,,,Marlboro,2026-04-29,5.4,,,,5.4,5,5.6,,,,2026-04-29,2026,https://www.combien-coute.net/cigarette/slovenie/,https://www.combien-coute.net/cigarette/slovenie/,detail
Sri Lanka,pays_ou_region,,,Marlboro,2026-04-24,8.63,3222,LKR,Roupie cingalaise,8.63,8.09,9.71,3222,3020,3625,2026-04-24,2026,https://www.combien-coute.net/cigarette/sri-lanka/,https://www.combien-coute.net/cigarette/sri-lanka/,detail
Suisse,pays_ou_region,,,Marlboro,2026-04-29,9.74,9,CHF,Franc suisse,9.74,9.74,10.82,9,9,10,2026-04-29,2026,https://www.combien-coute.net/cigarette/suisse/,https://www.combien-coute.net/cigarette/suisse/,detail
Sulawesi (Célèbes),pays_ou_region,,,Marlboro,2026-04-25,2.27,45782,IDR,Monnaie,2.27,,,45782,,,2026-04-25,2026,https://www.combien-coute.net/cigarette/sulawesi-celebes/,https://www.combien-coute.net/cigarette/sulawesi-celebes/,detail
Sumatra,pays_ou_region,,,Marlboro,2026-04-28,2.63,53094,IDR,Monnaie,2.63,1.98,4.31,53094,39972,87010,2026-04-28,2026,https://www.combien-coute.net/cigarette/sumatra/,https://www.combien-coute.net/cigarette/sumatra/,detail
Surinam,pays_ou_region,,,Marlboro,2026-05-01,5.15,225,$ (SRD),dollar de Surinam,5.15,3.2,8.52,225,140,372,2026-05-01,2026,https://www.combien-coute.net/cigarette/surinam/,https://www.combien-coute.net/cigarette/surinam/,detail
Suède,pays_ou_region,,,Marlboro,2026-04-30,7.17,78,SEK,Couronne suédoise,7.17,6.43,7.9,78,70,86,2026-04-30,2026,https://www.combien-coute.net/cigarette/suede/,https://www.combien-coute.net/cigarette/suede/,detail
Swaziland (Eswatini),pays_ou_region,,,Marlboro,2026-04-28,2.58,50,SZL,Lilangeni,2.58,2.48,4.96,50,48,97,2026-04-28,2026,https://www.combien-coute.net/cigarette/swaziland/,https://www.combien-coute.net/cigarette/swaziland/,detail
Sénégal,pays_ou_region,,,Marlboro,2026-04-30,1.52,995,F CFA (XOF),Franc CFA-BCEAO,1.52,1.52,2.29,995,995,1499,2026-04-30,2026,https://www.combien-coute.net/cigarette/senegal/,https://www.combien-coute.net/cigarette/senegal/,detail
Tadjikistan,pays_ou_region,,,Marlboro,2026-05-01,1.82,20,TJS,Somoni,1.82,1.82,2.73,20,20,30,2026-05-01,2026,https://www.combien-coute.net/cigarette/tadjikistan/,https://www.combien-coute.net/cigarette/tadjikistan/,detail
Tahiti,pays_ou_region,,,Marlboro,2026-04-25,10.39,1242,F CFP (XPF),franc pacifique,10.39,9.13,12.57,1242,1092,1503,2026-04-25,2026,https://www.combien-coute.net/cigarette/tahiti/,https://www.combien-coute.net/cigarette/tahiti/,detail
Tanzanie,pays_ou_region,,,Marlboro,2026-05-01,1.64,4986,TZS,Shilling tanzanien,1.64,1.31,2.45,4986,3983,7448,2026-05-01,2026,https://www.combien-coute.net/cigarette/tanzanie/,https://www.combien-coute.net/cigarette/tanzanie/,detail
Tasmanie,pays_ou_region,,,Marlboro,2026-04-24,31.74,52,$ (AUD),Dollar australien,31.74,29.91,31.74,52,49,52,2026-04-24,2026,https://www.combien-coute.net/cigarette/tasmanie/,https://www.combien-coute.net/cigarette/tasmanie/,detail
Taïwan,pays_ou_region,,,Marlboro,2026-04-24,3.39,125,NT$ (TWD),nouveau dollar de Taïwan,3.39,2.98,4.34,125,110,160,2026-04-24,2026,https://www.combien-coute.net/cigarette/taiwan/,https://www.combien-coute.net/cigarette/taiwan/,detail
Tenerife,pays_ou_region,,,Marlboro,2026-04-24,5,,,,5,4.5,6,,,,2026-04-24,2026,https://www.combien-coute.net/cigarette/tenerife/,https://www.combien-coute.net/cigarette/tenerife/,detail
Thaïlande,pays_ou_region,,,Marlboro,2026-04-24,3.84,146,฿ (THB),Bath,3.84,2.64,4.35,146,100,165,2026-04-24,2026,https://www.combien-coute.net/cigarette/thailande/,https://www.combien-coute.net/cigarette/thailande/,detail
Timor Oriental,pays_ou_region,,,Marlboro,2026-04-23,2.35,3,$ (USD),dollar américain,2.35,1.71,2.99,3,2,4,2026-04-23,2026,https://www.combien-coute.net/cigarette/timor-oriental/,https://www.combien-coute.net/cigarette/timor-oriental/,detail
Togo,pays_ou_region,,,Marlboro,2026-04-30,1.22,799,F CFA (XOF),Franc CFA-BCEAO,1.22,,,799,,,2026-04-30,2026,https://www.combien-coute.net/cigarette/togo/,https://www.combien-coute.net/cigarette/togo/,detail
Trinité-et-Tobago,pays_ou_region,,,Marlboro,2026-04-30,4.41,35,$ (TTD),dollar trinidadien,4.41,3.78,5.42,35,30,43,2026-04-30,2026,https://www.combien-coute.net/cigarette/trinite-et-tobago/,https://www.combien-coute.net/cigarette/trinite-et-tobago/,detail
Tunisie,pays_ou_region,,,Marlboro,2026-04-26,3.07,10,TND,Dinar tunisien,3.07,2.93,3.51,10,10,12,2026-04-26,2026,https://www.combien-coute.net/cigarette/tunisie/,https://www.combien-coute.net/cigarette/tunisie/,detail
Turkménistan,pays_ou_region,,,Marlboro,2026-05-01,21.88,90,TMT,Manat du Turkménistan,21.88,14.59,24.31,90,60,99,2026-05-01,2026,https://www.combien-coute.net/cigarette/turkmenistan/,https://www.combien-coute.net/cigarette/turkmenistan/,detail
Turquie,pays_ou_region,,,Marlboro,2026-04-28,1.89,100,£ (TRY),Livre turque,1.89,1.7,2.18,100,90,115,2026-04-28,2026,https://www.combien-coute.net/cigarette/turquie/,https://www.combien-coute.net/cigarette/turquie/,detail
Ukraine,pays_ou_region,,,Marlboro,2026-04-29,2.42,125,₴ (UAH),Hryvnia,2.42,2.13,3,125,110,155,2026-04-29,2026,https://www.combien-coute.net/cigarette/ukraine/,https://www.combien-coute.net/cigarette/ukraine/,detail
Uruguay,pays_ou_region,,,Marlboro,2026-04-26,4.75,221,UYU,Nouveau Peso uruguayen,4.75,4.31,5.61,221,200,260,2026-04-26,2026,https://www.combien-coute.net/cigarette/uruguay/,https://www.combien-coute.net/cigarette/uruguay/,detail
Vanuatu,pays_ou_region,,,Marlboro,2026-05-01,8.89,1228,VUV,Vatu,8.89,7.85,15.7,1228,1084,2169,2026-05-01,2026,https://www.combien-coute.net/cigarette/vanuatu/,https://www.combien-coute.net/cigarette/vanuatu/,detail
Venezuela,pays_ou_region,,,Marlboro,2026-05-01,3.41,1932,VES,Bolivar,3.41,2.39,4.26,1932,1354,2414,2026-05-01,2026,https://www.combien-coute.net/cigarette/venezuela/,https://www.combien-coute.net/cigarette/venezuela/,detail
Vietnam,pays_ou_region,,,Marlboro,2026-04-26,1.13,34918,VND,Dong,1.13,0.97,1.62,34918,29974,50060,2026-04-26,2026,https://www.combien-coute.net/cigarette/vietnam/,https://www.combien-coute.net/cigarette/vietnam/,detail
Yémen,pays_ou_region,,,Marlboro,2026-04-26,4.28,1197,YER,Riyal yéménite,4.28,2.68,5.12,1197,750,1432,2026-04-26,2026,https://www.combien-coute.net/cigarette/yemen/,https://www.combien-coute.net/cigarette/yemen/,detail
Zambie,pays_ou_region,,,Marlboro,2026-04-28,1.94,20483,ZMK,Kwacha de Zambie,1.94,1.55,3.29,20483,16365,34736,2026-04-28,2026,https://www.combien-coute.net/cigarette/zambie/,https://www.combien-coute.net/cigarette/zambie/,detail
Zimbabwe,pays_ou_region,,,Marlboro,2026-04-24,1.52,2,US$ (USD),Dollar américain,1.52,0.86,2.05,2,1,2,2026-04-24,2026,https://www.combien-coute.net/cigarette/zimbabwe/,https://www.combien-coute.net/cigarette/zimbabwe/,detail
Écosse,pays_ou_region,,,Marlboro,2026-04-29,20.19,17,£ (GBP),livre sterling,20.19,16.16,20.77,17,14,18,2026-04-29,2026,https://www.combien-coute.net/cigarette/ecosse/,https://www.combien-coute.net/cigarette/ecosse/,detail
Égypte,pays_ou_region,,,Marlboro,2026-04-24,1.63,99,£ (EGP),Livre égyptienne,1.63,1.38,1.95,99,84,119,2026-04-24,2026,https://www.combien-coute.net/cigarette/egypte/,https://www.combien-coute.net/cigarette/egypte/,detail
Émirats arabes unis,pays_ou_region,,,Marlboro,2026-04-25,5.34,23,AED,Dirham des Emirats arabes unis,5.34,4.64,6.97,23,20,30,2026-04-25,2026,https://www.combien-coute.net/cigarette/emirats-arabes-unis/,https://www.combien-coute.net/cigarette/emirats-arabes-unis/,detail
Équateur,pays_ou_region,,,Marlboro,2026-04-26,5.12,6,$ (USD),Dollar des Etats-Unis,5.12,3.41,5.97,6,4,7,2026-04-26,2026,https://www.combien-coute.net/cigarette/equateur/,https://www.combien-coute.net/cigarette/equateur/,detail
États-Unis,pays_ou_region,,,Marlboro,2026-04-23,8.88,10,$ (USD),dollar américain,8.88,7.26,16.23,10,9,19,2026-04-23,2026,https://www.combien-coute.net/cigarette/etats-unis/,https://www.combien-coute.net/cigarette/etats-unis/,detail
Éthiopie,pays_ou_region,,,Marlboro,2026-05-01,6.05,1109,ETB,Birr,6.05,3.41,7.46,1109,625,1367,2026-05-01,2026,https://www.combien-coute.net/cigarette/ethiopie/,https://www.combien-coute.net/cigarette/ethiopie/,detail
Îles Caïmans,pays_ou_region,,,Marlboro,2026-04-28,12.26,12,$ (KYD),Dollar des îles Caïmans,12.26,10.22,17.37,12,10,17,2026-04-28,2026,https://www.combien-coute.net/cigarette/iles-caimans/,https://www.combien-coute.net/cigarette/iles-caimans/,detail
Îles Fidji,pays_ou_region,,,Marlboro,2026-04-24,8.54,22,$ (FJD),dollar de Fidji,8.54,6.99,9.7,22,18,25,2026-04-24,2026,https://www.combien-coute.net/cigarette/iles-fidji/,https://www.combien-coute.net/cigarette/iles-fidji/,detail
Îles Turques-et-Caïques,pays_ou_region,,,Marlboro,2026-01-28,5.81,7,$ (USD),Dollar américain,5.81,,,7,,,2026-01-28,2026,https://www.combien-coute.net/cigarette/iles-turques-et-caiques/,https://www.combien-coute.net/cigarette/iles-turques-et-caiques/,detail
Îles cook,pays_ou_region,,,Marlboro,2026-04-25,10.03,20,NZ$ (NZD),Dollar des îles Cook,10.03,,,20,,,2026-04-25,2026,https://www.combien-coute.net/cigarette/iles-cook/,https://www.combien-coute.net/cigarette/iles-cook/,detail
île Maurice,pays_ou_region,,,Marlboro,2026-04-28,5.48,300,MUR,roupie mauricienne,5.48,4.57,6.4,300,250,351,2026-04-28,2026,https://www.combien-coute.net/cigarette/ile-maurice/,https://www.combien-coute.net/cigarette/ile-maurice/,detail
île de Bohol,pays_ou_region,,,Marlboro,2026,2.16,2,₱ (PHP),Peso philippin,2.16,2.16,2.71,2,2,2,,2026,https://www.combien-coute.net/cigarette/bohol/,https://www.combien-coute.net/cigarette/bohol/,detail
île de Grenade,pays_ou_region,,,Marlboro,2026-04-28,4.73,15,XCD,dollar des Caraïbes orientales,4.73,4.73,7.89,15,15,25,2026-04-28,2026,https://www.combien-coute.net/cigarette/grenade/,https://www.combien-coute.net/cigarette/grenade/,detail
îles Samoa,pays_ou_region,,,Marlboro,2026-04-26,5.28,17,WS$ (WST),Tala,5.28,,,17,,,2026-04-26,2026,https://www.combien-coute.net/cigarette/iles-samoa/,https://www.combien-coute.net/cigarette/iles-samoa/,detail
îles Tonga,pays_ou_region,,,Marlboro,2026-04-29,8.69,24,T$ (TOP),paʻanga,8.69,8.51,8.86,24,24,25,2026-04-29,2026,https://www.combien-coute.net/cigarette/iles-tonga/,https://www.combien-coute.net/cigarette/iles-tonga/,detail
Bloemfontein,ville,Afrique du Sud,afrique-du-sud,Marlboro,2026-04-16,2.33,45,ZAR,Rand,2.33,1.59,2.69,45,31,52,2026-04-16,2026,https://www.combien-coute.net/cigarette/afrique-du-sud/bloemfontein/,https://www.combien-coute.net/cigarette/afrique-du-sud/bloemfontein/,detail
Durban,ville,Afrique du Sud,afrique-du-sud,Marlboro,2025-11-25,2.76,55,ZAR,Rand,2.76,2.61,3.51,55,52,70,2025-11-25,2026,https://www.combien-coute.net/cigarette/afrique-du-sud/durban/,https://www.combien-coute.net/cigarette/afrique-du-sud/durban/,detail
East London,ville,Afrique du Sud,afrique-du-sud,Marlboro,2025-11-25,2.41,48,ZAR,Rand,2.41,2.26,3.26,48,45,65,2025-11-25,2026,https://www.combien-coute.net/cigarette/afrique-du-sud/east-london/,https://www.combien-coute.net/cigarette/afrique-du-sud/east-london/,detail
Ermelo,ville,Afrique du Sud,afrique-du-sud,Marlboro,2024-01-22,2.67,55,ZAR,Rand,2.67,2.67,2.67,55,55,55,2024-01-22,2026,https://www.combien-coute.net/cigarette/afrique-du-sud/ermelo/,https://www.combien-coute.net/cigarette/afrique-du-sud/ermelo/,detail
Hermanus,ville,Afrique du Sud,afrique-du-sud,Marlboro,2026-04-26,3.35,65,ZAR,Rand,3.35,,,65,,,2026-04-26,2026,https://www.combien-coute.net/cigarette/afrique-du-sud/hermanus/,https://www.combien-coute.net/cigarette/afrique-du-sud/hermanus/,detail
Johannesbourg,ville,Afrique du Sud,afrique-du-sud,Marlboro,2025-11-25,2.78,55,ZAR,Rand,2.78,2.41,3.51,55,48,70,2025-11-25,2026,https://www.combien-coute.net/cigarette/afrique-du-sud/johannesburg/,https://www.combien-coute.net/cigarette/afrique-du-sud/johannesburg/,detail
Kimberley,ville,Afrique du Sud,afrique-du-sud,Marlboro,2026-04-19,2.73,52,ZAR,Rand,2.73,2.34,3.12,52,45,60,2026-04-19,2026,https://www.combien-coute.net/cigarette/afrique-du-sud/kimberley/,https://www.combien-coute.net/cigarette/afrique-du-sud/kimberley/,detail
Knysna,ville,Afrique du Sud,afrique-du-sud,Marlboro,2026-04-26,2.76,54,ZAR,Rand,2.76,2.48,3.35,54,48,65,2026-04-26,2026,https://www.combien-coute.net/cigarette/afrique-du-sud/knysna/,https://www.combien-coute.net/cigarette/afrique-du-sud/knysna/,detail
Mossel Bay,ville,Afrique du Sud,afrique-du-sud,Marlboro,2025-11-25,3.01,60,ZAR,Rand,3.01,1.65,3.01,60,33,60,2025-11-25,2026,https://www.combien-coute.net/cigarette/afrique-du-sud/mossel-bay/,https://www.combien-coute.net/cigarette/afrique-du-sud/mossel-bay/,detail
Nelspruit,ville,Afrique du Sud,afrique-du-sud,Marlboro,2026-04-26,2.32,45,ZAR,Rand,2.32,2.06,3.35,45,40,65,2026-04-26,2026,https://www.combien-coute.net/cigarette/afrique-du-sud/nelspruit/,https://www.combien-coute.net/cigarette/afrique-du-sud/nelspruit/,detail
Paarl,ville,Afrique du Sud,afrique-du-sud,Marlboro,2025-11-25,2.51,50,ZAR,Rand,2.51,2.26,3.26,50,45,65,2025-11-25,2026,https://www.combien-coute.net/cigarette/afrique-du-sud/paarl/,https://www.combien-coute.net/cigarette/afrique-du-sud/paarl/,detail
Pietersburg,ville,Afrique du Sud,afrique-du-sud,Marlboro,2026-04-17,2.32,45,ZAR,Rand,2.32,1.81,3.61,45,35,70,2026-04-17,2026,https://www.combien-coute.net/cigarette/afrique-du-sud/pietersburg/,https://www.combien-coute.net/cigarette/afrique-du-sud/pietersburg/,detail
Plettenberg Bay,ville,Afrique du Sud,afrique-du-sud,Marlboro,2025-11-25,2.33,46,ZAR,Rand,2.33,1.91,3.26,46,38,65,2025-11-25,2026,https://www.combien-coute.net/cigarette/afrique-du-sud/plettenberg-bay/,https://www.combien-coute.net/cigarette/afrique-du-sud/plettenberg-bay/,detail
Port Elizabeth (Afrique du Sud),ville,Afrique du Sud,afrique-du-sud,Marlboro,2025-11-24,2.67,53,ZAR,Rand,2.67,2.4,3.25,53,48,65,2025-11-24,2026,https://www.combien-coute.net/cigarette/afrique-du-sud/port-elizabeth/,https://www.combien-coute.net/cigarette/afrique-du-sud/port-elizabeth/,detail
Port Shepstone,ville,Afrique du Sud,afrique-du-sud,Marlboro,2026-04-16,3.11,60,ZAR,Rand,3.11,2.69,3.62,60,52,70,2026-04-16,2026,https://www.combien-coute.net/cigarette/afrique-du-sud/port-shepstone/,https://www.combien-coute.net/cigarette/afrique-du-sud/port-shepstone/,detail
Potchefstroom,ville,Afrique du Sud,afrique-du-sud,Marlboro,2025-11-25,2.71,54,ZAR,Rand,2.71,2.26,4.21,54,45,84,2025-11-25,2026,https://www.combien-coute.net/cigarette/afrique-du-sud/potchefstroom/,https://www.combien-coute.net/cigarette/afrique-du-sud/potchefstroom/,detail
Pretoria,ville,Afrique du Sud,afrique-du-sud,Marlboro,2026-04-22,2.79,54,ZAR,Rand,2.79,2.58,4.34,54,50,84,2026-04-22,2026,https://www.combien-coute.net/cigarette/afrique-du-sud/pretoria/,https://www.combien-coute.net/cigarette/afrique-du-sud/pretoria/,detail
Richards Bay,ville,Afrique du Sud,afrique-du-sud,Marlboro,2026-04-26,2.22,43,ZAR,Rand,2.22,2.06,3.61,43,40,70,2026-04-26,2026,https://www.combien-coute.net/cigarette/afrique-du-sud/richards-bay/,https://www.combien-coute.net/cigarette/afrique-du-sud/richards-bay/,detail
Rustenburg,ville,Afrique du Sud,afrique-du-sud,Marlboro,2025-11-25,2.26,45,ZAR,Rand,2.26,2.26,2.51,45,45,50,2025-11-25,2026,https://www.combien-coute.net/cigarette/afrique-du-sud/rustenburg/,https://www.combien-coute.net/cigarette/afrique-du-sud/rustenburg/,detail
Standerton,ville,Afrique du Sud,afrique-du-sud,Marlboro,2025-11-25,2.71,54,ZAR,Rand,2.71,2.26,4.21,54,45,84,2025-11-25,2026,https://www.combien-coute.net/cigarette/afrique-du-sud/standerton/,https://www.combien-coute.net/cigarette/afrique-du-sud/standerton/,detail
Stellenbosch,ville,Afrique du Sud,afrique-du-sud,Marlboro,2026-04-16,2.72,52,ZAR,Rand,2.72,2.07,3.62,52,40,70,2026-04-16,2026,https://www.combien-coute.net/cigarette/afrique-du-sud/stellenbosch/,https://www.combien-coute.net/cigarette/afrique-du-sud/stellenbosch/,detail
Upington,ville,Afrique du Sud,afrique-du-sud,Marlboro,2025-11-25,2.26,45,ZAR,Rand,2.26,2.01,2.51,45,40,50,2025-11-25,2026,https://www.combien-coute.net/cigarette/afrique-du-sud/upington/,https://www.combien-coute.net/cigarette/afrique-du-sud/upington/,detail
Vryheid,ville,Afrique du Sud,afrique-du-sud,Marlboro,2026-04-16,3.11,60,ZAR,Rand,3.11,2.69,3.62,60,52,70,2026-04-16,2026,https://www.combien-coute.net/cigarette/afrique-du-sud/vryheid/,https://www.combien-coute.net/cigarette/afrique-du-sud/vryheid/,detail
Welkom,ville,Afrique du Sud,afrique-du-sud,Marlboro,2025-11-25,2.01,40,ZAR,Rand,2.01,2.01,4.21,40,40,84,2025-11-25,2026,https://www.combien-coute.net/cigarette/afrique-du-sud/welkom/,https://www.combien-coute.net/cigarette/afrique-du-sud/welkom/,detail
Worcester,ville,Afrique du Sud,afrique-du-sud,Marlboro,2025-11-25,11.28,225,ZAR,Rand,11.28,9.54,13.01,225,190,259,2025-11-25,2026,https://www.combien-coute.net/cigarette/afrique-du-sud/worcester/,https://www.combien-coute.net/cigarette/afrique-du-sud/worcester/,detail
le Cap,ville,Afrique du Sud,afrique-du-sud,Marlboro,2025-11-24,2.75,55,ZAR,Rand,2.75,2.25,3.25,55,45,65,2025-11-24,2026,https://www.combien-coute.net/cigarette/afrique-du-sud/cap/,https://www.combien-coute.net/cigarette/afrique-du-sud/cap/,detail
Anchorage,ville,Alaska,alaska,Marlboro,2026-04-22,10.69,13,$ (USD),dollar américain,10.69,10.22,11.92,13,12,14,2026-04-22,2026,https://www.combien-coute.net/cigarette/alaska/anchorage/,https://www.combien-coute.net/cigarette/alaska/anchorage/,detail
Fairbanks,ville,Alaska,alaska,Marlboro,2026-04-17,9.5,11,$ (USD),dollar américain,9.5,8.49,10.19,11,10,12,2026-04-17,2026,https://www.combien-coute.net/cigarette/alaska/fairbanks/,https://www.combien-coute.net/cigarette/alaska/fairbanks/,detail
Kodiak,ville,Alaska,alaska,Marlboro,2017-11-21,4,4,$ (USD),dollar américain,4,,,4,,,2017-11-21,2026,https://www.combien-coute.net/cigarette/alaska/kodiak/,https://www.combien-coute.net/cigarette/alaska/kodiak/,detail
Apollonia,ville,Albanie,albanie,Marlboro,2024-08-28,3.19,319,ALL,Lek,3.19,2.99,3.79,319,299,380,2024-08-28,2026,https://www.combien-coute.net/cigarette/albanie/apollonia/,https://www.combien-coute.net/cigarette/albanie/apollonia/,detail
Bajram Curri,ville,Albanie,albanie,Marlboro,2026-04-14,3.74,358,ALL,Lek,3.74,3.53,4.15,358,338,397,2026-04-14,2026,https://www.combien-coute.net/cigarette/albanie/bajram-curri/,https://www.combien-coute.net/cigarette/albanie/bajram-curri/,detail
Berat,ville,Albanie,albanie,Marlboro,2026-04-24,3.98,380,ALL,Lek,3.98,3.35,4.71,380,320,450,2026-04-24,2026,https://www.combien-coute.net/cigarette/albanie/berat/,https://www.combien-coute.net/cigarette/albanie/berat/,detail
Bilisht,ville,Albanie,albanie,Marlboro,2025-11-25,3.63,351,ALL,Lek,3.63,3.32,3.94,351,321,381,2025-11-25,2026,https://www.combien-coute.net/cigarette/albanie/bilisht/,https://www.combien-coute.net/cigarette/albanie/bilisht/,detail
Butrint,ville,Albanie,albanie,Marlboro,2026-04-18,4.1,392,ALL,Lek,4.1,3.36,4.73,392,321,452,2026-04-18,2026,https://www.combien-coute.net/cigarette/albanie/butrint/,https://www.combien-coute.net/cigarette/albanie/butrint/,detail
Durrës,ville,Albanie,albanie,Marlboro,2026-04-24,3.77,360,ALL,Lek,3.77,3.56,4.19,360,340,400,2026-04-24,2026,https://www.combien-coute.net/cigarette/albanie/durres/,https://www.combien-coute.net/cigarette/albanie/durres/,detail
Elbasan,ville,Albanie,albanie,Marlboro,2026-04-14,3.63,347,ALL,Lek,3.63,3.32,5.19,347,318,497,2026-04-14,2026,https://www.combien-coute.net/cigarette/albanie/elbasan/,https://www.combien-coute.net/cigarette/albanie/elbasan/,detail
Fier,ville,Albanie,albanie,Marlboro,2025-11-25,3.83,370,ALL,Lek,3.83,3.63,4.35,370,351,421,2025-11-25,2026,https://www.combien-coute.net/cigarette/albanie/fier/,https://www.combien-coute.net/cigarette/albanie/fier/,detail
Koplik,ville,Albanie,albanie,Marlboro,2026-04-15,3.66,351,ALL,Lek,3.66,3.35,3.97,351,321,380,2026-04-15,2026,https://www.combien-coute.net/cigarette/albanie/koplik/,https://www.combien-coute.net/cigarette/albanie/koplik/,detail
Lushnje,ville,Albanie,albanie,Marlboro,2026-04-16,4.07,389,ALL,Lek,4.07,3.34,4.7,389,319,449,2026-04-16,2026,https://www.combien-coute.net/cigarette/albanie/lushnje/,https://www.combien-coute.net/cigarette/albanie/lushnje/,detail
Peshkopi,ville,Albanie,albanie,Marlboro,2026-04-14,3.63,347,ALL,Lek,3.63,3.32,3.94,347,318,377,2026-04-14,2026,https://www.combien-coute.net/cigarette/albanie/peshkopi/,https://www.combien-coute.net/cigarette/albanie/peshkopi/,detail
Rubik,ville,Albanie,albanie,Marlboro,2025-11-25,3.63,351,ALL,Lek,3.63,3.32,3.94,351,321,381,2025-11-25,2026,https://www.combien-coute.net/cigarette/albanie/rubik/,https://www.combien-coute.net/cigarette/albanie/rubik/,detail
Saranda,ville,Albanie,albanie,Marlboro,2026-04-24,4.09,390,ALL,Lek,4.09,3.35,4.99,390,320,476,2026-04-24,2026,https://www.combien-coute.net/cigarette/albanie/saranda/,https://www.combien-coute.net/cigarette/albanie/saranda/,detail
Shkodër,ville,Albanie,albanie,Marlboro,2026-04-24,3.67,350,ALL,Lek,3.67,3.35,4.09,350,320,390,2026-04-24,2026,https://www.combien-coute.net/cigarette/albanie/shkoder/,https://www.combien-coute.net/cigarette/albanie/shkoder/,detail
Tirana,ville,Albanie,albanie,Marlboro,2026-04-30,4.09,390,ALL,Lek,4.09,3.35,4.72,390,320,450,2026-04-30,2026,https://www.combien-coute.net/cigarette/albanie/tirana/,https://www.combien-coute.net/cigarette/albanie/tirana/,detail
Vlore,ville,Albanie,albanie,Marlboro,2026-04-24,3.67,350,ALL,Lek,3.67,3.35,3.98,350,320,380,2026-04-24,2026,https://www.combien-coute.net/cigarette/albanie/vlore/,https://www.combien-coute.net/cigarette/albanie/vlore/,detail
Alger,ville,Algérie,algerie,Marlboro,2026-04-17,2.76,430,DZD,Dinar algérien,2.76,1.8,3.1,430,281,483,2026-04-17,2026,https://www.combien-coute.net/cigarette/algerie/alger/,https://www.combien-coute.net/cigarette/algerie/alger/,detail
Annaba,ville,Algérie,algerie,Marlboro,2026-04-14,2.71,418,DZD,Dinar algérien,2.71,2.37,4.03,418,366,622,2026-04-14,2026,https://www.combien-coute.net/cigarette/algerie/annaba/,https://www.combien-coute.net/cigarette/algerie/annaba/,detail
Biskra,ville,Algérie,algerie,Marlboro,2026-04-22,3.28,511,DZD,Dinar algérien,3.28,3.06,3.5,511,476,545,2026-04-22,2026,https://www.combien-coute.net/cigarette/algerie/biskra/,https://www.combien-coute.net/cigarette/algerie/biskra/,detail
Blida,ville,Algérie,algerie,Marlboro,2026-04-15,2.45,382,DZD,Dinar algérien,2.45,1.8,3.1,382,281,483,2026-04-15,2026,https://www.combien-coute.net/cigarette/algerie/blida/,https://www.combien-coute.net/cigarette/algerie/blida/,detail
Constantine,ville,Algérie,algerie,Marlboro,2026-04-15,2.98,465,DZD,Dinar algérien,2.98,2.5,3,465,390,468,2026-04-15,2026,https://www.combien-coute.net/cigarette/algerie/constantine/,https://www.combien-coute.net/cigarette/algerie/constantine/,detail
Djelfa,ville,Algérie,algerie,Marlboro,2026-04-22,2.48,386,DZD,Dinar algérien,2.48,1.64,3.1,386,255,483,2026-04-22,2026,https://www.combien-coute.net/cigarette/algerie/djelfa/,https://www.combien-coute.net/cigarette/algerie/djelfa/,detail
Ghardaia,ville,Algérie,algerie,Marlboro,2017-11-21,1.7,230,DZD,Dinar algérien,1.7,1.7,1.7,230,230,230,2017-11-21,2026,https://www.combien-coute.net/cigarette/algerie/ghardaia/,https://www.combien-coute.net/cigarette/algerie/ghardaia/,detail
Jijel,ville,Algérie,algerie,Marlboro,2026-04-15,2.11,329,DZD,Dinar algérien,2.11,1.5,3.1,329,234,483,2026-04-15,2026,https://www.combien-coute.net/cigarette/algerie/jijel/,https://www.combien-coute.net/cigarette/algerie/jijel/,detail
Khenchela,ville,Algérie,algerie,Marlboro,2017-11-21,1.78,240,DZD,Dinar algérien,1.78,,,240,,,2017-11-21,2026,https://www.combien-coute.net/cigarette/algerie/khenchela/,https://www.combien-coute.net/cigarette/algerie/khenchela/,detail
Laghouat,ville,Algérie,algerie,Marlboro,2017-11-21,1.7,230,DZD,Dinar algérien,1.7,1.7,1.7,230,230,230,2017-11-21,2026,https://www.combien-coute.net/cigarette/algerie/laghouat/,https://www.combien-coute.net/cigarette/algerie/laghouat/,detail
M'Sila,ville,Algérie,algerie,Marlboro,2026-04-27,2.39,371,DZD,Dinar algérien,2.39,1.8,3.1,371,279,481,2026-04-27,2026,https://www.combien-coute.net/cigarette/algerie/msila/,https://www.combien-coute.net/cigarette/algerie/msila/,detail
Mostaganem,ville,Algérie,algerie,Marlboro,2026-04-15,2.27,354,DZD,Dinar algérien,2.27,1.8,3.1,354,281,483,2026-04-15,2026,https://www.combien-coute.net/cigarette/algerie/mostaganem/,https://www.combien-coute.net/cigarette/algerie/mostaganem/,detail
Oran,ville,Algérie,algerie,Marlboro,2025-11-23,2.33,351,DZD,Dinar algérien,2.33,2.14,2.6,351,322,391,2025-11-23,2026,https://www.combien-coute.net/cigarette/algerie/oran/,https://www.combien-coute.net/cigarette/algerie/oran/,detail
Sidi-Bel-Abbès,ville,Algérie,algerie,Marlboro,2026-04-15,1.7,265,DZD,Dinar algérien,1.7,1.7,2.6,265,265,405,2026-04-15,2026,https://www.combien-coute.net/cigarette/algerie/sidi-bel-abbes/,https://www.combien-coute.net/cigarette/algerie/sidi-bel-abbes/,detail
Skikda,ville,Algérie,algerie,Marlboro,2026-04-15,2.6,405,DZD,Dinar algérien,2.6,,,405,,,2026-04-15,2026,https://www.combien-coute.net/cigarette/algerie/skikda/,https://www.combien-coute.net/cigarette/algerie/skikda/,detail
Sétif,ville,Algérie,algerie,Marlboro,2026-04-19,2.39,373,DZD,Dinar algérien,2.39,1.8,3.1,373,281,484,2026-04-19,2026,https://www.combien-coute.net/cigarette/algerie/setif/,https://www.combien-coute.net/cigarette/algerie/setif/,detail
Tiaret,ville,Algérie,algerie,Marlboro,2026-04-16,2.49,388,DZD,Dinar algérien,2.49,1.8,3.1,388,280,483,2026-04-16,2026,https://www.combien-coute.net/cigarette/algerie/tiaret/,https://www.combien-coute.net/cigarette/algerie/tiaret/,detail
Aix-la-Chapelle,ville,Allemagne,allemagne,Marlboro,2026-04-14,9.02,,,,9.02,8.7,9.5,,,,2026-04-14,2026,https://www.combien-coute.net/cigarette/allemagne/aix-la-chapelle/,https://www.combien-coute.net/cigarette/allemagne/aix-la-chapelle/,detail
Augsbourg,ville,Allemagne,allemagne,Marlboro,2026-04-16,8.7,,,,8.7,8.7,9,,,,2026-04-16,2026,https://www.combien-coute.net/cigarette/allemagne/augsbourg/,https://www.combien-coute.net/cigarette/allemagne/augsbourg/,detail
Bamberg,ville,Allemagne,allemagne,Marlboro,2026-04-19,8.45,,,,8.45,8.2,8.7,,,,2026-04-19,2026,https://www.combien-coute.net/cigarette/allemagne/bamberg/,https://www.combien-coute.net/cigarette/allemagne/bamberg/,detail
Berlin,ville,Allemagne,allemagne,Marlboro,2026-04-30,9,,,,9,8.7,12,,,,2026-04-30,2026,https://www.combien-coute.net/cigarette/allemagne/berlin/,https://www.combien-coute.net/cigarette/allemagne/berlin/,detail
Bielefeld,ville,Allemagne,allemagne,Marlboro,2026-04-15,8.7,,,,8.7,8.7,13,,,,2026-04-15,2026,https://www.combien-coute.net/cigarette/allemagne/bielefeld/,https://www.combien-coute.net/cigarette/allemagne/bielefeld/,detail
Bonn,ville,Allemagne,allemagne,Marlboro,2026-04-14,8.7,,,,8.7,8,8.7,,,,2026-04-14,2026,https://www.combien-coute.net/cigarette/allemagne/bonn/,https://www.combien-coute.net/cigarette/allemagne/bonn/,detail
Bremerhaven,ville,Allemagne,allemagne,Marlboro,2026-04-14,8.7,,,,8.7,8.2,8.7,,,,2026-04-14,2026,https://www.combien-coute.net/cigarette/allemagne/bremerhaven/,https://www.combien-coute.net/cigarette/allemagne/bremerhaven/,detail
Brême,ville,Allemagne,allemagne,Marlboro,2026-04-17,8.85,,,,8.85,8.7,10,,,,2026-04-17,2026,https://www.combien-coute.net/cigarette/allemagne/breme/,https://www.combien-coute.net/cigarette/allemagne/breme/,detail
Cologne,ville,Allemagne,allemagne,Marlboro,2026-04-24,8.7,,,,8.7,8,9.05,,,,2026-04-24,2026,https://www.combien-coute.net/cigarette/allemagne/cologne/,https://www.combien-coute.net/cigarette/allemagne/cologne/,detail
Constance,ville,Allemagne,allemagne,Marlboro,2025-11-24,8.2,,,,8.2,8,8.7,,,,2025-11-24,2026,https://www.combien-coute.net/cigarette/allemagne/constance/,https://www.combien-coute.net/cigarette/allemagne/constance/,detail
Dortmund,ville,Allemagne,allemagne,Marlboro,2025-11-22,8.7,,,,8.7,8.2,9,,,,2025-11-22,2026,https://www.combien-coute.net/cigarette/allemagne/dortmund/,https://www.combien-coute.net/cigarette/allemagne/dortmund/,detail
Dresde,ville,Allemagne,allemagne,Marlboro,2026-04-14,8.7,,,,8.7,8.7,10,,,,2026-04-14,2026,https://www.combien-coute.net/cigarette/allemagne/dresde/,https://www.combien-coute.net/cigarette/allemagne/dresde/,detail
Duisbourg,ville,Allemagne,allemagne,Marlboro,2026-04-14,9.35,,,,9.35,8.7,10,,,,2026-04-14,2026,https://www.combien-coute.net/cigarette/allemagne/duisbourg/,https://www.combien-coute.net/cigarette/allemagne/duisbourg/,detail
Düsseldorf,ville,Allemagne,allemagne,Marlboro,2026-04-15,8.7,,,,8.7,8.5,10,,,,2026-04-15,2026,https://www.combien-coute.net/cigarette/allemagne/dusseldorf/,https://www.combien-coute.net/cigarette/allemagne/dusseldorf/,detail
Erfurt,ville,Allemagne,allemagne,Marlboro,2026-04-16,8.7,,,,8.7,8.2,9,,,,2026-04-16,2026,https://www.combien-coute.net/cigarette/allemagne/erfurt/,https://www.combien-coute.net/cigarette/allemagne/erfurt/,detail
Essen,ville,Allemagne,allemagne,Marlboro,2025-11-24,8.7,,,,8.7,8.2,9,,,,2025-11-24,2026,https://www.combien-coute.net/cigarette/allemagne/essen/,https://www.combien-coute.net/cigarette/allemagne/essen/,detail
Francfort,ville,Allemagne,allemagne,Marlboro,2025-11-24,8.7,,,,8.7,8.2,10,,,,2025-11-24,2026,https://www.combien-coute.net/cigarette/allemagne/francfort/,https://www.combien-coute.net/cigarette/allemagne/francfort/,detail
Fribourg-en-Brisgau,ville,Allemagne,allemagne,Marlboro,2026-04-15,8.7,,,,8.7,8.7,8.7,,,,2026-04-15,2026,https://www.combien-coute.net/cigarette/allemagne/fribourg-en-brisgau/,https://www.combien-coute.net/cigarette/allemagne/fribourg-en-brisgau/,detail
Greifswald,ville,Allemagne,allemagne,Marlboro,2026-04-16,8.45,,,,8.45,8.2,12,,,,2026-04-16,2026,https://www.combien-coute.net/cigarette/allemagne/greifswald/,https://www.combien-coute.net/cigarette/allemagne/greifswald/,detail
Hambourg,ville,Allemagne,allemagne,Marlboro,2026-04-15,8.7,,,,8.7,8,10,,,,2026-04-15,2026,https://www.combien-coute.net/cigarette/allemagne/hamburg/,https://www.combien-coute.net/cigarette/allemagne/hamburg/,detail
Hanovre,ville,Allemagne,allemagne,Marlboro,2026-04-24,8.7,,,,8.7,8.7,9,,,,2026-04-24,2026,https://www.combien-coute.net/cigarette/allemagne/hanovre/,https://www.combien-coute.net/cigarette/allemagne/hanovre/,detail
Heidelberg,ville,Allemagne,allemagne,Marlboro,2026-04-17,8.7,,,,8.7,8.7,10,,,,2026-04-17,2026,https://www.combien-coute.net/cigarette/allemagne/heidelberg/,https://www.combien-coute.net/cigarette/allemagne/heidelberg/,detail
Kiel,ville,Allemagne,allemagne,Marlboro,2026-04-15,9.35,,,,9.35,8.7,10,,,,2026-04-15,2026,https://www.combien-coute.net/cigarette/allemagne/kiel/,https://www.combien-coute.net/cigarette/allemagne/kiel/,detail
Leipzig,ville,Allemagne,allemagne,Marlboro,2026-04-14,8.7,,,,8.7,8,9.05,,,,2026-04-14,2026,https://www.combien-coute.net/cigarette/allemagne/leipzig/,https://www.combien-coute.net/cigarette/allemagne/leipzig/,detail
Magdebourg,ville,Allemagne,allemagne,Marlboro,2026-04-16,8.7,,,,8.7,8.7,10,,,,2026-04-16,2026,https://www.combien-coute.net/cigarette/allemagne/magdebourg/,https://www.combien-coute.net/cigarette/allemagne/magdebourg/,detail
Munich,ville,Allemagne,allemagne,Marlboro,2026-04-30,8.7,,,,8.7,8,10,,,,2026-04-30,2026,https://www.combien-coute.net/cigarette/allemagne/munich/,https://www.combien-coute.net/cigarette/allemagne/munich/,detail
Münster,ville,Allemagne,allemagne,Marlboro,2026-04-18,8.7,,,,8.7,8.7,8.7,,,,2026-04-18,2026,https://www.combien-coute.net/cigarette/allemagne/m-nster/,https://www.combien-coute.net/cigarette/allemagne/m-nster/,detail
Nuremberg,ville,Allemagne,allemagne,Marlboro,2025-11-25,8.7,,,,8.7,8.2,10,,,,2025-11-25,2026,https://www.combien-coute.net/cigarette/allemagne/nuremberg/,https://www.combien-coute.net/cigarette/allemagne/nuremberg/,detail
Potsdam,ville,Allemagne,allemagne,Marlboro,2026-04-15,8.7,,,,8.7,8.7,10,,,,2026-04-15,2026,https://www.combien-coute.net/cigarette/allemagne/potsdam/,https://www.combien-coute.net/cigarette/allemagne/potsdam/,detail
Rostock,ville,Allemagne,allemagne,Marlboro,2026-04-19,8.45,,,,8.45,8.2,8.7,,,,2026-04-19,2026,https://www.combien-coute.net/cigarette/allemagne/rostock/,https://www.combien-coute.net/cigarette/allemagne/rostock/,detail
Stuttgart,ville,Allemagne,allemagne,Marlboro,2026-04-22,8.7,,,,8.7,8.5,9,,,,2026-04-22,2026,https://www.combien-coute.net/cigarette/allemagne/stuttgart/,https://www.combien-coute.net/cigarette/allemagne/stuttgart/,detail
Ulm,ville,Allemagne,allemagne,Marlboro,2026-04-18,8.7,,,,8.7,8.2,8.7,,,,2026-04-18,2026,https://www.combien-coute.net/cigarette/allemagne/ulm/,https://www.combien-coute.net/cigarette/allemagne/ulm/,detail
Wilhelmshaven,ville,Allemagne,allemagne,Marlboro,2025-11-22,8.45,,,,8.45,8,10,,,,2025-11-22,2026,https://www.combien-coute.net/cigarette/allemagne/wilhelmshaven/,https://www.combien-coute.net/cigarette/allemagne/wilhelmshaven/,detail
Albertville,ville,Alpes,rh-ne-alpes,Marlboro,2026-04-24,12.5,,,,12.5,12,13,,,,2026-04-24,2026,https://www.combien-coute.net/cigarette/rh-ne-alpes/albertville/,https://www.combien-coute.net/cigarette/rh-ne-alpes/albertville/,detail
Annemasse,ville,Alpes,rh-ne-alpes,Marlboro,2026-04-24,11,,,,11,,,,,,2026-04-24,2026,https://www.combien-coute.net/cigarette/rh-ne-alpes/annemasse/,https://www.combien-coute.net/cigarette/rh-ne-alpes/annemasse/,detail
Thonon-les-Bains,ville,Alpes,rh-ne-alpes,Marlboro,2026-04-25,12.5,,,,12.5,12,13,,,,2026-04-25,2026,https://www.combien-coute.net/cigarette/rh-ne-alpes/thonon-les-bains/,https://www.combien-coute.net/cigarette/rh-ne-alpes/thonon-les-bains/,detail
Valmeinier,ville,Alpes,rh-ne-alpes,Marlboro,2025-11-24,11,,,,11,10.5,13,,,,2025-11-24,2026,https://www.combien-coute.net/cigarette/rh-ne-alpes/valmeinier/,https://www.combien-coute.net/cigarette/rh-ne-alpes/valmeinier/,detail
Mulhouse,ville,Alsace,alsace,Marlboro,2026-04-18,11.05,,,,11.05,9,13,,,,2026-04-18,2026,https://www.combien-coute.net/cigarette/alsace/mulhouse/,https://www.combien-coute.net/cigarette/alsace/mulhouse/,detail
Saint-Louis,ville,Alsace,alsace,Marlboro,2017-11-20,4.62,,,,4.62,4.13,5.11,,,,2017-11-20,2026,https://www.combien-coute.net/cigarette/alsace/saint-louis/,https://www.combien-coute.net/cigarette/alsace/saint-louis/,detail
Strasbourg,ville,Alsace,alsace,Marlboro,2026-04-18,12.25,,,,12.25,11,16,,,,2026-04-18,2026,https://www.combien-coute.net/cigarette/alsace/strasbourg/,https://www.combien-coute.net/cigarette/alsace/strasbourg/,detail
Andorra la Vella,ville,Andorre,andorre,Marlboro,2026-04-30,4.5,,,,4.5,3.5,6,,,,2026-04-30,2026,https://www.combien-coute.net/cigarette/andorre/andorra-la-vella/,https://www.combien-coute.net/cigarette/andorre/andorra-la-vella/,detail
Canillo,ville,Andorre,andorre,Marlboro,2017-11-21,2.7,,,,2.7,2.7,2.7,,,,2017-11-21,2026,https://www.combien-coute.net/cigarette/andorre/canillo/,https://www.combien-coute.net/cigarette/andorre/canillo/,detail
Ordino,ville,Andorre,andorre,Marlboro,2017-11-21,2.7,,,,2.7,2.7,2.7,,,,2017-11-21,2026,https://www.combien-coute.net/cigarette/andorre/ordino/,https://www.combien-coute.net/cigarette/andorre/ordino/,detail
Bath,ville,Angleterre,angleterre,Marlboro,2026-04-26,19.91,17,£ (GBP),livre sterling,19.91,18.01,20.49,17,16,18,2026-04-26,2026,https://www.combien-coute.net/cigarette/angleterre/bath/,https://www.combien-coute.net/cigarette/angleterre/bath/,detail
Birmingham,ville,Angleterre,angleterre,Marlboro,2026-04-17,18.37,16,£ (GBP),livre sterling,18.37,16.08,20.38,16,14,18,2026-04-17,2026,https://www.combien-coute.net/cigarette/angleterre/birmingham/,https://www.combien-coute.net/cigarette/angleterre/birmingham/,detail
Blackpool,ville,Angleterre,angleterre,Marlboro,2026-04-15,17.25,15,£ (GBP),livre sterling,17.25,13.8,20.42,15,12,18,2026-04-15,2026,https://www.combien-coute.net/cigarette/angleterre/blackpool/,https://www.combien-coute.net/cigarette/angleterre/blackpool/,detail
Bournemouth,ville,Angleterre,angleterre,Marlboro,2026-04-15,20.42,18,£ (GBP),livre sterling,20.42,18.58,20.42,18,16,18,2026-04-15,2026,https://www.combien-coute.net/cigarette/angleterre/bornemouth/,https://www.combien-coute.net/cigarette/angleterre/bornemouth/,detail
Brighton,ville,Angleterre,angleterre,Marlboro,2026-04-16,20.4,18,£ (GBP),livre sterling,20.4,17.93,21.84,18,16,19,2026-04-16,2026,https://www.combien-coute.net/cigarette/angleterre/brighton/,https://www.combien-coute.net/cigarette/angleterre/brighton/,detail
Bristol,ville,Angleterre,angleterre,Marlboro,2026-04-15,19.84,17,£ (GBP),livre sterling,19.84,17.94,20.42,17,16,18,2026-04-15,2026,https://www.combien-coute.net/cigarette/angleterre/bristol/,https://www.combien-coute.net/cigarette/angleterre/bristol/,detail
Cambridge,ville,Angleterre,angleterre,Marlboro,2026-04-27,19.61,17,£ (GBP),livre sterling,19.61,16.15,20.48,17,14,18,2026-04-27,2026,https://www.combien-coute.net/cigarette/angleterre/cambridge/,https://www.combien-coute.net/cigarette/angleterre/cambridge/,detail
Canterbury,ville,Angleterre,angleterre,Marlboro,2026-04-26,20.49,18,£ (GBP),livre sterling,20.49,18.47,23.09,18,16,20,2026-04-26,2026,https://www.combien-coute.net/cigarette/angleterre/canterbury/,https://www.combien-coute.net/cigarette/angleterre/canterbury/,detail
Chester,ville,Angleterre,angleterre,Marlboro,2026-04-15,19.41,17,£ (GBP),livre sterling,19.41,17.25,21.57,17,15,19,2026-04-15,2026,https://www.combien-coute.net/cigarette/angleterre/chester/,https://www.combien-coute.net/cigarette/angleterre/chester/,detail
Colchester,ville,Angleterre,angleterre,Marlboro,2026-04-15,18.83,16,£ (GBP),livre sterling,18.83,15.82,20.71,16,14,18,2026-04-15,2026,https://www.combien-coute.net/cigarette/angleterre/colchester/,https://www.combien-coute.net/cigarette/angleterre/colchester/,detail
Coventry,ville,Angleterre,angleterre,Marlboro,2026-04-23,20.47,18,£ (GBP),livre sterling,20.47,17.3,20.47,18,15,18,2026-04-23,2026,https://www.combien-coute.net/cigarette/angleterre/coventry/,https://www.combien-coute.net/cigarette/angleterre/coventry/,detail
Eastbourne,ville,Angleterre,angleterre,Marlboro,2026-04-15,17.25,15,£ (GBP),livre sterling,17.25,17.25,20.42,15,15,18,2026-04-15,2026,https://www.combien-coute.net/cigarette/angleterre/eastbourne/,https://www.combien-coute.net/cigarette/angleterre/eastbourne/,detail
Exeter,ville,Angleterre,angleterre,Marlboro,2026-04-16,20.4,18,£ (GBP),livre sterling,20.4,18.39,20.69,18,16,18,2026-04-16,2026,https://www.combien-coute.net/cigarette/angleterre/exeter/,https://www.combien-coute.net/cigarette/angleterre/exeter/,detail
Gloucester,ville,Angleterre,angleterre,Marlboro,2026-04-15,19.18,17,£ (GBP),livre sterling,19.18,11.5,20.42,17,10,18,2026-04-15,2026,https://www.combien-coute.net/cigarette/angleterre/gloucester/,https://www.combien-coute.net/cigarette/angleterre/gloucester/,detail
Hastings,ville,Angleterre,angleterre,Marlboro,2017-11-20,14.55,25,£ (GBP),livre sterling,14.55,11.64,14.55,25,20,25,2017-11-20,2026,https://www.combien-coute.net/cigarette/angleterre/hastings/,https://www.combien-coute.net/cigarette/angleterre/hastings/,detail
Ipswich,ville,Angleterre,angleterre,Marlboro,2026-04-15,20.42,18,£ (GBP),livre sterling,20.42,17.25,20.42,18,15,18,2026-04-15,2026,https://www.combien-coute.net/cigarette/angleterre/ipswich/,https://www.combien-coute.net/cigarette/angleterre/ipswich/,detail
Jersey,ville,Angleterre,angleterre,Marlboro,2026-04-19,15.8,14,£ (GBP),livre sterling,15.8,12.52,19.53,14,11,17,2026-04-19,2026,https://www.combien-coute.net/cigarette/angleterre/jersey/,https://www.combien-coute.net/cigarette/angleterre/jersey/,detail
Lancaster,ville,Angleterre,angleterre,Marlboro,2026-04-15,17.25,15,£ (GBP),livre sterling,17.25,13.8,23.01,15,12,20,2026-04-15,2026,https://www.combien-coute.net/cigarette/angleterre/lancaster/,https://www.combien-coute.net/cigarette/angleterre/lancaster/,detail
Leeds,ville,Angleterre,angleterre,Marlboro,2026-04-15,17.25,15,£ (GBP),livre sterling,17.25,13.8,20.42,15,12,18,2026-04-15,2026,https://www.combien-coute.net/cigarette/angleterre/leeds/,https://www.combien-coute.net/cigarette/angleterre/leeds/,detail
Leicester,ville,Angleterre,angleterre,Marlboro,2026-04-15,17.94,16,£ (GBP),livre sterling,17.94,17.25,20.42,16,15,18,2026-04-15,2026,https://www.combien-coute.net/cigarette/angleterre/leicester/,https://www.combien-coute.net/cigarette/angleterre/leicester/,detail
Liverpool,ville,Angleterre,angleterre,Marlboro,2026-05-01,19.13,17,£ (GBP),livre sterling,19.13,17.39,20.87,17,15,18,2026-05-01,2026,https://www.combien-coute.net/cigarette/angleterre/liverpool/,https://www.combien-coute.net/cigarette/angleterre/liverpool/,detail
Londres,ville,Angleterre,angleterre,Marlboro,2026-05-01,20.58,18,£ (GBP),livre sterling,20.58,18.55,23.19,18,16,20,2026-05-01,2026,https://www.combien-coute.net/cigarette/angleterre/londres/,https://www.combien-coute.net/cigarette/angleterre/londres/,detail
Maidstone,ville,Angleterre,angleterre,Marlboro,2026-04-15,20.42,18,£ (GBP),livre sterling,20.42,17.94,24.16,18,16,21,2026-04-15,2026,https://www.combien-coute.net/cigarette/angleterre/maidstone/,https://www.combien-coute.net/cigarette/angleterre/maidstone/,detail
Manchester,ville,Angleterre,angleterre,Marlboro,2026-05-01,19.71,17,£ (GBP),livre sterling,19.71,15.94,20.87,17,14,18,2026-05-01,2026,https://www.combien-coute.net/cigarette/angleterre/manchester/,https://www.combien-coute.net/cigarette/angleterre/manchester/,detail
Middlesbrough,ville,Angleterre,angleterre,Marlboro,2026-04-15,20.42,18,£ (GBP),livre sterling,20.42,20.42,25.31,18,18,22,2026-04-15,2026,https://www.combien-coute.net/cigarette/angleterre/middlesbrough/,https://www.combien-coute.net/cigarette/angleterre/middlesbrough/,detail
Newcastle,ville,Angleterre,angleterre,Marlboro,2017-11-20,18.04,28,£ (GBP),livre sterling,18.04,16.76,19.33,28,26,30,2017-11-20,2026,https://www.combien-coute.net/cigarette/angleterre/newcastle/,https://www.combien-coute.net/cigarette/angleterre/newcastle/,detail
Northampton,ville,Angleterre,angleterre,Marlboro,2026-04-15,20.42,18,£ (GBP),livre sterling,20.42,20.42,23.01,18,18,20,2026-04-15,2026,https://www.combien-coute.net/cigarette/angleterre/northampton/,https://www.combien-coute.net/cigarette/angleterre/northampton/,detail
Norwich,ville,Angleterre,angleterre,Marlboro,2026-04-15,20.42,18,£ (GBP),livre sterling,20.42,17.31,20.42,18,15,18,2026-04-15,2026,https://www.combien-coute.net/cigarette/angleterre/norwich/,https://www.combien-coute.net/cigarette/angleterre/norwich/,detail
Nottingham,ville,Angleterre,angleterre,Marlboro,2026-04-15,17.94,16,£ (GBP),livre sterling,17.94,17.25,20.42,16,15,18,2026-04-15,2026,https://www.combien-coute.net/cigarette/angleterre/nottingham/,https://www.combien-coute.net/cigarette/angleterre/nottingham/,detail
Oxford,ville,Angleterre,angleterre,Marlboro,2026-05-01,20.58,18,£ (GBP),livre sterling,20.58,18.09,20.58,18,16,18,2026-05-01,2026,https://www.combien-coute.net/cigarette/angleterre/oxford/,https://www.combien-coute.net/cigarette/angleterre/oxford/,detail
Peterborough,ville,Angleterre,angleterre,Marlboro,2026-04-15,20.42,18,£ (GBP),livre sterling,20.42,16.79,20.48,18,15,18,2026-04-15,2026,https://www.combien-coute.net/cigarette/angleterre/peterborough/,https://www.combien-coute.net/cigarette/angleterre/peterborough/,detail
Plymouth,ville,Angleterre,angleterre,Marlboro,2026-04-22,20.7,18,£ (GBP),livre sterling,20.7,20.41,23,18,18,20,2026-04-22,2026,https://www.combien-coute.net/cigarette/angleterre/plymouth/,https://www.combien-coute.net/cigarette/angleterre/plymouth/,detail
Portsmouth,ville,Angleterre,angleterre,Marlboro,2026-04-15,19.87,17,£ (GBP),livre sterling,19.87,17.94,20.42,17,16,18,2026-04-15,2026,https://www.combien-coute.net/cigarette/angleterre/portsmouth/,https://www.combien-coute.net/cigarette/angleterre/portsmouth/,detail
Preston,ville,Angleterre,angleterre,Marlboro,2026-04-15,17.25,15,£ (GBP),livre sterling,17.25,13.8,22.37,15,12,19,2026-04-15,2026,https://www.combien-coute.net/cigarette/angleterre/preston/,https://www.combien-coute.net/cigarette/angleterre/preston/,detail
Shrewsbury,ville,Angleterre,angleterre,Marlboro,2026-04-15,17.94,16,£ (GBP),livre sterling,17.94,17.25,20.71,16,15,18,2026-04-15,2026,https://www.combien-coute.net/cigarette/angleterre/shrewsbury/,https://www.combien-coute.net/cigarette/angleterre/shrewsbury/,detail
Southampton,ville,Angleterre,angleterre,Marlboro,2026-04-26,18.7,16,£ (GBP),livre sterling,18.7,18.01,20.49,16,16,18,2026-04-26,2026,https://www.combien-coute.net/cigarette/angleterre/southampton/,https://www.combien-coute.net/cigarette/angleterre/southampton/,detail
Swindon,ville,Angleterre,angleterre,Marlboro,2026-04-15,20.42,18,£ (GBP),livre sterling,20.42,16.79,20.71,18,15,18,2026-04-15,2026,https://www.combien-coute.net/cigarette/angleterre/swindon/,https://www.combien-coute.net/cigarette/angleterre/swindon/,detail
York,ville,Angleterre,angleterre,Marlboro,2026-04-16,20.4,18,£ (GBP),livre sterling,20.4,17.24,20.69,18,15,18,2026-04-16,2026,https://www.combien-coute.net/cigarette/angleterre/york/,https://www.combien-coute.net/cigarette/angleterre/york/,detail
Luanda,ville,Angola,angola,Marlboro,2026-04-25,1.96,2101,AOA,Kwanza,1.96,1.4,2.98,2101,1501,3195,2026-04-25,2026,https://www.combien-coute.net/cigarette/angola/luanda/,https://www.combien-coute.net/cigarette/angola/luanda/,detail
Saint John’s,ville,Antigua-et-Barbuda,antigua-et-barbuda,Marlboro,2024-01-29,4.09,12,$ (XCD),Dollar des Caraïbes de l'est,4.09,,,12,,,2024-01-29,2026,https://www.combien-coute.net/cigarette/antigua-et-barbuda/saint-john-s/,https://www.combien-coute.net/cigarette/antigua-et-barbuda/saint-john-s/,detail
Aruba,ville,Antilles néerlandaises,antilles-neerlandaises,Marlboro,2026-04-29,14.87,,ANG,Florin des Antilles néerlandaises,14.87,,,,,,2026-04-29,2026,https://www.combien-coute.net/cigarette/antilles-neerlandaises/aruba/,https://www.combien-coute.net/cigarette/antilles-neerlandaises/,liste_parent
Bonaire,ville,Antilles néerlandaises,antilles-neerlandaises,Marlboro,2022-12-16,6.1,12,ANG,Florin des Antilles néerlandaises,6.1,,,12,,,2022-12-16,2026,https://www.combien-coute.net/cigarette/antilles-neerlandaises/bonaire/,https://www.combien-coute.net/cigarette/antilles-neerlandaises/bonaire/,detail
Curaçao,ville,Antilles néerlandaises,antilles-neerlandaises,Marlboro,2026-04-19,8.31,18,ANG,Florin des Antilles néerlandaises,8.31,,,18,,,2026-04-19,2026,https://www.combien-coute.net/cigarette/antilles-neerlandaises/curacao/,https://www.combien-coute.net/cigarette/antilles-neerlandaises/curacao/,detail
Sint Maarten,ville,Antilles néerlandaises,antilles-neerlandaises,Marlboro,2026-04-19,6.8,14,ANG,Florin des Antilles néerlandaises,6.8,,,14,,,2026-04-19,2026,https://www.combien-coute.net/cigarette/antilles-neerlandaises/sint-maarten/,https://www.combien-coute.net/cigarette/antilles-neerlandaises/sint-maarten/,detail
Abha,ville,Arabie Saoudite,arabie-saoudite,Marlboro,2026-04-16,8.02,35,SAR,Riyal saoudien,8.02,6.78,10.17,35,30,45,2026-04-16,2026,https://www.combien-coute.net/cigarette/arabie-saoudite/abha/,https://www.combien-coute.net/cigarette/arabie-saoudite/abha/,detail
Al Bahah,ville,Arabie Saoudite,arabie-saoudite,Marlboro,2017-11-21,2.38,11,SAR,Riyal saoudien,2.38,2.04,5.45,11,9,24,2017-11-21,2026,https://www.combien-coute.net/cigarette/arabie-saoudite/al-bahah/,https://www.combien-coute.net/cigarette/arabie-saoudite/al-bahah/,detail
Al Hufuf,ville,Arabie Saoudite,arabie-saoudite,Marlboro,2026-04-16,6.21,27,SAR,Riyal saoudien,6.21,4.52,7.91,27,20,35,2026-04-16,2026,https://www.combien-coute.net/cigarette/arabie-saoudite/al-hufuf/,https://www.combien-coute.net/cigarette/arabie-saoudite/al-hufuf/,detail
Dhahran,ville,Arabie Saoudite,arabie-saoudite,Marlboro,2026-04-20,4.77,21,SAR,Riyal saoudien,4.77,4.54,5,21,20,22,2026-04-20,2026,https://www.combien-coute.net/cigarette/arabie-saoudite/dhahran/,https://www.combien-coute.net/cigarette/arabie-saoudite/dhahran/,detail
Djedda,ville,Arabie Saoudite,arabie-saoudite,Marlboro,2026-04-20,5.68,25,SAR,Riyal saoudien,5.68,5.68,6.59,25,25,29,2026-04-20,2026,https://www.combien-coute.net/cigarette/arabie-saoudite/djedda/,https://www.combien-coute.net/cigarette/arabie-saoudite/djedda/,detail
Jizan,ville,Arabie Saoudite,arabie-saoudite,Marlboro,2026-04-18,5.66,25,SAR,Riyal saoudien,5.66,,,25,,,2026-04-18,2026,https://www.combien-coute.net/cigarette/arabie-saoudite/jizan/,https://www.combien-coute.net/cigarette/arabie-saoudite/jizan/,detail
Khobar,ville,Arabie Saoudite,arabie-saoudite,Marlboro,2026-04-14,5.67,25,SAR,Riyal saoudien,5.67,4.53,6.35,25,20,28,2026-04-14,2026,https://www.combien-coute.net/cigarette/arabie-saoudite/khobar/,https://www.combien-coute.net/cigarette/arabie-saoudite/khobar/,detail
La Mecque,ville,Arabie Saoudite,arabie-saoudite,Marlboro,2026-04-14,6.69,29,SAR,Riyal saoudien,6.69,6.35,7.93,29,28,35,2026-04-14,2026,https://www.combien-coute.net/cigarette/arabie-saoudite/la-mecque/,https://www.combien-coute.net/cigarette/arabie-saoudite/la-mecque/,detail
Médine,ville,Arabie Saoudite,arabie-saoudite,Marlboro,2025-11-24,6.48,28,SAR,Riyal saoudien,6.48,4.17,6.48,28,18,28,2025-11-24,2026,https://www.combien-coute.net/cigarette/arabie-saoudite/medine/,https://www.combien-coute.net/cigarette/arabie-saoudite/medine/,detail
Najran,ville,Arabie Saoudite,arabie-saoudite,Marlboro,2017-11-21,5.45,24,SAR,Riyal saoudien,5.45,,,24,,,2017-11-21,2026,https://www.combien-coute.net/cigarette/arabie-saoudite/najran/,https://www.combien-coute.net/cigarette/arabie-saoudite/najran/,detail
Rabigh,ville,Arabie Saoudite,arabie-saoudite,Marlboro,2026-04-18,5.66,25,SAR,Riyal saoudien,5.66,5.66,6.57,25,25,29,2026-04-18,2026,https://www.combien-coute.net/cigarette/arabie-saoudite/rabigh/,https://www.combien-coute.net/cigarette/arabie-saoudite/rabigh/,detail
Riyad,ville,Arabie Saoudite,arabie-saoudite,Marlboro,2025-11-24,6.37,28,SAR,Riyal saoudien,6.37,5.79,8.11,28,25,35,2025-11-24,2026,https://www.combien-coute.net/cigarette/arabie-saoudite/riyad/,https://www.combien-coute.net/cigarette/arabie-saoudite/riyad/,detail
Tabuk,ville,Arabie Saoudite,arabie-saoudite,Marlboro,2026-04-17,6.34,28,SAR,Riyal saoudien,6.34,5.66,6.79,28,25,30,2026-04-17,2026,https://www.combien-coute.net/cigarette/arabie-saoudite/tabuk/,https://www.combien-coute.net/cigarette/arabie-saoudite/tabuk/,detail
Yanbu,ville,Arabie Saoudite,arabie-saoudite,Marlboro,2026-04-27,5.69,25,SAR,Riyal saoudien,5.69,5.46,6.6,25,24,29,2026-04-27,2026,https://www.combien-coute.net/cigarette/arabie-saoudite/yanbu/,https://www.combien-coute.net/cigarette/arabie-saoudite/yanbu/,detail
Buenos Aires,ville,Argentine,argentine,Marlboro,2026-04-17,3.4,5452,ARS,Peso,3.4,2.12,4.24,5452,3399,6799,2026-04-17,2026,https://www.combien-coute.net/cigarette/argentine/buenos-aires/,https://www.combien-coute.net/cigarette/argentine/buenos-aires/,detail
Concordia,ville,Argentine,argentine,Marlboro,2017-11-21,2.34,48,ARS,Peso,2.34,2.34,2.73,48,48,56,2017-11-21,2026,https://www.combien-coute.net/cigarette/argentine/concordia/,https://www.combien-coute.net/cigarette/argentine/concordia/,detail
Corrientes,ville,Argentine,argentine,Marlboro,2026-04-18,3.4,5430,ARS,Peso,3.4,,,5430,,,2026-04-18,2026,https://www.combien-coute.net/cigarette/argentine/corrientes/,https://www.combien-coute.net/cigarette/argentine/corrientes/,detail
Córdoba,ville,Argentine,argentine,Marlboro,2025-11-24,3.26,5348,ARS,Peso,3.26,1.74,6.08,5348,2854,9973,2025-11-24,2026,https://www.combien-coute.net/cigarette/argentine/c-rdoba/,https://www.combien-coute.net/cigarette/argentine/c-rdoba/,detail
Esquel,ville,Argentine,argentine,Marlboro,2018-01-01,2.24,50,ARS,Peso,2.24,,,50,,,2018-01-01,2026,https://www.combien-coute.net/cigarette/argentine/esquel/,https://www.combien-coute.net/cigarette/argentine/esquel/,detail
La Plata,ville,Argentine,argentine,Marlboro,2026-04-15,2.54,4092,ARS,Peso,2.54,2.12,4.24,4092,3416,6831,2026-04-15,2026,https://www.combien-coute.net/cigarette/argentine/la-plata/,https://www.combien-coute.net/cigarette/argentine/la-plata/,detail
Mendoza,ville,Argentine,argentine,Marlboro,2026-04-22,2.55,4134,ARS,Peso,2.55,1.7,2.98,4134,2756,4831,2026-04-22,2026,https://www.combien-coute.net/cigarette/argentine/mendoza/,https://www.combien-coute.net/cigarette/argentine/mendoza/,detail
Necochea,ville,Argentine,argentine,Marlboro,2024-01-23,0.92,1,ARS,Peso,0.92,0.92,0.92,1,1,1,2024-01-23,2026,https://www.combien-coute.net/cigarette/argentine/necochea/,https://www.combien-coute.net/cigarette/argentine/necochea/,detail
Quilmes,ville,Argentine,argentine,Marlboro,2026-04-16,2.88,4636,ARS,Peso,2.88,2.8,4.24,4636,4507,6825,2026-04-16,2026,https://www.combien-coute.net/cigarette/argentine/quilmes/,https://www.combien-coute.net/cigarette/argentine/quilmes/,detail
Rosario,ville,Argentine,argentine,Marlboro,2026-04-14,2.89,4629,ARS,Peso,2.89,2.13,4.25,4629,3412,6808,2026-04-14,2026,https://www.combien-coute.net/cigarette/argentine/rosario/,https://www.combien-coute.net/cigarette/argentine/rosario/,detail
Salta,ville,Argentine,argentine,Marlboro,2026-04-25,3.24,5270,ARS,Peso,3.24,,,5270,,,2026-04-25,2026,https://www.combien-coute.net/cigarette/argentine/salta/,https://www.combien-coute.net/cigarette/argentine/salta/,detail
San Rafael,ville,Argentine,argentine,Marlboro,2026-04-16,1.31,2109,ARS,Peso,1.31,1.31,2.97,2109,2109,4781,2026-04-16,2026,https://www.combien-coute.net/cigarette/argentine/san-rafael/,https://www.combien-coute.net/cigarette/argentine/san-rafael/,detail
Viedma,ville,Argentine,argentine,Marlboro,2017-11-21,1.46,30,ARS,Peso,1.46,1.46,1.46,30,30,30,2017-11-21,2026,https://www.combien-coute.net/cigarette/argentine/viedma/,https://www.combien-coute.net/cigarette/argentine/viedma/,detail
Abovyan,ville,Arménie,armenie,Marlboro,2026-04-17,2.28,1003,AMD,Dram,2.28,2.21,2.96,1003,972,1302,2026-04-17,2026,https://www.combien-coute.net/cigarette/armenie/abovyan/,https://www.combien-coute.net/cigarette/armenie/abovyan/,detail
Ararat,ville,Arménie,armenie,Marlboro,2026-04-15,2.26,1000,AMD,Dram,2.26,2.19,2.94,1000,969,1301,2026-04-15,2026,https://www.combien-coute.net/cigarette/armenie/ararat/,https://www.combien-coute.net/cigarette/armenie/ararat/,detail
Armavir,ville,Arménie,armenie,Marlboro,2024-01-31,2.28,1000,AMD,Dram,2.28,2.28,2.28,1000,1000,1000,2024-01-31,2026,https://www.combien-coute.net/cigarette/armenie/armavir/,https://www.combien-coute.net/cigarette/armenie/armavir/,detail
Ashtarak,ville,Arménie,armenie,Marlboro,2024-01-23,2.27,1000,AMD,Dram,2.27,2.27,2.27,1000,1000,1000,2024-01-23,2026,https://www.combien-coute.net/cigarette/armenie/ashtarak/,https://www.combien-coute.net/cigarette/armenie/ashtarak/,detail
Dilidjan,ville,Arménie,armenie,Marlboro,2026-04-16,2.27,1001,AMD,Dram,2.27,2.2,2.95,1001,970,1301,2026-04-16,2026,https://www.combien-coute.net/cigarette/armenie/dilidjan/,https://www.combien-coute.net/cigarette/armenie/dilidjan/,detail
Erevan,ville,Arménie,armenie,Marlboro,2026-05-01,2.3,996,AMD,Dram,2.3,2.19,2.99,996,949,1295,2026-05-01,2026,https://www.combien-coute.net/cigarette/armenie/erevan/,https://www.combien-coute.net/cigarette/armenie/erevan/,detail
Gyumri (Arménie),ville,Arménie,armenie,Marlboro,2025-11-24,1.71,751,AMD,Dram,1.71,1.14,2.73,751,501,1200,2025-11-24,2026,https://www.combien-coute.net/cigarette/armenie/gyumri/,https://www.combien-coute.net/cigarette/armenie/gyumri/,detail
Hrazdan,ville,Arménie,armenie,Marlboro,2026-04-15,2.26,1000,AMD,Dram,2.26,2.19,2.94,1000,969,1301,2026-04-15,2026,https://www.combien-coute.net/cigarette/armenie/hrazdan/,https://www.combien-coute.net/cigarette/armenie/hrazdan/,detail
Idjevan,ville,Arménie,armenie,Marlboro,2024-01-31,2.28,1000,AMD,Dram,2.28,2.28,2.28,1000,1000,1000,2024-01-31,2026,https://www.combien-coute.net/cigarette/armenie/idjevan/,https://www.combien-coute.net/cigarette/armenie/idjevan/,detail
Kapan,ville,Arménie,armenie,Marlboro,2026-04-25,2.29,994,AMD,Dram,2.29,2.18,2.98,994,947,1294,2026-04-25,2026,https://www.combien-coute.net/cigarette/armenie/kapan/,https://www.combien-coute.net/cigarette/armenie/kapan/,detail
Sevan,ville,Arménie,armenie,Marlboro,2026-04-24,2.31,1014,AMD,Dram,2.31,2.19,3,1014,962,1318,2026-04-24,2026,https://www.combien-coute.net/cigarette/armenie/sevan/,https://www.combien-coute.net/cigarette/armenie/sevan/,detail
Vanadzor,ville,Arménie,armenie,Marlboro,2026-04-24,2.31,1014,AMD,Dram,2.31,2.19,3,1014,962,1318,2026-04-24,2026,https://www.combien-coute.net/cigarette/armenie/vanadzor/,https://www.combien-coute.net/cigarette/armenie/vanadzor/,detail
Vardenis,ville,Arménie,armenie,Marlboro,2026-04-15,2.26,1000,AMD,Dram,2.26,2.19,2.94,1000,969,1301,2026-04-15,2026,https://www.combien-coute.net/cigarette/armenie/vardenis/,https://www.combien-coute.net/cigarette/armenie/vardenis/,detail
Noord,ville,Aruba,aruba,Marlboro,2026-05-01,8.52,18,ANG,Florin des Antilles néerlandaises,8.52,,,18,,,2026-05-01,2026,https://www.combien-coute.net/cigarette/aruba/noord/,https://www.combien-coute.net/cigarette/aruba/noord/,detail
Oranjestad,ville,Aruba,aruba,Marlboro,2026-04-14,8.51,18,ANG,Florin des Antilles néerlandaises,8.51,,,18,,,2026-04-14,2026,https://www.combien-coute.net/cigarette/aruba/oranjestad/,https://www.combien-coute.net/cigarette/aruba/oranjestad/,detail
Adélaïde,ville,Australie,australie,Marlboro,2025-11-24,26.65,48,$ (AUD),Dollar australien,26.65,20.19,33.66,48,36,60,2025-11-24,2026,https://www.combien-coute.net/cigarette/australie/adelaide/,https://www.combien-coute.net/cigarette/australie/adelaide/,detail
Albany,ville,Australie,australie,Marlboro,2026-04-16,12.71,21,$ (AUD),Dollar australien,12.71,12.33,13.56,21,20,22,2026-04-16,2026,https://www.combien-coute.net/cigarette/australie/albany/,https://www.combien-coute.net/cigarette/australie/albany/,detail
Albury,ville,Australie,australie,Marlboro,2026-04-16,21.88,36,$ (AUD),Dollar australien,21.88,19.45,31.6,36,32,52,2026-04-16,2026,https://www.combien-coute.net/cigarette/australie/albury/,https://www.combien-coute.net/cigarette/australie/albury/,detail
Alice Springs,ville,Australie,australie,Marlboro,2026-04-15,16.31,27,$ (AUD),Dollar australien,16.31,14.42,33.23,27,24,55,2026-04-15,2026,https://www.combien-coute.net/cigarette/australie/alice-springs/,https://www.combien-coute.net/cigarette/australie/alice-springs/,detail
Ballarat,ville,Australie,australie,Marlboro,2026-04-15,29,48,$ (AUD),Dollar australien,29,24.17,42.3,48,40,70,2026-04-15,2026,https://www.combien-coute.net/cigarette/australie/ballarat/,https://www.combien-coute.net/cigarette/australie/ballarat/,detail
Ballina,ville,Australie,australie,Marlboro,2026-04-27,33.55,55,$ (AUD),Dollar australien,33.55,,,55,,,2026-04-27,2026,https://www.combien-coute.net/cigarette/australie/ballina/,https://www.combien-coute.net/cigarette/australie/ballina/,detail
Bendigo,ville,Australie,australie,Marlboro,2026-04-17,30.39,50,$ (AUD),Dollar australien,30.39,21.88,42.54,50,36,70,2026-04-17,2026,https://www.combien-coute.net/cigarette/australie/bendigo/,https://www.combien-coute.net/cigarette/australie/bendigo/,detail
Brisbane (Queensland),ville,Australie,australie,Marlboro,2025-11-24,28.05,50,$ (AUD),Dollar australien,28.05,22.44,33.66,50,40,60,2025-11-24,2026,https://www.combien-coute.net/cigarette/australie/brisbane/,https://www.combien-coute.net/cigarette/australie/brisbane/,detail
Broken Hill,ville,Australie,australie,Marlboro,2017-11-21,16.7,26,$ (AUD),Dollar australien,16.7,,,26,,,2017-11-21,2026,https://www.combien-coute.net/cigarette/australie/broken-hill/,https://www.combien-coute.net/cigarette/australie/broken-hill/,detail
Buderim (Sunshine Coast),ville,Australie,australie,Marlboro,2019-03-19,25.1,40,$ (AUD),Dollar australien,25.1,25.1,25.1,40,40,40,2019-03-19,2026,https://www.combien-coute.net/cigarette/australie/buderim-sunshine-coast/,https://www.combien-coute.net/cigarette/australie/buderim-sunshine-coast/,detail
Bunbury,ville,Australie,australie,Marlboro,2026-04-28,22.74,37,$ (AUD),Dollar australien,22.74,21.46,36.78,37,35,60,2026-04-28,2026,https://www.combien-coute.net/cigarette/australie/bunbury/,https://www.combien-coute.net/cigarette/australie/bunbury/,detail
Bundaberg,ville,Australie,australie,Marlboro,2026-04-18,26.33,43,$ (AUD),Dollar australien,26.33,21.94,30.72,43,36,51,2026-04-18,2026,https://www.combien-coute.net/cigarette/australie/bundaberg/,https://www.combien-coute.net/cigarette/australie/bundaberg/,detail
Cairns,ville,Australie,australie,Marlboro,2025-11-25,25.25,45,$ (AUD),Dollar australien,25.25,24.66,25.25,45,44,45,2025-11-25,2026,https://www.combien-coute.net/cigarette/australie/cairns/,https://www.combien-coute.net/cigarette/australie/cairns/,detail
Canberra,ville,Australie,australie,Marlboro,2026-04-22,30.46,50,$ (AUD),Dollar australien,30.46,27.41,31.67,50,45,52,2026-04-22,2026,https://www.combien-coute.net/cigarette/australie/canberra/,https://www.combien-coute.net/cigarette/australie/canberra/,detail
Coffs Harbour,ville,Australie,australie,Marlboro,2026-04-16,19.75,33,$ (AUD),Dollar australien,19.75,19.75,42.54,33,33,70,2026-04-16,2026,https://www.combien-coute.net/cigarette/australie/coffs-harbour/,https://www.combien-coute.net/cigarette/australie/coffs-harbour/,detail
Darwin,ville,Australie,australie,Marlboro,2025-11-24,21.6,39,$ (AUD),Dollar australien,21.6,17.95,25.24,39,32,45,2025-11-24,2026,https://www.combien-coute.net/cigarette/australie/darwin/,https://www.combien-coute.net/cigarette/australie/darwin/,detail
Derby,ville,Australie,australie,Marlboro,2026-04-16,20.4,34,$ (AUD),Dollar australien,20.4,17.24,20.4,34,28,34,2026-04-16,2026,https://www.combien-coute.net/cigarette/australie/derby/,https://www.combien-coute.net/cigarette/australie/derby/,detail
Forster,ville,Australie,australie,Marlboro,2026-04-18,30.47,50,$ (AUD),Dollar australien,30.47,27.43,42.66,50,45,70,2026-04-18,2026,https://www.combien-coute.net/cigarette/australie/forster/,https://www.combien-coute.net/cigarette/australie/forster/,detail
Fremantle,ville,Australie,australie,Marlboro,2026-04-22,30.46,50,$ (AUD),Dollar australien,30.46,24.36,36.55,50,40,60,2026-04-22,2026,https://www.combien-coute.net/cigarette/australie/fremantle/,https://www.combien-coute.net/cigarette/australie/fremantle/,detail
Geelong,ville,Australie,australie,Marlboro,2026-04-19,29.23,48,$ (AUD),Dollar australien,29.23,21.33,48.76,48,35,80,2026-04-19,2026,https://www.combien-coute.net/cigarette/australie/geelong/,https://www.combien-coute.net/cigarette/australie/geelong/,detail
Geraldton,ville,Australie,australie,Marlboro,2026-04-16,30.38,50,$ (AUD),Dollar australien,30.38,,,50,,,2026-04-16,2026,https://www.combien-coute.net/cigarette/australie/geraldton/,https://www.combien-coute.net/cigarette/australie/geraldton/,detail
Gladstone,ville,Australie,australie,Marlboro,2026-04-16,30.63,51,$ (AUD),Dollar australien,30.63,,,51,,,2026-04-16,2026,https://www.combien-coute.net/cigarette/australie/gladstone/,https://www.combien-coute.net/cigarette/australie/gladstone/,detail
Gold Coast,ville,Australie,australie,Marlboro,2026-04-22,31.67,52,$ (AUD),Dollar australien,31.67,29.85,42.64,52,49,70,2026-04-22,2026,https://www.combien-coute.net/cigarette/australie/gold-coast/,https://www.combien-coute.net/cigarette/australie/gold-coast/,detail
Hervey Bay,ville,Australie,australie,Marlboro,2026-04-16,30.38,50,$ (AUD),Dollar australien,30.38,24.31,35.25,50,40,58,2026-04-16,2026,https://www.combien-coute.net/cigarette/australie/hervey-bay/,https://www.combien-coute.net/cigarette/australie/hervey-bay/,detail
Kalgoorlie,ville,Australie,australie,Marlboro,2017-11-21,19.27,30,$ (AUD),Dollar australien,19.27,16.06,22.48,30,25,35,2017-11-21,2026,https://www.combien-coute.net/cigarette/australie/kalgoorlie/,https://www.combien-coute.net/cigarette/australie/kalgoorlie/,detail
La Tasmanie,ville,Australie,australie,Marlboro,2026-05-01,31.69,,$ (AUD),Dollar australien,31.69,,,,,,2026-05-01,2026,https://www.combien-coute.net/cigarette/australie/tasmanie/,https://www.combien-coute.net/cigarette/australie/,liste_parent
Mackay,ville,Australie,australie,Marlboro,2026-04-18,36.57,60,$ (AUD),Dollar australien,36.57,30.47,42.66,60,50,70,2026-04-18,2026,https://www.combien-coute.net/cigarette/australie/mackay/,https://www.combien-coute.net/cigarette/australie/mackay/,detail
Mandurah,ville,Australie,australie,Marlboro,2026-04-16,30.38,50,$ (AUD),Dollar australien,30.38,26.74,36.46,50,44,60,2026-04-16,2026,https://www.combien-coute.net/cigarette/australie/mandurah/,https://www.combien-coute.net/cigarette/australie/mandurah/,detail
Margaret River,ville,Australie,australie,Marlboro,2026-04-16,30.38,50,$ (AUD),Dollar australien,30.38,26.74,36.46,50,44,60,2026-04-16,2026,https://www.combien-coute.net/cigarette/australie/margaret-river/,https://www.combien-coute.net/cigarette/australie/margaret-river/,detail
Melbourne,ville,Australie,australie,Marlboro,2026-04-30,30.47,50,$ (AUD),Dollar australien,30.47,25.6,39.61,50,42,65,2026-04-30,2026,https://www.combien-coute.net/cigarette/australie/melbourne/,https://www.combien-coute.net/cigarette/australie/melbourne/,detail
Mildura,ville,Australie,australie,Marlboro,2026-04-29,24.52,40,$ (AUD),Dollar australien,24.52,,,40,,,2026-04-29,2026,https://www.combien-coute.net/cigarette/australie/mildura/,https://www.combien-coute.net/cigarette/australie/mildura/,detail
Mont Gambier,ville,Australie,australie,Marlboro,2017-11-21,17.66,28,$ (AUD),Dollar australien,17.66,16.06,28.9,28,25,45,2017-11-21,2026,https://www.combien-coute.net/cigarette/australie/mont-gambier/,https://www.combien-coute.net/cigarette/australie/mont-gambier/,detail
Mont Isa,ville,Australie,australie,Marlboro,2026-04-27,33.55,55,$ (AUD),Dollar australien,33.55,,,55,,,2026-04-27,2026,https://www.combien-coute.net/cigarette/australie/mont-isa/,https://www.combien-coute.net/cigarette/australie/mont-isa/,detail
Newcastle,ville,Australie,australie,Marlboro,2026-04-15,27.19,45,$ (AUD),Dollar australien,27.19,24.17,36.25,45,40,60,2026-04-15,2026,https://www.combien-coute.net/cigarette/australie/newcastle/,https://www.combien-coute.net/cigarette/australie/newcastle/,detail
Perth,ville,Australie,australie,Marlboro,2025-11-24,28.05,50,$ (AUD),Dollar australien,28.05,22.44,33.66,50,40,60,2025-11-24,2026,https://www.combien-coute.net/cigarette/australie/perth/,https://www.combien-coute.net/cigarette/australie/perth/,detail
Port Hedland,ville,Australie,australie,Marlboro,2017-11-21,22.48,35,$ (AUD),Dollar australien,22.48,22.48,22.48,35,35,35,2017-11-21,2026,https://www.combien-coute.net/cigarette/australie/port-hedland/,https://www.combien-coute.net/cigarette/australie/port-hedland/,detail
Port Lincoln,ville,Australie,australie,Marlboro,2026-04-16,34.33,57,$ (AUD),Dollar australien,34.33,30.38,38.28,57,50,63,2026-04-16,2026,https://www.combien-coute.net/cigarette/australie/port-lincoln/,https://www.combien-coute.net/cigarette/australie/port-lincoln/,detail
Port Macquarie,ville,Australie,australie,Marlboro,2026-04-16,24.31,40,$ (AUD),Dollar australien,24.31,,,40,,,2026-04-16,2026,https://www.combien-coute.net/cigarette/australie/port-macquarie/,https://www.combien-coute.net/cigarette/australie/port-macquarie/,detail
Port Pirie,ville,Australie,australie,Marlboro,2026-04-16,30.38,50,$ (AUD),Dollar australien,30.38,24.31,36.46,50,40,60,2026-04-16,2026,https://www.combien-coute.net/cigarette/australie/port-pirie/,https://www.combien-coute.net/cigarette/australie/port-pirie/,detail
Rockhampton,ville,Australie,australie,Marlboro,2026-04-16,30.96,51,$ (AUD),Dollar australien,30.96,17.02,32.08,51,28,53,2026-04-16,2026,https://www.combien-coute.net/cigarette/australie/rockhampton/,https://www.combien-coute.net/cigarette/australie/rockhampton/,detail
Sydney,ville,Australie,australie,Marlboro,2026-04-30,30.47,50,$ (AUD),Dollar australien,30.47,27.42,42.66,50,45,70,2026-04-30,2026,https://www.combien-coute.net/cigarette/australie/sydney/,https://www.combien-coute.net/cigarette/australie/sydney/,detail
Tamworth,ville,Australie,australie,Marlboro,2025-12-16,25.43,45,$ (AUD),Dollar australien,25.43,22.6,33.9,45,40,60,2025-12-16,2026,https://www.combien-coute.net/cigarette/australie/tamworth/,https://www.combien-coute.net/cigarette/australie/tamworth/,detail
Toowoomba,ville,Australie,australie,Marlboro,2026-04-15,25.68,42,$ (AUD),Dollar australien,25.68,18.13,42.3,42,30,70,2026-04-15,2026,https://www.combien-coute.net/cigarette/australie/toowoomba/,https://www.combien-coute.net/cigarette/australie/toowoomba/,detail
Townsville,ville,Australie,australie,Marlboro,2026-04-16,26.43,44,$ (AUD),Dollar australien,26.43,21.27,30.38,44,35,50,2026-04-16,2026,https://www.combien-coute.net/cigarette/australie/townsville/,https://www.combien-coute.net/cigarette/australie/townsville/,detail
Wagga Wagga,ville,Australie,australie,Marlboro,2026-04-16,30.38,50,$ (AUD),Dollar australien,30.38,27.35,31.6,50,45,52,2026-04-16,2026,https://www.combien-coute.net/cigarette/australie/wagga-wagga/,https://www.combien-coute.net/cigarette/australie/wagga-wagga/,detail
Warrnambool,ville,Australie,australie,Marlboro,2026-04-18,30.47,50,$ (AUD),Dollar australien,30.47,24.38,42.66,50,40,70,2026-04-18,2026,https://www.combien-coute.net/cigarette/australie/warrnambool/,https://www.combien-coute.net/cigarette/australie/warrnambool/,detail
Wollongong,ville,Australie,australie,Marlboro,2026-04-17,30.39,50,$ (AUD),Dollar australien,30.39,27.35,48.62,50,45,80,2026-04-17,2026,https://www.combien-coute.net/cigarette/australie/wollongong/,https://www.combien-coute.net/cigarette/australie/wollongong/,detail
Amstetten,ville,Autriche,autriche,Marlboro,2026-04-16,6.3,,,,6.3,6.3,7,,,,2026-04-16,2026,https://www.combien-coute.net/cigarette/autriche/amstetten/,https://www.combien-coute.net/cigarette/autriche/amstetten/,detail
Bregenz,ville,Autriche,autriche,Marlboro,2026-04-14,6,,,,6,6,7,,,,2026-04-14,2026,https://www.combien-coute.net/cigarette/autriche/bregenz/,https://www.combien-coute.net/cigarette/autriche/bregenz/,detail
Dornbirn,ville,Autriche,autriche,Marlboro,2026-04-17,6.25,,,,6.25,6,7.99,,,,2026-04-17,2026,https://www.combien-coute.net/cigarette/autriche/dornbirn/,https://www.combien-coute.net/cigarette/autriche/dornbirn/,detail
Feldkirch,ville,Autriche,autriche,Marlboro,2026-04-16,6.25,,,,6.25,6,7.99,,,,2026-04-16,2026,https://www.combien-coute.net/cigarette/autriche/feldkirch/,https://www.combien-coute.net/cigarette/autriche/feldkirch/,detail
Graz,ville,Autriche,autriche,Marlboro,2026-05-01,6.76,,,,6.76,6.5,7,,,,2026-05-01,2026,https://www.combien-coute.net/cigarette/autriche/graz/,https://www.combien-coute.net/cigarette/autriche/graz/,detail
Innsbruck,ville,Autriche,autriche,Marlboro,2025-11-25,6.5,,,,6.5,6.5,7,,,,2025-11-25,2026,https://www.combien-coute.net/cigarette/autriche/innsbruck/,https://www.combien-coute.net/cigarette/autriche/innsbruck/,detail
Kapfenberg,ville,Autriche,autriche,Marlboro,2026-04-18,6,,,,6,5.8,6.3,,,,2026-04-18,2026,https://www.combien-coute.net/cigarette/autriche/kapfenberg/,https://www.combien-coute.net/cigarette/autriche/kapfenberg/,detail
Klagenfurt,ville,Autriche,autriche,Marlboro,2025-11-24,7,,,,7,6.4,8.2,,,,2025-11-24,2026,https://www.combien-coute.net/cigarette/autriche/klagenfurt/,https://www.combien-coute.net/cigarette/autriche/klagenfurt/,detail
Kufstein,ville,Autriche,autriche,Marlboro,2026-04-19,6.8,,,,6.8,6.5,7.1,,,,2026-04-19,2026,https://www.combien-coute.net/cigarette/autriche/kufstein/,https://www.combien-coute.net/cigarette/autriche/kufstein/,detail
Leoben,ville,Autriche,autriche,Marlboro,2026-04-16,6,,,,6,5.8,8,,,,2026-04-16,2026,https://www.combien-coute.net/cigarette/autriche/leoben/,https://www.combien-coute.net/cigarette/autriche/leoben/,detail
Linz,ville,Autriche,autriche,Marlboro,2026-05-01,6,,,,6,5.8,6.3,,,,2026-05-01,2026,https://www.combien-coute.net/cigarette/autriche/linz/,https://www.combien-coute.net/cigarette/autriche/linz/,detail
Salzbourg,ville,Autriche,autriche,Marlboro,2025-11-24,6.25,,,,6.25,6,7.99,,,,2025-11-24,2026,https://www.combien-coute.net/cigarette/autriche/salzbourg/,https://www.combien-coute.net/cigarette/autriche/salzbourg/,detail
Schwechat,ville,Autriche,autriche,Marlboro,2026-04-14,6.25,,,,6.25,6,7,,,,2026-04-14,2026,https://www.combien-coute.net/cigarette/autriche/schwechat/,https://www.combien-coute.net/cigarette/autriche/schwechat/,detail
Steyr,ville,Autriche,autriche,Marlboro,2026-04-16,6.76,,,,6.76,6.5,7,,,,2026-04-16,2026,https://www.combien-coute.net/cigarette/autriche/steyr/,https://www.combien-coute.net/cigarette/autriche/steyr/,detail
Vienne,ville,Autriche,autriche,Marlboro,2026-05-01,6.5,,,,6.5,6,7,,,,2026-05-01,2026,https://www.combien-coute.net/cigarette/autriche/vienne/,https://www.combien-coute.net/cigarette/autriche/vienne/,detail
Villach,ville,Autriche,autriche,Marlboro,2026-04-17,6.8,,,,6.8,6.5,6.8,,,,2026-04-17,2026,https://www.combien-coute.net/cigarette/autriche/villach/,https://www.combien-coute.net/cigarette/autriche/villach/,detail
Wels,ville,Autriche,autriche,Marlboro,2026-04-16,6.6,,,,6.6,6.5,7,,,,2026-04-16,2026,https://www.combien-coute.net/cigarette/autriche/wels/,https://www.combien-coute.net/cigarette/autriche/wels/,detail
Clermont-Ferrand,ville,Auvergne,auvergne,Marlboro,2026-04-18,11.75,,,,11.75,10,14,,,,2026-04-18,2026,https://www.combien-coute.net/cigarette/auvergne/clermont-ferrand/,https://www.combien-coute.net/cigarette/auvergne/clermont-ferrand/,detail
Bakou,ville,Azerbaïdjan,azerbaidjan,Marlboro,2026-04-27,3.01,6,AZN,Manat d'Azerbaïdjan,3.01,2.51,4.02,6,5,8,2026-04-27,2026,https://www.combien-coute.net/cigarette/azerbaidjan/bakou/,https://www.combien-coute.net/cigarette/azerbaidjan/bakou/,detail
Imishli,ville,Azerbaïdjan,azerbaidjan,Marlboro,2024-01-31,2.5,5,AZN,Manat d'Azerbaïdjan,2.5,2.07,3.53,5,4,7,2024-01-31,2026,https://www.combien-coute.net/cigarette/azerbaidjan/imishli/,https://www.combien-coute.net/cigarette/azerbaidjan/imishli/,detail
Lankaran,ville,Azerbaïdjan,azerbaidjan,Marlboro,2026-04-24,2.52,5,AZN,Manat d'Azerbaïdjan,2.52,2.52,4.03,5,5,8,2026-04-24,2026,https://www.combien-coute.net/cigarette/azerbaidjan/lankaran/,https://www.combien-coute.net/cigarette/azerbaidjan/lankaran/,detail
Qusar,ville,Azerbaïdjan,azerbaidjan,Marlboro,2026-04-16,2.99,6,AZN,Manat d'Azerbaïdjan,2.99,2.49,3.99,6,5,8,2026-04-16,2026,https://www.combien-coute.net/cigarette/azerbaidjan/qusar/,https://www.combien-coute.net/cigarette/azerbaidjan/qusar/,detail
Sabirabad,ville,Azerbaïdjan,azerbaidjan,Marlboro,2026-04-16,2.99,6,AZN,Manat d'Azerbaïdjan,2.99,2.49,3.99,6,5,8,2026-04-16,2026,https://www.combien-coute.net/cigarette/azerbaidjan/sabirabad/,https://www.combien-coute.net/cigarette/azerbaidjan/sabirabad/,detail
Angra do Heroismo (Terceira),ville,Açores,acores,Marlboro,2025-11-24,4.1,,,,4.1,4,4.2,,,,2025-11-24,2026,https://www.combien-coute.net/cigarette/acores/terceira/,https://www.combien-coute.net/cigarette/acores/terceira/,detail
Ponta Delgada,ville,Açores,acores,Marlboro,2025-11-25,4,,,,4,3.5,4.5,,,,2025-11-25,2026,https://www.combien-coute.net/cigarette/acores/ponta-delgada/,https://www.combien-coute.net/cigarette/acores/ponta-delgada/,detail
Freeport,ville,Bahamas,bahamas,Marlboro,2026-04-19,12.74,15,$ (BSD),Dollar des Bahamas,12.74,,,15,,,2026-04-19,2026,https://www.combien-coute.net/cigarette/bahamas/freeport/,https://www.combien-coute.net/cigarette/bahamas/freeport/,detail
Nassau,ville,Bahamas,bahamas,Marlboro,2026-04-18,12.74,15,$ (BSD),Dollar des Bahamas,12.74,11.63,13.59,15,14,16,2026-04-18,2026,https://www.combien-coute.net/cigarette/bahamas/nassau/,https://www.combien-coute.net/cigarette/bahamas/nassau/,detail
Paradise Island,ville,Bahamas,bahamas,Marlboro,2025-12-18,12.78,15,$ (BSD),Dollar des Bahamas,12.78,11.66,13.63,15,14,16,2025-12-18,2026,https://www.combien-coute.net/cigarette/bahamas/paradise-island/,https://www.combien-coute.net/cigarette/bahamas/paradise-island/,detail
Al Muharraq,ville,Bahreïn,bahrein,Marlboro,2026-04-24,4.53,2,BHD,Dinar bahreïni,4.53,4.31,5.66,2,2,3,2026-04-24,2026,https://www.combien-coute.net/cigarette/bahrein/al-muharraq/,https://www.combien-coute.net/cigarette/bahrein/al-muharraq/,detail
Madinat Hamad,ville,Bahreïn,bahrein,Marlboro,2017-11-21,3.39,2,BHD,Dinar bahreïni,3.39,3.39,3.39,2,2,2,2017-11-21,2026,https://www.combien-coute.net/cigarette/bahrein/madinat-hamad/,https://www.combien-coute.net/cigarette/bahrein/madinat-hamad/,detail
Manama,ville,Bahreïn,bahrein,Marlboro,2026-04-25,4.52,2,BHD,Dinar bahreïni,4.52,4.29,5.65,2,2,2,2026-04-25,2026,https://www.combien-coute.net/cigarette/bahrein/manama/,https://www.combien-coute.net/cigarette/bahrein/manama/,detail
Sitrah,ville,Bahreïn,bahrein,Marlboro,2026-04-25,4.52,2,BHD,Dinar bahreïni,4.52,4.29,5.65,2,2,2,2026-04-25,2026,https://www.combien-coute.net/cigarette/bahrein/sitrah/,https://www.combien-coute.net/cigarette/bahrein/sitrah/,detail
Denpasar,ville,Bali,bali,Marlboro,2026-04-19,1.98,39954,IDR,Monnaie,1.98,1.39,2.23,39954,28049,44999,2026-04-19,2026,https://www.combien-coute.net/cigarette/bali/denpasar/,https://www.combien-coute.net/cigarette/bali/denpasar/,detail
Ubud,ville,Bali,bali,Marlboro,2026-04-25,1.88,37916,IDR,Monnaie,1.88,1.48,2.47,37916,29849,49815,2026-04-25,2026,https://www.combien-coute.net/cigarette/bali/ubud/,https://www.combien-coute.net/cigarette/bali/ubud/,detail
Ibiza,ville,Baléares,iles-baleares,Marlboro,2026-04-30,4.8,,,,4.8,,,,,,2026-04-30,2026,https://www.combien-coute.net/cigarette/iles-baleares/ibiza/,https://www.combien-coute.net/cigarette/iles-baleares/,liste_parent
Majorque,ville,Baléares,iles-baleares,Marlboro,2026-04-30,6,,,,6,,,,,,2026-04-30,2026,https://www.combien-coute.net/cigarette/iles-baleares/majorque/,https://www.combien-coute.net/cigarette/iles-baleares/,liste_parent
Barisal,ville,Bangladesh,bangladesh,Marlboro,2017-11-21,3.06,300,BDT,Taka,3.06,3.06,3.06,300,300,300,2017-11-21,2026,https://www.combien-coute.net/cigarette/bangladesh/barisal/,https://www.combien-coute.net/cigarette/bangladesh/barisal/,detail
Bogra,ville,Bangladesh,bangladesh,Marlboro,2026-04-26,2.23,321,BDT,Taka,2.23,1.74,3.13,321,250,450,2026-04-26,2026,https://www.combien-coute.net/cigarette/bangladesh/bogra/,https://www.combien-coute.net/cigarette/bangladesh/bogra/,detail
Chittagong,ville,Bangladesh,bangladesh,Marlboro,2025-11-24,2.59,365,BDT,Taka,2.59,2.48,2.84,365,350,400,2025-11-24,2026,https://www.combien-coute.net/cigarette/bangladesh/chittagong/,https://www.combien-coute.net/cigarette/bangladesh/chittagong/,detail
Dacca,ville,Bangladesh,bangladesh,Marlboro,2025-11-24,2.84,400,BDT,Taka,2.84,2.55,3.12,400,360,440,2025-11-24,2026,https://www.combien-coute.net/cigarette/bangladesh/dacca/,https://www.combien-coute.net/cigarette/bangladesh/dacca/,detail
Jessore,ville,Bangladesh,bangladesh,Marlboro,2017-11-21,2.25,220,BDT,Taka,2.25,1.71,3.06,220,168,300,2017-11-21,2026,https://www.combien-coute.net/cigarette/bangladesh/jessore/,https://www.combien-coute.net/cigarette/bangladesh/jessore/,detail
Khulnâ,ville,Bangladesh,bangladesh,Marlboro,2026-04-16,2.55,370,BDT,Taka,2.55,2.41,3.45,370,349,500,2026-04-16,2026,https://www.combien-coute.net/cigarette/bangladesh/khuln-/,https://www.combien-coute.net/cigarette/bangladesh/khuln-/,detail
Mymensingh,ville,Bangladesh,bangladesh,Marlboro,2026-04-16,1.86,270,BDT,Taka,1.86,1.38,3.1,270,200,449,2026-04-16,2026,https://www.combien-coute.net/cigarette/bangladesh/mymensingh/,https://www.combien-coute.net/cigarette/bangladesh/mymensingh/,detail
Narail,ville,Bangladesh,bangladesh,Marlboro,2017-11-21,3.06,300,BDT,Taka,3.06,3.06,3.06,300,300,300,2017-11-21,2026,https://www.combien-coute.net/cigarette/bangladesh/narail/,https://www.combien-coute.net/cigarette/bangladesh/narail/,detail
Narayanganj,ville,Bangladesh,bangladesh,Marlboro,2017-11-21,2.04,200,BDT,Taka,2.04,2.04,2.14,200,200,210,2017-11-21,2026,https://www.combien-coute.net/cigarette/bangladesh/narayanganj/,https://www.combien-coute.net/cigarette/bangladesh/narayanganj/,detail
Nawabganj,ville,Bangladesh,bangladesh,Marlboro,2017-11-21,2.25,220,BDT,Taka,2.25,1.71,3.06,220,168,300,2017-11-21,2026,https://www.combien-coute.net/cigarette/bangladesh/nawabganj/,https://www.combien-coute.net/cigarette/bangladesh/nawabganj/,detail
Rajshahi,ville,Bangladesh,bangladesh,Marlboro,2026-04-16,2.41,349,BDT,Taka,2.41,2.07,3.45,349,300,500,2026-04-16,2026,https://www.combien-coute.net/cigarette/bangladesh/rajshahi/,https://www.combien-coute.net/cigarette/bangladesh/rajshahi/,detail
Savar,ville,Bangladesh,bangladesh,Marlboro,2026-04-24,2.55,368,BDT,Taka,2.55,2.44,2.79,368,352,402,2026-04-24,2026,https://www.combien-coute.net/cigarette/bangladesh/savar/,https://www.combien-coute.net/cigarette/bangladesh/savar/,detail
Sylhet,ville,Bangladesh,bangladesh,Marlboro,2026-04-16,2.41,349,BDT,Taka,2.41,2.07,3.1,349,300,449,2026-04-16,2026,https://www.combien-coute.net/cigarette/bangladesh/sylhet/,https://www.combien-coute.net/cigarette/bangladesh/sylhet/,detail
Tangail,ville,Bangladesh,bangladesh,Marlboro,2017-11-21,2.04,200,BDT,Taka,2.04,2.04,2.25,200,200,220,2017-11-21,2026,https://www.combien-coute.net/cigarette/bangladesh/tangail/,https://www.combien-coute.net/cigarette/bangladesh/tangail/,detail
Bridgetown,ville,Barbade,barbade,Marlboro,2026-04-17,8.49,20,$ (BBD),Dollar de Barbade,8.49,,,20,,,2026-04-17,2026,https://www.combien-coute.net/cigarette/barbade/bridgetown/,https://www.combien-coute.net/cigarette/barbade/bridgetown/,detail
Hastings,ville,Barbade,barbade,Marlboro,2017-11-20,14.55,25,$ (BBD),Dollar de Barbade,14.55,11.64,14.55,25,20,25,2017-11-20,2026,https://www.combien-coute.net/cigarette/barbade/hastings/,https://www.combien-coute.net/cigarette/barbade/hastings/,detail
Holetown,ville,Barbade,barbade,Marlboro,2024-01-18,9.2,20,$ (BBD),Dollar de Barbade,9.2,8.28,10.12,20,18,22,2024-01-18,2026,https://www.combien-coute.net/cigarette/barbade/holetown/,https://www.combien-coute.net/cigarette/barbade/holetown/,detail
Oistins,ville,Barbade,barbade,Marlboro,2022-07-16,9.97,20,$ (BBD),Dollar de Barbade,9.97,8.97,10.97,20,18,22,2022-07-16,2026,https://www.combien-coute.net/cigarette/barbade/oistins/,https://www.combien-coute.net/cigarette/barbade/oistins/,detail
Speightstown,ville,Barbade,barbade,Marlboro,2024-01-18,9.2,20,$ (BBD),Dollar de Barbade,9.2,8.28,10.12,20,18,22,2024-01-18,2026,https://www.combien-coute.net/cigarette/barbade/speightstown/,https://www.combien-coute.net/cigarette/barbade/speightstown/,detail
Aalst,ville,Belgique,belgique,Marlboro,2026-04-16,11.5,,,,11.5,10,12,,,,2026-04-16,2026,https://www.combien-coute.net/cigarette/belgique/aalst/,https://www.combien-coute.net/cigarette/belgique/aalst/,detail
Anvers (Antwerpen),ville,Belgique,belgique,Marlboro,2026-04-22,11.5,,,,11.5,10,13,,,,2026-04-22,2026,https://www.combien-coute.net/cigarette/belgique/anvers/,https://www.combien-coute.net/cigarette/belgique/anvers/,detail
Arlon,ville,Belgique,belgique,Marlboro,2017-11-21,8.5,,,,8.5,,,,,,2017-11-21,2026,https://www.combien-coute.net/cigarette/belgique/arlon/,https://www.combien-coute.net/cigarette/belgique/arlon/,detail
Beringen,ville,Belgique,belgique,Marlboro,2026-04-16,12,,,,12,11,12,,,,2026-04-16,2026,https://www.combien-coute.net/cigarette/belgique/beringen/,https://www.combien-coute.net/cigarette/belgique/beringen/,detail
Bruges,ville,Belgique,belgique,Marlboro,2026-05-01,11.75,,,,11.75,10,13,,,,2026-05-01,2026,https://www.combien-coute.net/cigarette/belgique/bruges/,https://www.combien-coute.net/cigarette/belgique/bruges/,detail
Bruxelles,ville,Belgique,belgique,Marlboro,2026-05-01,12,,,,12,11,12.5,,,,2026-05-01,2026,https://www.combien-coute.net/cigarette/belgique/bruxelles/,https://www.combien-coute.net/cigarette/belgique/bruxelles/,detail
Charleroi,ville,Belgique,belgique,Marlboro,2026-04-20,9.5,,,,9.5,8,13,,,,2026-04-20,2026,https://www.combien-coute.net/cigarette/belgique/charleroi/,https://www.combien-coute.net/cigarette/belgique/charleroi/,detail
Courtrai,ville,Belgique,belgique,Marlboro,2026-04-18,11.5,,,,11.5,8.5,12.5,,,,2026-04-18,2026,https://www.combien-coute.net/cigarette/belgique/courtrai/,https://www.combien-coute.net/cigarette/belgique/courtrai/,detail
Gand,ville,Belgique,belgique,Marlboro,2026-05-01,11.73,,,,11.73,10.5,12,,,,2026-05-01,2026,https://www.combien-coute.net/cigarette/belgique/gand/,https://www.combien-coute.net/cigarette/belgique/gand/,detail
Genk,ville,Belgique,belgique,Marlboro,2026-04-16,11.5,,,,11.5,10,15,,,,2026-04-16,2026,https://www.combien-coute.net/cigarette/belgique/genk/,https://www.combien-coute.net/cigarette/belgique/genk/,detail
Hasselt,ville,Belgique,belgique,Marlboro,2026-04-16,11.5,,,,11.5,10,20,,,,2026-04-16,2026,https://www.combien-coute.net/cigarette/belgique/hasselt/,https://www.combien-coute.net/cigarette/belgique/hasselt/,detail
Liège,ville,Belgique,belgique,Marlboro,2026-05-01,8.1,,,,8.1,8,15,,,,2026-05-01,2026,https://www.combien-coute.net/cigarette/belgique/liege/,https://www.combien-coute.net/cigarette/belgique/liege/,detail
Louvain,ville,Belgique,belgique,Marlboro,2026-04-18,12,,,,12,8.5,12.5,,,,2026-04-18,2026,https://www.combien-coute.net/cigarette/belgique/louvain/,https://www.combien-coute.net/cigarette/belgique/louvain/,detail
Louvain-la-Neuve,ville,Belgique,belgique,Marlboro,2026-04-15,8.1,,,,8.1,8,15,,,,2026-04-15,2026,https://www.combien-coute.net/cigarette/belgique/louvain-la-neuve/,https://www.combien-coute.net/cigarette/belgique/louvain-la-neuve/,detail
Malines,ville,Belgique,belgique,Marlboro,2026-04-17,11.73,,,,11.73,10.5,12,,,,2026-04-17,2026,https://www.combien-coute.net/cigarette/belgique/malines/,https://www.combien-coute.net/cigarette/belgique/malines/,detail
Mons,ville,Belgique,belgique,Marlboro,2026-04-27,8.7,,,,8.7,8,12,,,,2026-04-27,2026,https://www.combien-coute.net/cigarette/belgique/mons/,https://www.combien-coute.net/cigarette/belgique/mons/,detail
Mouscron,ville,Belgique,belgique,Marlboro,2026-04-16,12,,,,12,8.5,12.5,,,,2026-04-16,2026,https://www.combien-coute.net/cigarette/belgique/mouscron/,https://www.combien-coute.net/cigarette/belgique/mouscron/,detail
Namur,ville,Belgique,belgique,Marlboro,2026-04-27,10.5,,,,10.5,8.1,13,,,,2026-04-27,2026,https://www.combien-coute.net/cigarette/belgique/namur/,https://www.combien-coute.net/cigarette/belgique/namur/,detail
Ostende,ville,Belgique,belgique,Marlboro,2026-04-30,9,,,,9,8.1,12.5,,,,2026-04-30,2026,https://www.combien-coute.net/cigarette/belgique/oostende/,https://www.combien-coute.net/cigarette/belgique/oostende/,detail
Roulers,ville,Belgique,belgique,Marlboro,2026-04-16,12,,,,12,8.5,12.5,,,,2026-04-16,2026,https://www.combien-coute.net/cigarette/belgique/roulers/,https://www.combien-coute.net/cigarette/belgique/roulers/,detail
Seraing,ville,Belgique,belgique,Marlboro,2026-04-16,8.1,,,,8.1,8,15,,,,2026-04-16,2026,https://www.combien-coute.net/cigarette/belgique/seraing/,https://www.combien-coute.net/cigarette/belgique/seraing/,detail
Termonde,ville,Belgique,belgique,Marlboro,2026-04-18,12,,,,12,8.5,12.5,,,,2026-04-18,2026,https://www.combien-coute.net/cigarette/belgique/termonde/,https://www.combien-coute.net/cigarette/belgique/termonde/,detail
Tournai,ville,Belgique,belgique,Marlboro,2026-04-28,11.5,,,,11.5,10,13,,,,2026-04-28,2026,https://www.combien-coute.net/cigarette/belgique/tournai/,https://www.combien-coute.net/cigarette/belgique/tournai/,detail
Turnhout,ville,Belgique,belgique,Marlboro,2026-04-19,11.73,,,,11.73,10.5,12,,,,2026-04-19,2026,https://www.combien-coute.net/cigarette/belgique/turnhout/,https://www.combien-coute.net/cigarette/belgique/turnhout/,detail
Verviers,ville,Belgique,belgique,Marlboro,2026-04-17,8.1,,,,8.1,8,15,,,,2026-04-17,2026,https://www.combien-coute.net/cigarette/belgique/verviers/,https://www.combien-coute.net/cigarette/belgique/verviers/,detail
Virton,ville,Belgique,belgique,Marlboro,2026-04-28,12,,,,12,11,12.5,,,,2026-04-28,2026,https://www.combien-coute.net/cigarette/belgique/virton/,https://www.combien-coute.net/cigarette/belgique/virton/,detail
Belize City,ville,Belize,belize,Marlboro,2026-04-14,4.25,10,$ (BZD),Dollar de Belize,4.25,3.39,6.8,10,8,16,2026-04-14,2026,https://www.combien-coute.net/cigarette/belize/belize-city/,https://www.combien-coute.net/cigarette/belize/belize-city/,detail
Belmopan,ville,Belize,belize,Marlboro,2023-11-27,3.65,8,$ (BZD),Dollar de Belize,3.65,,,8,,,2023-11-27,2026,https://www.combien-coute.net/cigarette/belize/belmopan/,https://www.combien-coute.net/cigarette/belize/belmopan/,detail
Corozal,ville,Belize,belize,Marlboro,2024-10-22,2.99,7,$ (BZD),Dollar de Belize,2.99,2.3,3.68,7,5,8,2024-10-22,2026,https://www.combien-coute.net/cigarette/belize/corozal/,https://www.combien-coute.net/cigarette/belize/corozal/,detail
Dangriga,ville,Belize,belize,Marlboro,2024-01-22,3.64,8,$ (BZD),Dollar de Belize,3.64,3.64,3.64,8,8,8,2024-01-22,2026,https://www.combien-coute.net/cigarette/belize/dangriga/,https://www.combien-coute.net/cigarette/belize/dangriga/,detail
Orange Walk,ville,Belize,belize,Marlboro,2025-01-05,3.86,8,$ (BZD),Dollar de Belize,3.86,,,8,,,2025-01-05,2026,https://www.combien-coute.net/cigarette/belize/orange-walk/,https://www.combien-coute.net/cigarette/belize/orange-walk/,detail
Punta Gorda,ville,Belize,belize,Marlboro,2026-04-14,5.83,14,$ (BZD),Dollar de Belize,5.83,,,14,,,2026-04-14,2026,https://www.combien-coute.net/cigarette/belize/punta-gorda/,https://www.combien-coute.net/cigarette/belize/punta-gorda/,detail
San Ignacio,ville,Belize,belize,Marlboro,2024-01-24,4.12,9,$ (BZD),Dollar de Belize,4.12,4.12,4.12,9,9,9,2024-01-24,2026,https://www.combien-coute.net/cigarette/belize/san-ignacio/,https://www.combien-coute.net/cigarette/belize/san-ignacio/,detail
Hamilton,ville,Bermudes,bermudes,Marlboro,2026-04-20,15.02,18,$ (BMD),dollar des Bermudes,15.02,11.93,17.05,18,14,20,2026-04-20,2026,https://www.combien-coute.net/cigarette/bermudes/hamilton/,https://www.combien-coute.net/cigarette/bermudes/hamilton/,detail
Saint George's (Bermudes),ville,Bermudes,bermudes,Marlboro,2026-04-17,14.96,18,$ (BMD),dollar des Bermudes,14.96,11.88,20.37,18,14,24,2026-04-17,2026,https://www.combien-coute.net/cigarette/bermudes/saint-george/,https://www.combien-coute.net/cigarette/bermudes/saint-george/,detail
Paro,ville,Bhoutan,bhoutan,Marlboro,2017-11-21,2.62,200,BTN,Ngultrum,2.62,2.62,2.62,200,200,200,2017-11-21,2026,https://www.combien-coute.net/cigarette/bhoutan/paro/,https://www.combien-coute.net/cigarette/bhoutan/paro/,detail
Punakha,ville,Bhoutan,bhoutan,Marlboro,2017-11-21,2.62,200,BTN,Ngultrum,2.62,2.62,2.62,200,200,200,2017-11-21,2026,https://www.combien-coute.net/cigarette/bhoutan/punakha/,https://www.combien-coute.net/cigarette/bhoutan/punakha/,detail
Thimphou,ville,Bhoutan,bhoutan,Marlboro,2026-04-18,2.98,327,BTN,Ngultrum,2.98,1.83,4.58,327,201,503,2026-04-18,2026,https://www.combien-coute.net/cigarette/bhoutan/thimphou/,https://www.combien-coute.net/cigarette/bhoutan/thimphou/,detail
Mandalay,ville,Birmanie (Myanmar),birmanie,Marlboro,2026-04-19,0.85,2102,MMK,kyat,0.85,,,2102,,,2026-04-19,2026,https://www.combien-coute.net/cigarette/birmanie/mandalay/,https://www.combien-coute.net/cigarette/birmanie/mandalay/,detail
Sittwe,ville,Birmanie (Myanmar),birmanie,Marlboro,2017-11-21,1.7,2,MMK,kyat,1.7,,,2,,,2017-11-21,2026,https://www.combien-coute.net/cigarette/birmanie/sittwe/,https://www.combien-coute.net/cigarette/birmanie/sittwe/,detail
Yangon (Rangoun),ville,Birmanie (Myanmar),birmanie,Marlboro,2026-04-28,1.4,3448,MMK,kyat,1.4,0.6,1.71,3448,1478,4212,2026-04-28,2026,https://www.combien-coute.net/cigarette/birmanie/yangon/,https://www.combien-coute.net/cigarette/birmanie/yangon/,detail
Babruysk,ville,Biélorussie,bielorussie,Marlboro,2026-04-18,1.79,6,BYN,rouble biélorusse,1.79,1.5,2.99,6,5,10,2026-04-18,2026,https://www.combien-coute.net/cigarette/bielorussie/babruysk/,https://www.combien-coute.net/cigarette/bielorussie/babruysk/,detail
Brest (Biélorussie),ville,Biélorussie,bielorussie,Marlboro,2026-04-15,2.39,8,BYN,rouble biélorusse,2.39,1.79,2.99,8,6,10,2026-04-15,2026,https://www.combien-coute.net/cigarette/bielorussie/brest/,https://www.combien-coute.net/cigarette/bielorussie/brest/,detail
Horki,ville,Biélorussie,bielorussie,Marlboro,2026-04-17,2.09,7,BYN,rouble biélorusse,2.09,1.79,2.39,7,6,8,2026-04-17,2026,https://www.combien-coute.net/cigarette/bielorussie/horki/,https://www.combien-coute.net/cigarette/bielorussie/horki/,detail
Hrodna,ville,Biélorussie,bielorussie,Marlboro,2026-04-18,2.09,7,BYN,rouble biélorusse,2.09,1.79,2.39,7,6,8,2026-04-18,2026,https://www.combien-coute.net/cigarette/bielorussie/hrodna/,https://www.combien-coute.net/cigarette/bielorussie/hrodna/,detail
Kobryn,ville,Biélorussie,bielorussie,Marlboro,2026-04-17,2.09,7,BYN,rouble biélorusse,2.09,1.79,2.39,7,6,8,2026-04-17,2026,https://www.combien-coute.net/cigarette/bielorussie/kobryn/,https://www.combien-coute.net/cigarette/bielorussie/kobryn/,detail
Minsk,ville,Biélorussie,bielorussie,Marlboro,2026-05-01,2.11,7,BYN,rouble biélorusse,2.11,1.81,2.42,7,6,8,2026-05-01,2026,https://www.combien-coute.net/cigarette/bielorussie/minsk/,https://www.combien-coute.net/cigarette/bielorussie/minsk/,detail
Navapolatsk,ville,Biélorussie,bielorussie,Marlboro,2026-04-17,2.09,7,BYN,rouble biélorusse,2.09,1.79,2.39,7,6,8,2026-04-17,2026,https://www.combien-coute.net/cigarette/bielorussie/navapolatsk/,https://www.combien-coute.net/cigarette/bielorussie/navapolatsk/,detail
Orsha,ville,Biélorussie,bielorussie,Marlboro,2026-04-17,1.79,6,BYN,rouble biélorusse,1.79,1.49,2.98,6,5,10,2026-04-17,2026,https://www.combien-coute.net/cigarette/bielorussie/orsha/,https://www.combien-coute.net/cigarette/bielorussie/orsha/,detail
Salihorsk,ville,Biélorussie,bielorussie,Marlboro,2026-04-17,1.79,6,BYN,rouble biélorusse,1.79,1.49,2.98,6,5,10,2026-04-17,2026,https://www.combien-coute.net/cigarette/bielorussie/salihorsk/,https://www.combien-coute.net/cigarette/bielorussie/salihorsk/,detail
Vitebsk,ville,Biélorussie,bielorussie,Marlboro,2026-04-21,1.8,6,BYN,rouble biélorusse,1.8,1.5,2.99,6,5,10,2026-04-21,2026,https://www.combien-coute.net/cigarette/bielorussie/vitebsk/,https://www.combien-coute.net/cigarette/bielorussie/vitebsk/,detail
Zhlobin,ville,Biélorussie,bielorussie,Marlboro,2026-04-17,2.09,7,BYN,rouble biélorusse,2.09,1.79,2.39,7,6,8,2026-04-17,2026,https://www.combien-coute.net/cigarette/bielorussie/zhlobin/,https://www.combien-coute.net/cigarette/bielorussie/zhlobin/,detail
Cochabamba,ville,Bolivie,bolivie,Marlboro,2025-11-24,2.26,18,BOB,Boliviano,2.26,1.89,2.52,18,15,20,2025-11-24,2026,https://www.combien-coute.net/cigarette/bolivie/cochabamba/,https://www.combien-coute.net/cigarette/bolivie/cochabamba/,detail
La Paz,ville,Bolivie,bolivie,Marlboro,2026-04-27,2.6,21,BOB,Boliviano,2.6,2.23,3.09,21,18,25,2026-04-27,2026,https://www.combien-coute.net/cigarette/bolivie/la-paz/,https://www.combien-coute.net/cigarette/bolivie/la-paz/,detail
Oruro,ville,Bolivie,bolivie,Marlboro,2025-12-11,2.47,20,BOB,Boliviano,2.47,1.86,2.85,20,15,23,2025-12-11,2026,https://www.combien-coute.net/cigarette/bolivie/oruro/,https://www.combien-coute.net/cigarette/bolivie/oruro/,detail
Potosi,ville,Bolivie,bolivie,Marlboro,2017-11-21,1.83,15,BOB,Boliviano,1.83,,,15,,,2017-11-21,2026,https://www.combien-coute.net/cigarette/bolivie/potosi/,https://www.combien-coute.net/cigarette/bolivie/potosi/,detail
Santa Cruz de la Sierra,ville,Bolivie,bolivie,Marlboro,2026-04-17,2.95,24,BOB,Boliviano,2.95,2.83,3.07,24,23,25,2026-04-17,2026,https://www.combien-coute.net/cigarette/bolivie/santa-cruz/,https://www.combien-coute.net/cigarette/bolivie/santa-cruz/,detail
Sucre,ville,Bolivie,bolivie,Marlboro,2026-04-20,1.6,13,BOB,Boliviano,1.6,,,13,,,2026-04-20,2026,https://www.combien-coute.net/cigarette/bolivie/sucre/,https://www.combien-coute.net/cigarette/bolivie/sucre/,detail
Trinidad,ville,Bolivie,bolivie,Marlboro,2017-11-20,3.53,28,BOB,Boliviano,3.53,2.77,3.78,28,22,30,2017-11-20,2026,https://www.combien-coute.net/cigarette/bolivie/trinidad/,https://www.combien-coute.net/cigarette/bolivie/trinidad/,detail
Balikpapan,ville,Bornéo - partie indonésienne (Kalimantan),kalimantan-borneo,Marlboro,2026-04-29,1.63,32859,IDR,Monnaie,1.63,1.48,2.23,32859,29835,44954,2026-04-29,2026,https://www.combien-coute.net/cigarette/kalimantan-borneo/balikpapan/,https://www.combien-coute.net/cigarette/kalimantan-borneo/balikpapan/,detail
Banjarmasin,ville,Bornéo - partie indonésienne (Kalimantan),kalimantan-borneo,Marlboro,2026-04-28,1.68,33916,IDR,Monnaie,1.68,1.39,1.98,33916,28061,39972,2026-04-28,2026,https://www.combien-coute.net/cigarette/kalimantan-borneo/banjarmasin/,https://www.combien-coute.net/cigarette/kalimantan-borneo/banjarmasin/,detail
Bontang,ville,Bornéo - partie indonésienne (Kalimantan),kalimantan-borneo,Marlboro,2019-08-16,1.13,18000,IDR,Monnaie,1.13,,,18000,,,2019-08-16,2026,https://www.combien-coute.net/cigarette/kalimantan-borneo/bontang/,https://www.combien-coute.net/cigarette/kalimantan-borneo/bontang/,detail
Pontianak (Bornéo),ville,Bornéo - partie indonésienne (Kalimantan),kalimantan-borneo,Marlboro,2026-04-29,2.47,49792,IDR,Monnaie,2.47,0.99,2.72,49792,19957,54831,2026-04-29,2026,https://www.combien-coute.net/cigarette/kalimantan-borneo/borneo-pontianak/,https://www.combien-coute.net/cigarette/kalimantan-borneo/borneo-pontianak/,detail
Samarinda,ville,Bornéo - partie indonésienne (Kalimantan),kalimantan-borneo,Marlboro,2026-04-29,1.81,36487,IDR,Monnaie,1.81,1.73,1.88,36487,34874,37898,2026-04-29,2026,https://www.combien-coute.net/cigarette/kalimantan-borneo/samarinda/,https://www.combien-coute.net/cigarette/kalimantan-borneo/samarinda/,detail
Banja-Luka,ville,Bosnie-Herzégovine,bosnie-herzegovine,Marlboro,2025-11-24,3.3,6,BAM,mark convertible,3.3,3.17,3.58,6,6,7,2025-11-24,2026,https://www.combien-coute.net/cigarette/bosnie-herzegovine/banja-luka/,https://www.combien-coute.net/cigarette/bosnie-herzegovine/banja-luka/,detail
Bijeljina,ville,Bosnie-Herzégovine,bosnie-herzegovine,Marlboro,2026-04-19,3.35,7,BAM,mark convertible,3.35,3.07,3.58,7,6,7,2026-04-19,2026,https://www.combien-coute.net/cigarette/bosnie-herzegovine/bijeljina/,https://www.combien-coute.net/cigarette/bosnie-herzegovine/bijeljina/,detail
Bugojno,ville,Bosnie-Herzégovine,bosnie-herzegovine,Marlboro,2026-04-18,3.25,6,BAM,mark convertible,3.25,3.18,3.48,6,6,7,2026-04-18,2026,https://www.combien-coute.net/cigarette/bosnie-herzegovine/bugojno/,https://www.combien-coute.net/cigarette/bosnie-herzegovine/bugojno/,detail
Capljina,ville,Bosnie-Herzégovine,bosnie-herzegovine,Marlboro,2026-04-18,3.25,6,BAM,mark convertible,3.25,3.18,3.48,6,6,7,2026-04-18,2026,https://www.combien-coute.net/cigarette/bosnie-herzegovine/capljina/,https://www.combien-coute.net/cigarette/bosnie-herzegovine/capljina/,detail
Cazin,ville,Bosnie-Herzégovine,bosnie-herzegovine,Marlboro,2026-04-17,3.45,7,BAM,mark convertible,3.45,3.32,3.58,7,6,7,2026-04-17,2026,https://www.combien-coute.net/cigarette/bosnie-herzegovine/cazin/,https://www.combien-coute.net/cigarette/bosnie-herzegovine/cazin/,detail
Doboj,ville,Bosnie-Herzégovine,bosnie-herzegovine,Marlboro,2026-04-18,3.07,6,BAM,mark convertible,3.07,3.07,3.59,6,6,7,2026-04-18,2026,https://www.combien-coute.net/cigarette/bosnie-herzegovine/doboj/,https://www.combien-coute.net/cigarette/bosnie-herzegovine/doboj/,detail
Gracanica,ville,Bosnie-Herzégovine,bosnie-herzegovine,Marlboro,2026-04-17,3.48,7,BAM,mark convertible,3.48,3.32,3.58,7,6,7,2026-04-17,2026,https://www.combien-coute.net/cigarette/bosnie-herzegovine/gracanica/,https://www.combien-coute.net/cigarette/bosnie-herzegovine/gracanica/,detail
Gradacac,ville,Bosnie-Herzégovine,bosnie-herzegovine,Marlboro,2026-04-18,3.48,7,BAM,mark convertible,3.48,3.33,3.59,7,7,7,2026-04-18,2026,https://www.combien-coute.net/cigarette/bosnie-herzegovine/gradacac/,https://www.combien-coute.net/cigarette/bosnie-herzegovine/gradacac/,detail
Gradiska,ville,Bosnie-Herzégovine,bosnie-herzegovine,Marlboro,2026-04-17,3.27,6,BAM,mark convertible,3.27,3.07,3.58,6,6,7,2026-04-17,2026,https://www.combien-coute.net/cigarette/bosnie-herzegovine/gradiska/,https://www.combien-coute.net/cigarette/bosnie-herzegovine/gradiska/,detail
Kakanj,ville,Bosnie-Herzégovine,bosnie-herzegovine,Marlboro,2024-01-24,3.07,6,BAM,mark convertible,3.07,3.02,3.59,6,6,7,2024-01-24,2026,https://www.combien-coute.net/cigarette/bosnie-herzegovine/kakanj/,https://www.combien-coute.net/cigarette/bosnie-herzegovine/kakanj/,detail
Konjic,ville,Bosnie-Herzégovine,bosnie-herzegovine,Marlboro,2026-04-17,3.17,6,BAM,mark convertible,3.17,3.17,3.58,6,6,7,2026-04-17,2026,https://www.combien-coute.net/cigarette/bosnie-herzegovine/konjic/,https://www.combien-coute.net/cigarette/bosnie-herzegovine/konjic/,detail
Livno,ville,Bosnie-Herzégovine,bosnie-herzegovine,Marlboro,2026-04-17,3.25,6,BAM,mark convertible,3.25,3.17,3.48,6,6,7,2026-04-17,2026,https://www.combien-coute.net/cigarette/bosnie-herzegovine/livno/,https://www.combien-coute.net/cigarette/bosnie-herzegovine/livno/,detail
Mostar,ville,Bosnie-Herzégovine,bosnie-herzegovine,Marlboro,2025-11-24,3.12,6,BAM,mark convertible,3.12,3.07,3.58,6,6,7,2025-11-24,2026,https://www.combien-coute.net/cigarette/bosnie-herzegovine/mostar/,https://www.combien-coute.net/cigarette/bosnie-herzegovine/mostar/,detail
Neum,ville,Bosnie-Herzégovine,bosnie-herzegovine,Marlboro,2026-04-25,3.24,6,BAM,mark convertible,3.24,3.17,4.08,6,6,8,2026-04-25,2026,https://www.combien-coute.net/cigarette/bosnie-herzegovine/neum/,https://www.combien-coute.net/cigarette/bosnie-herzegovine/neum/,detail
Prijedor,ville,Bosnie-Herzégovine,bosnie-herzegovine,Marlboro,2026-04-17,3.22,6,BAM,mark convertible,3.22,3.22,3.58,6,6,7,2026-04-17,2026,https://www.combien-coute.net/cigarette/bosnie-herzegovine/prijedor/,https://www.combien-coute.net/cigarette/bosnie-herzegovine/prijedor/,detail
Sarajevo,ville,Bosnie-Herzégovine,bosnie-herzegovine,Marlboro,2026-05-01,3.47,7,BAM,mark convertible,3.47,3.32,3.57,7,6,7,2026-05-01,2026,https://www.combien-coute.net/cigarette/bosnie-herzegovine/sarajevo/,https://www.combien-coute.net/cigarette/bosnie-herzegovine/sarajevo/,detail
Teslic,ville,Bosnie-Herzégovine,bosnie-herzegovine,Marlboro,2026-04-17,3.48,7,BAM,mark convertible,3.48,3.32,3.58,7,6,7,2026-04-17,2026,https://www.combien-coute.net/cigarette/bosnie-herzegovine/teslic/,https://www.combien-coute.net/cigarette/bosnie-herzegovine/teslic/,detail
Trebinje,ville,Bosnie-Herzégovine,bosnie-herzegovine,Marlboro,2026-04-25,3.17,6,BAM,mark convertible,3.17,3.06,3.57,6,6,7,2026-04-25,2026,https://www.combien-coute.net/cigarette/bosnie-herzegovine/trebinje/,https://www.combien-coute.net/cigarette/bosnie-herzegovine/trebinje/,detail
Tuzla,ville,Bosnie-Herzégovine,bosnie-herzegovine,Marlboro,2026-04-25,3.24,6,BAM,mark convertible,3.24,3.17,3.47,6,6,7,2026-04-25,2026,https://www.combien-coute.net/cigarette/bosnie-herzegovine/tuzla/,https://www.combien-coute.net/cigarette/bosnie-herzegovine/tuzla/,detail
Visoko,ville,Bosnie-Herzégovine,bosnie-herzegovine,Marlboro,2026-04-17,3.48,7,BAM,mark convertible,3.48,3.3,3.58,7,6,7,2026-04-17,2026,https://www.combien-coute.net/cigarette/bosnie-herzegovine/visoko/,https://www.combien-coute.net/cigarette/bosnie-herzegovine/visoko/,detail
Zavidovici,ville,Bosnie-Herzégovine,bosnie-herzegovine,Marlboro,2026-04-19,3.48,7,BAM,mark convertible,3.48,3.3,3.58,7,6,7,2026-04-19,2026,https://www.combien-coute.net/cigarette/bosnie-herzegovine/zavidovici/,https://www.combien-coute.net/cigarette/bosnie-herzegovine/zavidovici/,detail
Zenica,ville,Bosnie-Herzégovine,bosnie-herzegovine,Marlboro,2026-04-25,3.06,6,BAM,mark convertible,3.06,3.06,3.47,6,6,7,2026-04-25,2026,https://www.combien-coute.net/cigarette/bosnie-herzegovine/zenica/,https://www.combien-coute.net/cigarette/bosnie-herzegovine/zenica/,detail
Gaborone,ville,Botswana,botswana,Marlboro,2026-04-24,3.17,50,BWP,Pula,3.17,2.85,4.43,50,45,70,2026-04-24,2026,https://www.combien-coute.net/cigarette/botswana/gaborone/,https://www.combien-coute.net/cigarette/botswana/gaborone/,detail
Molepolole,ville,Botswana,botswana,Marlboro,2026-04-19,3.16,50,BWP,Pula,3.16,2.84,4.42,50,45,70,2026-04-19,2026,https://www.combien-coute.net/cigarette/botswana/molepolole/,https://www.combien-coute.net/cigarette/botswana/molepolole/,detail
Dijon,ville,Bourgogne,bourgogne,Marlboro,2026-04-19,12.25,,,,12.25,11,16,,,,2026-04-19,2026,https://www.combien-coute.net/cigarette/bourgogne/dijon/,https://www.combien-coute.net/cigarette/bourgogne/dijon/,detail
Le Creusot,ville,Bourgogne,bourgogne,Marlboro,2026-04-17,11,,,,11,11,13,,,,2026-04-17,2026,https://www.combien-coute.net/cigarette/bourgogne/le-creusot/,https://www.combien-coute.net/cigarette/bourgogne/le-creusot/,detail
Macon,ville,Bourgogne,bourgogne,Marlboro,2026-04-23,12.3,,,,12.3,11,14,,,,2026-04-23,2026,https://www.combien-coute.net/cigarette/bourgogne/macon/,https://www.combien-coute.net/cigarette/bourgogne/macon/,detail
Brest (Finistère),ville,Bretagne,bretagne,Marlboro,2026-04-18,12.25,,,,12.25,10.5,13,,,,2026-04-18,2026,https://www.combien-coute.net/cigarette/bretagne/brest/,https://www.combien-coute.net/cigarette/bretagne/brest/,detail
Dinan,ville,Bretagne,bretagne,Marlboro,2025-11-25,11,,,,11,10,14,,,,2025-11-25,2026,https://www.combien-coute.net/cigarette/bretagne/dinan/,https://www.combien-coute.net/cigarette/bretagne/dinan/,detail
Lorient,ville,Bretagne,bretagne,Marlboro,2026-04-25,12.5,,,,12.5,11.5,14,,,,2026-04-25,2026,https://www.combien-coute.net/cigarette/bretagne/lorient/,https://www.combien-coute.net/cigarette/bretagne/lorient/,detail
Rennes (Ille-et-Vilaine),ville,Bretagne,bretagne,Marlboro,2026-04-19,12,,,,12,12,14,,,,2026-04-19,2026,https://www.combien-coute.net/cigarette/bretagne/rennes/,https://www.combien-coute.net/cigarette/bretagne/rennes/,detail
Vannes (Morbihan),ville,Bretagne,bretagne,Marlboro,2022-12-03,9.5,,,,9.5,9,10,,,,2022-12-03,2026,https://www.combien-coute.net/cigarette/bretagne/vannes/,https://www.combien-coute.net/cigarette/bretagne/vannes/,detail
Bandar,ville,Brunei,brunei,Marlboro,2026-04-28,13.39,20,$ (BND),Dollar de Brunei,13.39,,,20,,,2026-04-28,2026,https://www.combien-coute.net/cigarette/brunei/bandar/,https://www.combien-coute.net/cigarette/brunei/bandar/,detail
Kuala Belait,ville,Brunei,brunei,Marlboro,2026-04-13,6.71,10,$ (BND),Dollar de Brunei,6.71,,,10,,,2026-04-13,2026,https://www.combien-coute.net/cigarette/brunei/kuala-belait/,https://www.combien-coute.net/cigarette/brunei/kuala-belait/,detail
Seria,ville,Brunei,brunei,Marlboro,2017-11-21,5.32,8,$ (BND),Dollar de Brunei,5.32,3.14,6.26,8,5,10,2017-11-21,2026,https://www.combien-coute.net/cigarette/brunei/seria/,https://www.combien-coute.net/cigarette/brunei/seria/,detail
Angra dos Reis,ville,Brésil,bresil,Marlboro,2026-04-18,2.73,16,BRL,Real,2.73,2.05,3.41,16,12,20,2026-04-18,2026,https://www.combien-coute.net/cigarette/bresil/angra-dos-reis/,https://www.combien-coute.net/cigarette/bresil/angra-dos-reis/,detail
Aracaju,ville,Brésil,bresil,Marlboro,2026-04-18,2.05,12,BRL,Real,2.05,1.36,4.26,12,8,25,2026-04-18,2026,https://www.combien-coute.net/cigarette/bresil/aracaju/,https://www.combien-coute.net/cigarette/bresil/aracaju/,detail
Barreiras,ville,Brésil,bresil,Marlboro,2024-01-31,1.87,10,BRL,Real,1.87,1.87,1.87,10,10,10,2024-01-31,2026,https://www.combien-coute.net/cigarette/bresil/barreiras/,https://www.combien-coute.net/cigarette/bresil/barreiras/,detail
Belo Horizonte,ville,Brésil,bresil,Marlboro,2025-11-24,2.01,13,BRL,Real,2.01,1.61,3.21,13,10,20,2025-11-24,2026,https://www.combien-coute.net/cigarette/bresil/belo-horizonte/,https://www.combien-coute.net/cigarette/bresil/belo-horizonte/,detail
Belém,ville,Brésil,bresil,Marlboro,2025-11-24,2.17,14,BRL,Real,2.17,1.61,2.89,14,10,18,2025-11-24,2026,https://www.combien-coute.net/cigarette/bresil/belem/,https://www.combien-coute.net/cigarette/bresil/belem/,detail
Boa Vista (Roraima),ville,Brésil,bresil,Marlboro,2026-04-17,2.38,14,BRL,Real,2.38,,,14,,,2026-04-17,2026,https://www.combien-coute.net/cigarette/bresil/boa-vista/,https://www.combien-coute.net/cigarette/bresil/boa-vista/,detail
Brasília,ville,Brésil,bresil,Marlboro,2025-11-25,1.93,12,BRL,Real,1.93,1.93,2.01,12,12,13,2025-11-25,2026,https://www.combien-coute.net/cigarette/bresil/brasilia/,https://www.combien-coute.net/cigarette/bresil/brasilia/,detail
Cabo Frio,ville,Brésil,bresil,Marlboro,2026-04-19,2.05,12,BRL,Real,2.05,1.54,2.9,12,9,17,2026-04-19,2026,https://www.combien-coute.net/cigarette/bresil/cabo-frio/,https://www.combien-coute.net/cigarette/bresil/cabo-frio/,detail
Campinas,ville,Brésil,bresil,Marlboro,2026-04-18,2.13,13,BRL,Real,2.13,1.54,4.26,13,9,25,2026-04-18,2026,https://www.combien-coute.net/cigarette/bresil/campinas/,https://www.combien-coute.net/cigarette/bresil/campinas/,detail
Campo Grande,ville,Brésil,bresil,Marlboro,2026-04-18,1.71,10,BRL,Real,1.71,1.71,1.88,10,10,11,2026-04-18,2026,https://www.combien-coute.net/cigarette/bresil/campo-grande/,https://www.combien-coute.net/cigarette/bresil/campo-grande/,detail
Curitiba,ville,Brésil,bresil,Marlboro,2026-04-22,2.13,12,BRL,Real,2.13,2.05,3.42,12,12,20,2026-04-22,2026,https://www.combien-coute.net/cigarette/bresil/curitiba/,https://www.combien-coute.net/cigarette/bresil/curitiba/,detail
Dourados,ville,Brésil,bresil,Marlboro,2024-01-25,1.95,11,BRL,Real,1.95,1.86,2.04,11,10,11,2024-01-25,2026,https://www.combien-coute.net/cigarette/bresil/dourados/,https://www.combien-coute.net/cigarette/bresil/dourados/,detail
Florianopolis (Île de Santa Catarina),ville,Brésil,bresil,Marlboro,2026-04-22,2.56,15,BRL,Real,2.56,2.13,2.56,15,12,15,2026-04-22,2026,https://www.combien-coute.net/cigarette/bresil/florianopolis/,https://www.combien-coute.net/cigarette/bresil/florianopolis/,detail
Fortaleza,ville,Brésil,bresil,Marlboro,2026-04-22,1.86,11,BRL,Real,1.86,1.11,2.05,11,6,12,2026-04-22,2026,https://www.combien-coute.net/cigarette/bresil/fortaleza/,https://www.combien-coute.net/cigarette/bresil/fortaleza/,detail
Joinville (Brésil),ville,Brésil,bresil,Marlboro,2026-04-17,2.72,16,BRL,Real,2.72,2.38,4.25,16,14,25,2026-04-17,2026,https://www.combien-coute.net/cigarette/bresil/joinville-br/,https://www.combien-coute.net/cigarette/bresil/joinville-br/,detail
Linhares,ville,Brésil,bresil,Marlboro,2025-12-13,2.67,17,BRL,Real,2.67,2.2,3.14,17,14,20,2025-12-13,2026,https://www.combien-coute.net/cigarette/bresil/linhares/,https://www.combien-coute.net/cigarette/bresil/linhares/,detail
Manaus,ville,Brésil,bresil,Marlboro,2025-11-25,3.22,20,BRL,Real,3.22,2.74,3.22,20,17,20,2025-11-25,2026,https://www.combien-coute.net/cigarette/bresil/manaus/,https://www.combien-coute.net/cigarette/bresil/manaus/,detail
Natal,ville,Brésil,bresil,Marlboro,2026-04-18,1.54,9,BRL,Real,1.54,1.19,2.56,9,7,15,2026-04-18,2026,https://www.combien-coute.net/cigarette/bresil/natal/,https://www.combien-coute.net/cigarette/bresil/natal/,detail
Olinda,ville,Brésil,bresil,Marlboro,2026-04-27,1.54,9,BRL,Real,1.54,1.2,2.57,9,7,15,2026-04-27,2026,https://www.combien-coute.net/cigarette/bresil/olinda/,https://www.combien-coute.net/cigarette/bresil/olinda/,detail
Passo Fundo,ville,Brésil,bresil,Marlboro,2026-04-17,2.12,12,BRL,Real,2.12,1.7,2.55,12,10,15,2026-04-17,2026,https://www.combien-coute.net/cigarette/bresil/passo-fundo/,https://www.combien-coute.net/cigarette/bresil/passo-fundo/,detail
Pelotas,ville,Brésil,bresil,Marlboro,2026-04-17,2.04,12,BRL,Real,2.04,1.7,2.55,12,10,15,2026-04-17,2026,https://www.combien-coute.net/cigarette/bresil/pelotas/,https://www.combien-coute.net/cigarette/bresil/pelotas/,detail
Petropolis,ville,Brésil,bresil,Marlboro,2026-04-28,1.88,11,BRL,Real,1.88,1.53,2.9,11,9,17,2026-04-28,2026,https://www.combien-coute.net/cigarette/bresil/petropolis/,https://www.combien-coute.net/cigarette/bresil/petropolis/,detail
Porto Alegre,ville,Brésil,bresil,Marlboro,2025-11-24,1.93,12,BRL,Real,1.93,1.61,2.41,12,10,15,2025-11-24,2026,https://www.combien-coute.net/cigarette/bresil/porto-alegre/,https://www.combien-coute.net/cigarette/bresil/porto-alegre/,detail
Porto Seguro,ville,Brésil,bresil,Marlboro,2017-11-21,2.61,10,BRL,Real,2.61,,,10,,,2017-11-21,2026,https://www.combien-coute.net/cigarette/bresil/porto-seguro/,https://www.combien-coute.net/cigarette/bresil/porto-seguro/,detail
Porto Velho,ville,Brésil,bresil,Marlboro,2017-11-21,2.09,8,BRL,Real,2.09,,,8,,,2017-11-21,2026,https://www.combien-coute.net/cigarette/bresil/porto-velho/,https://www.combien-coute.net/cigarette/bresil/porto-velho/,detail
Presidente Prudente,ville,Brésil,bresil,Marlboro,2026-04-17,1.49,9,BRL,Real,1.49,1.19,1.79,9,7,11,2026-04-17,2026,https://www.combien-coute.net/cigarette/bresil/presidente-prudente/,https://www.combien-coute.net/cigarette/bresil/presidente-prudente/,detail
Recife,ville,Brésil,bresil,Marlboro,2026-04-22,1.54,9,BRL,Real,1.54,1.2,2.56,9,7,15,2026-04-22,2026,https://www.combien-coute.net/cigarette/bresil/recife/,https://www.combien-coute.net/cigarette/bresil/recife/,detail
Rio de Janeiro,ville,Brésil,bresil,Marlboro,2026-04-18,2.28,13,BRL,Real,2.28,1.54,2.9,13,9,17,2026-04-18,2026,https://www.combien-coute.net/cigarette/bresil/rio-de-janeiro/,https://www.combien-coute.net/cigarette/bresil/rio-de-janeiro/,detail
São Paulo,ville,Brésil,bresil,Marlboro,2026-04-17,2.51,15,BRL,Real,2.51,2.04,3.4,15,12,20,2026-04-17,2026,https://www.combien-coute.net/cigarette/bresil/s-o-paulo/,https://www.combien-coute.net/cigarette/bresil/s-o-paulo/,detail
Toledo,ville,Brésil,bresil,Marlboro,2017-11-20,5.25,6,BRL,Real,5.25,5.11,5.97,6,6,7,2017-11-20,2026,https://www.combien-coute.net/cigarette/bresil/toledo/,https://www.combien-coute.net/cigarette/bresil/toledo/,detail
Vila Velha,ville,Brésil,bresil,Marlboro,2026-04-17,2.89,17,BRL,Real,2.89,2.38,3.4,17,14,20,2026-04-17,2026,https://www.combien-coute.net/cigarette/bresil/vila-velha/,https://www.combien-coute.net/cigarette/bresil/vila-velha/,detail
Bansko,ville,Bulgarie,bulgarie,Marlboro,2026-04-25,3.32,6,BGN,Lev,3.32,2.56,4.09,6,5,8,2026-04-25,2026,https://www.combien-coute.net/cigarette/bulgarie/bansko/,https://www.combien-coute.net/cigarette/bulgarie/bansko/,detail
Blagoevgrad,ville,Bulgarie,bulgarie,Marlboro,2026-04-25,2.81,5,BGN,Lev,2.81,2.56,4.6,5,5,9,2026-04-25,2026,https://www.combien-coute.net/cigarette/bulgarie/blagoevgrad/,https://www.combien-coute.net/cigarette/bulgarie/blagoevgrad/,detail
Bourgas (Burgas),ville,Bulgarie,bulgarie,Marlboro,2026-04-22,3.17,6,BGN,Lev,3.17,2.97,4.09,6,6,8,2026-04-22,2026,https://www.combien-coute.net/cigarette/bulgarie/burgas-bourgas/,https://www.combien-coute.net/cigarette/bulgarie/burgas-bourgas/,detail
Dobritch,ville,Bulgarie,bulgarie,Marlboro,2026-04-19,2.91,6,BGN,Lev,2.91,2.76,4.09,6,5,8,2026-04-19,2026,https://www.combien-coute.net/cigarette/bulgarie/dobritch/,https://www.combien-coute.net/cigarette/bulgarie/dobritch/,detail
Haskovo,ville,Bulgarie,bulgarie,Marlboro,2026-04-24,3.58,7,BGN,Lev,3.58,3.33,4.6,7,7,9,2026-04-24,2026,https://www.combien-coute.net/cigarette/bulgarie/haskovo/,https://www.combien-coute.net/cigarette/bulgarie/haskovo/,detail
Montana,ville,Bulgarie,bulgarie,Marlboro,2026-04-22,3.25,6,BGN,Lev,3.25,3.07,4.6,6,6,9,2026-04-22,2026,https://www.combien-coute.net/cigarette/bulgarie/montana/,https://www.combien-coute.net/cigarette/bulgarie/montana/,detail
Pleven,ville,Bulgarie,bulgarie,Marlboro,2026-04-17,3.17,6,BGN,Lev,3.17,3.07,3.7,6,6,7,2026-04-17,2026,https://www.combien-coute.net/cigarette/bulgarie/pleven/,https://www.combien-coute.net/cigarette/bulgarie/pleven/,detail
Plovdiv,ville,Bulgarie,bulgarie,Marlboro,2026-04-25,3.41,7,BGN,Lev,3.41,3.07,4.6,7,6,9,2026-04-25,2026,https://www.combien-coute.net/cigarette/bulgarie/plovdiv/,https://www.combien-coute.net/cigarette/bulgarie/plovdiv/,detail
Razgrad,ville,Bulgarie,bulgarie,Marlboro,2026-04-22,3.07,6,BGN,Lev,3.07,3.07,4.6,6,6,9,2026-04-22,2026,https://www.combien-coute.net/cigarette/bulgarie/razgrad/,https://www.combien-coute.net/cigarette/bulgarie/razgrad/,detail
Sliven,ville,Bulgarie,bulgarie,Marlboro,2026-04-17,3.17,6,BGN,Lev,3.17,3.17,3.7,6,6,7,2026-04-17,2026,https://www.combien-coute.net/cigarette/bulgarie/sliven/,https://www.combien-coute.net/cigarette/bulgarie/sliven/,detail
Sofia,ville,Bulgarie,bulgarie,Marlboro,2026-04-30,3.58,7,BGN,Lev,3.58,3.33,4.14,7,7,8,2026-04-30,2026,https://www.combien-coute.net/cigarette/bulgarie/sofia/,https://www.combien-coute.net/cigarette/bulgarie/sofia/,detail
Sozopol,ville,Bulgarie,bulgarie,Marlboro,2026-04-25,3.17,6,BGN,Lev,3.17,2.97,4.6,6,6,9,2026-04-25,2026,https://www.combien-coute.net/cigarette/bulgarie/sozopol/,https://www.combien-coute.net/cigarette/bulgarie/sozopol/,detail
Stara Zagora,ville,Bulgarie,bulgarie,Marlboro,2026-04-18,3.32,7,BGN,Lev,3.32,3.07,3.56,7,6,7,2026-04-18,2026,https://www.combien-coute.net/cigarette/bulgarie/stara-zagora/,https://www.combien-coute.net/cigarette/bulgarie/stara-zagora/,detail
Varna,ville,Bulgarie,bulgarie,Marlboro,2025-11-24,3.58,7,BGN,Lev,3.58,3.17,3.58,7,6,7,2025-11-24,2026,https://www.combien-coute.net/cigarette/bulgarie/varna/,https://www.combien-coute.net/cigarette/bulgarie/varna/,detail
Veliko Tarnovo,ville,Bulgarie,bulgarie,Marlboro,2026-04-22,3.58,7,BGN,Lev,3.58,3.07,4.6,7,6,9,2026-04-22,2026,https://www.combien-coute.net/cigarette/bulgarie/veliko-tarnovo/,https://www.combien-coute.net/cigarette/bulgarie/veliko-tarnovo/,detail
Yambol,ville,Bulgarie,bulgarie,Marlboro,2026-04-22,3.54,7,BGN,Lev,3.54,3.17,4.5,7,6,9,2026-04-22,2026,https://www.combien-coute.net/cigarette/bulgarie/yambol/,https://www.combien-coute.net/cigarette/bulgarie/yambol/,detail
Boromo,ville,Burkina Faso,burkina-faso,Marlboro,2024-01-23,1.52,1000,F CFA (XOF),Franc CFA,1.52,1.52,1.83,1000,1000,1203,2024-01-23,2026,https://www.combien-coute.net/cigarette/burkina-faso/boromo/,https://www.combien-coute.net/cigarette/burkina-faso/boromo/,detail
Dori,ville,Burkina Faso,burkina-faso,Marlboro,2024-01-23,1.52,1000,F CFA (XOF),Franc CFA,1.52,1.52,1.83,1000,1000,1203,2024-01-23,2026,https://www.combien-coute.net/cigarette/burkina-faso/dori/,https://www.combien-coute.net/cigarette/burkina-faso/dori/,detail
Ouagadougou,ville,Burkina Faso,burkina-faso,Marlboro,2026-05-01,1.3,848,F CFA (XOF),Franc CFA,1.3,1.07,1.7,848,698,1109,2026-05-01,2026,https://www.combien-coute.net/cigarette/burkina-faso/ouagadougou/,https://www.combien-coute.net/cigarette/burkina-faso/ouagadougou/,detail
Ouahigouya,ville,Burkina Faso,burkina-faso,Marlboro,2024-01-23,1.52,1000,F CFA (XOF),Franc CFA,1.52,1.52,1.84,1000,1000,1204,2024-01-23,2026,https://www.combien-coute.net/cigarette/burkina-faso/ouahigouya/,https://www.combien-coute.net/cigarette/burkina-faso/ouahigouya/,detail
Bujumbura,ville,Burundi,burundi,Marlboro,2025-11-24,2.11,7157,BIF,Franc du Burundi,2.11,,,7157,,,2025-11-24,2026,https://www.combien-coute.net/cigarette/burundi/bujumbura/,https://www.combien-coute.net/cigarette/burundi/bujumbura/,detail
Gitega,ville,Burundi,burundi,Marlboro,2017-11-21,3.91,5,BIF,Franc du Burundi,3.91,3.91,3.91,5,5,5,2017-11-21,2026,https://www.combien-coute.net/cigarette/burundi/gitega/,https://www.combien-coute.net/cigarette/burundi/gitega/,detail
Muyinga,ville,Burundi,burundi,Marlboro,2017-11-21,3.91,5,BIF,Franc du Burundi,3.91,3.91,3.91,5,5,5,2017-11-21,2026,https://www.combien-coute.net/cigarette/burundi/muyinga/,https://www.combien-coute.net/cigarette/burundi/muyinga/,detail
Ngozi,ville,Burundi,burundi,Marlboro,2017-11-21,3.91,5,BIF,Franc du Burundi,3.91,3.91,3.91,5,5,5,2017-11-21,2026,https://www.combien-coute.net/cigarette/burundi/ngozi/,https://www.combien-coute.net/cigarette/burundi/ngozi/,detail
Cotonou,ville,Bénin,benin,Marlboro,2017-11-21,0.91,600,F CFA (XOF),Franc CFA-BCEAO,0.91,,,600,,,2017-11-21,2026,https://www.combien-coute.net/cigarette/benin/cotonou/,https://www.combien-coute.net/cigarette/benin/cotonou/,detail
Bakersfield,ville,Californie,californie,Marlboro,2026-04-17,8.49,10,$ (USD),dollar américain,8.49,8.3,9.94,10,10,12,2026-04-17,2026,https://www.combien-coute.net/cigarette/californie/bakersfield/,https://www.combien-coute.net/cigarette/californie/bakersfield/,detail
Chico,ville,Californie,californie,Marlboro,2026-04-17,6.79,8,$ (USD),dollar américain,6.79,6.79,10.61,8,8,13,2026-04-17,2026,https://www.combien-coute.net/cigarette/californie/chico/,https://www.combien-coute.net/cigarette/californie/chico/,detail
Eureka,ville,Californie,californie,Marlboro,2026-04-18,8.07,10,$ (USD),dollar américain,8.07,7.64,8.49,10,9,10,2026-04-18,2026,https://www.combien-coute.net/cigarette/californie/eureka/,https://www.combien-coute.net/cigarette/californie/eureka/,detail
Hollywood,ville,Californie,californie,Marlboro,2026-04-24,10.27,12,$ (USD),dollar américain,10.27,8.9,11.12,12,10,13,2026-04-24,2026,https://www.combien-coute.net/cigarette/californie/hollywood/,https://www.combien-coute.net/cigarette/californie/hollywood/,detail
Huntington Beach,ville,Californie,californie,Marlboro,2026-04-16,9.21,11,$ (USD),dollar américain,9.21,8.05,12.71,11,9,15,2026-04-16,2026,https://www.combien-coute.net/cigarette/californie/huntington-beach/,https://www.combien-coute.net/cigarette/californie/huntington-beach/,detail
Los Angeles,ville,Californie,californie,Marlboro,2026-04-19,10.19,12,$ (USD),dollar américain,10.19,8.5,11.89,12,10,14,2026-04-19,2026,https://www.combien-coute.net/cigarette/californie/los-angeles-californie/,https://www.combien-coute.net/cigarette/californie/los-angeles-californie/,detail
Palm Springs,ville,Californie,californie,Marlboro,2026-04-23,10.13,12,$ (USD),dollar américain,10.13,8.54,12.81,12,10,15,2026-04-23,2026,https://www.combien-coute.net/cigarette/californie/palm-springs/,https://www.combien-coute.net/cigarette/californie/palm-springs/,detail
Redding,ville,Californie,californie,Marlboro,2026-04-15,8.9,11,$ (USD),dollar américain,8.9,8.48,12.72,11,10,15,2026-04-15,2026,https://www.combien-coute.net/cigarette/californie/redding/,https://www.combien-coute.net/cigarette/californie/redding/,detail
Sacramento,ville,Californie,californie,Marlboro,2026-04-22,9.97,12,$ (USD),dollar américain,9.97,8.86,12.77,12,10,15,2026-04-22,2026,https://www.combien-coute.net/cigarette/californie/sacramento/,https://www.combien-coute.net/cigarette/californie/sacramento/,detail
San Bernardino,ville,Californie,californie,Marlboro,2026-04-17,9.94,12,$ (USD),dollar américain,9.94,8.99,12.73,12,11,15,2026-04-17,2026,https://www.combien-coute.net/cigarette/californie/san-bernardino/,https://www.combien-coute.net/cigarette/californie/san-bernardino/,detail
San Diego,ville,Californie,californie,Marlboro,2026-04-24,10.02,12,$ (USD),dollar américain,10.02,8.9,11.12,12,10,13,2026-04-24,2026,https://www.combien-coute.net/cigarette/californie/san-diego/,https://www.combien-coute.net/cigarette/californie/san-diego/,detail
San Francisco,ville,Californie,californie,Marlboro,2026-04-18,11.89,14,$ (USD),dollar américain,11.89,9.95,12.74,14,12,15,2026-04-18,2026,https://www.combien-coute.net/cigarette/californie/san-francisco/,https://www.combien-coute.net/cigarette/californie/san-francisco/,detail
San Jose,ville,Californie,californie,Marlboro,2026-04-19,9.95,12,$ (USD),dollar américain,9.95,8.84,9.95,12,10,12,2026-04-19,2026,https://www.combien-coute.net/cigarette/californie/san-jose-usa/,https://www.combien-coute.net/cigarette/californie/san-jose-usa/,detail
San Luis Obispo,ville,Californie,californie,Marlboro,2026-04-20,9.98,12,$ (USD),dollar américain,9.98,8.52,11.93,12,10,14,2026-04-20,2026,https://www.combien-coute.net/cigarette/californie/san-luis-obispo/,https://www.combien-coute.net/cigarette/californie/san-luis-obispo/,detail
Santa Barbara,ville,Californie,californie,Marlboro,2026-04-24,10.02,12,$ (USD),dollar américain,10.02,9.06,12.84,12,11,15,2026-04-24,2026,https://www.combien-coute.net/cigarette/californie/santa-barbara/,https://www.combien-coute.net/cigarette/californie/santa-barbara/,detail
Santa Cruz (Californie),ville,Californie,californie,Marlboro,2026-04-15,9.93,12,$ (USD),dollar américain,9.93,9.93,15.26,12,12,18,2026-04-15,2026,https://www.combien-coute.net/cigarette/californie/santa-cruz-californie/,https://www.combien-coute.net/cigarette/californie/santa-cruz-californie/,detail
Santa Monica,ville,Californie,californie,Marlboro,2026-04-23,10,12,$ (USD),dollar américain,10,8.88,11.1,12,10,13,2026-04-23,2026,https://www.combien-coute.net/cigarette/californie/santa-monica/,https://www.combien-coute.net/cigarette/californie/santa-monica/,detail
Temecula,ville,Californie,californie,Marlboro,2026-04-17,10.19,12,$ (USD),dollar américain,10.19,8.49,11.88,12,10,14,2026-04-17,2026,https://www.combien-coute.net/cigarette/californie/temecula/,https://www.combien-coute.net/cigarette/californie/temecula/,detail
Battambang,ville,Cambodge,cambodge,Marlboro,2026-04-19,1.7,8020,KHR,Riel,1.7,1.49,2.55,8020,7029,12029,2026-04-19,2026,https://www.combien-coute.net/cigarette/cambodge/battambang/,https://www.combien-coute.net/cigarette/cambodge/battambang/,detail
Kampot,ville,Cambodge,cambodge,Marlboro,2026-04-26,1.49,6987,KHR,Riel,1.49,1.28,1.71,6987,6002,8018,2026-04-26,2026,https://www.combien-coute.net/cigarette/cambodge/kampot/,https://www.combien-coute.net/cigarette/cambodge/kampot/,detail
Phnom Penh,ville,Cambodge,cambodge,Marlboro,2026-04-27,1.71,8018,KHR,Riel,1.71,1.49,2.56,8018,6987,12004,2026-04-27,2026,https://www.combien-coute.net/cigarette/cambodge/phnom-penh/,https://www.combien-coute.net/cigarette/cambodge/phnom-penh/,detail
Poipet,ville,Cambodge,cambodge,Marlboro,2026-04-26,1.28,6002,KHR,Riel,1.28,0.85,1.71,6002,3986,8018,2026-04-26,2026,https://www.combien-coute.net/cigarette/cambodge/poipet/,https://www.combien-coute.net/cigarette/cambodge/poipet/,detail
Siem Reap (Temples d'Angkor),ville,Cambodge,cambodge,Marlboro,2026-04-28,1.28,6006,KHR,Riel,1.28,0.85,1.71,6006,3988,8023,2026-04-28,2026,https://www.combien-coute.net/cigarette/cambodge/siem-reap-angkor/,https://www.combien-coute.net/cigarette/cambodge/siem-reap-angkor/,detail
Sihanoukville,ville,Cambodge,cambodge,Marlboro,2026-04-28,1.28,6006,KHR,Riel,1.28,0.85,2.56,6006,3988,12011,2026-04-28,2026,https://www.combien-coute.net/cigarette/cambodge/sihanoukville/,https://www.combien-coute.net/cigarette/cambodge/sihanoukville/,detail
Bafoussam,ville,Cameroun,cameroun,Marlboro,2025-12-19,3.05,2000,F CFA (XAF),Franc CFA,3.05,1.52,3.05,2000,997,2000,2025-12-19,2026,https://www.combien-coute.net/cigarette/cameroun/bafoussam/,https://www.combien-coute.net/cigarette/cameroun/bafoussam/,detail
Bamenda,ville,Cameroun,cameroun,Marlboro,2026-04-18,1.37,898,F CFA (XAF),Franc CFA,1.37,1.22,1.52,898,800,997,2026-04-18,2026,https://www.combien-coute.net/cigarette/cameroun/bamenda/,https://www.combien-coute.net/cigarette/cameroun/bamenda/,detail
Buéa,ville,Cameroun,cameroun,Marlboro,2025-12-18,3.05,1995,F CFA (XAF),Franc CFA,3.05,1.52,3.05,1995,994,1995,2025-12-18,2026,https://www.combien-coute.net/cigarette/cameroun/buea/,https://www.combien-coute.net/cigarette/cameroun/buea/,detail
Douala,ville,Cameroun,cameroun,Marlboro,2025-11-24,3.05,2000,F CFA (XAF),Franc CFA,3.05,1.52,3.05,2000,997,2000,2025-11-24,2026,https://www.combien-coute.net/cigarette/cameroun/douala/,https://www.combien-coute.net/cigarette/cameroun/douala/,detail
Kumba,ville,Cameroun,cameroun,Marlboro,2025-12-26,3.05,1998,F CFA (XAF),Franc CFA,3.05,1.52,3.05,1998,996,1998,2025-12-26,2026,https://www.combien-coute.net/cigarette/cameroun/kumba/,https://www.combien-coute.net/cigarette/cameroun/kumba/,detail
Yaoundé,ville,Cameroun,cameroun,Marlboro,2025-11-25,1.52,997,F CFA (XAF),Franc CFA,1.52,0.76,3.05,997,499,2001,2025-11-25,2026,https://www.combien-coute.net/cigarette/cameroun/yaounde/,https://www.combien-coute.net/cigarette/cameroun/yaounde/,detail
Bathurst,ville,Canada,canada,Marlboro,2026-04-19,8.63,14,$ (CAD),Dollar canadien,8.63,8.63,13.56,14,14,22,2026-04-19,2026,https://www.combien-coute.net/cigarette/canada/bathurst/,https://www.combien-coute.net/cigarette/canada/bathurst/,detail
Brampton,ville,Canada,canada,Marlboro,2025-11-24,11.09,18,$ (CAD),Dollar canadien,11.09,9.24,11.71,18,15,19,2025-11-24,2026,https://www.combien-coute.net/cigarette/canada/brampton/,https://www.combien-coute.net/cigarette/canada/brampton/,detail
Brandon,ville,Canada,canada,Marlboro,2026-04-18,13.56,22,$ (CAD),Dollar canadien,13.56,11.1,16.64,22,18,27,2026-04-18,2026,https://www.combien-coute.net/cigarette/canada/brandon/,https://www.combien-coute.net/cigarette/canada/brandon/,detail
Calgary,ville,Canada,canada,Marlboro,2026-04-17,12.39,20,$ (CAD),Dollar canadien,12.39,10.41,16.73,20,17,27,2026-04-17,2026,https://www.combien-coute.net/cigarette/canada/calgary/,https://www.combien-coute.net/cigarette/canada/calgary/,detail
Canmore,ville,Canada,canada,Marlboro,2026-04-27,12.49,20,$ (CAD),Dollar canadien,12.49,10.39,12.49,20,17,20,2026-04-27,2026,https://www.combien-coute.net/cigarette/canada/canmore/,https://www.combien-coute.net/cigarette/canada/canmore/,detail
Charlottetown,ville,Canada,canada,Marlboro,2026-04-19,15.41,25,$ (CAD),Dollar canadien,15.41,13.56,15.41,25,22,25,2026-04-19,2026,https://www.combien-coute.net/cigarette/canada/charlottetown/,https://www.combien-coute.net/cigarette/canada/charlottetown/,detail
Cold Lake,ville,Canada,canada,Marlboro,2026-04-19,10.4,17,$ (CAD),Dollar canadien,10.4,10.4,15.41,17,17,25,2026-04-19,2026,https://www.combien-coute.net/cigarette/canada/cold-lake/,https://www.combien-coute.net/cigarette/canada/cold-lake/,detail
Corner Brook,ville,Canada,canada,Marlboro,2023-04-12,13.62,20,$ (CAD),Dollar canadien,13.62,,,20,,,2023-04-12,2026,https://www.combien-coute.net/cigarette/canada/corner-brook/,https://www.combien-coute.net/cigarette/canada/corner-brook/,detail
Courtenay,ville,Canada,canada,Marlboro,2026-04-18,12.33,20,$ (CAD),Dollar canadien,12.33,9.86,14.18,20,16,23,2026-04-18,2026,https://www.combien-coute.net/cigarette/canada/courtenay/,https://www.combien-coute.net/cigarette/canada/courtenay/,detail
Cranbrook,ville,Canada,canada,Marlboro,2026-04-19,12.33,20,$ (CAD),Dollar canadien,12.33,10.27,12.33,20,17,20,2026-04-19,2026,https://www.combien-coute.net/cigarette/canada/cranbrook/,https://www.combien-coute.net/cigarette/canada/cranbrook/,detail
Dawson City,ville,Canada,canada,Marlboro,2017-11-21,11.97,18,$ (CAD),Dollar canadien,11.97,,,18,,,2017-11-21,2026,https://www.combien-coute.net/cigarette/canada/dawson-city/,https://www.combien-coute.net/cigarette/canada/dawson-city/,detail
Edmonton,ville,Canada,canada,Marlboro,2026-04-15,12.32,20,$ (CAD),Dollar canadien,12.32,11.09,15.4,20,18,25,2026-04-15,2026,https://www.combien-coute.net/cigarette/canada/edmonton/,https://www.combien-coute.net/cigarette/canada/edmonton/,detail
Fort McMurray,ville,Canada,canada,Marlboro,2025-11-25,13.53,22,$ (CAD),Dollar canadien,13.53,13.53,15.38,22,22,25,2025-11-25,2026,https://www.combien-coute.net/cigarette/canada/fort-mcmurray/,https://www.combien-coute.net/cigarette/canada/fort-mcmurray/,detail
Fredericton,ville,Canada,canada,Marlboro,2026-04-18,9.86,16,$ (CAD),Dollar canadien,9.86,9.25,10.48,16,15,17,2026-04-18,2026,https://www.combien-coute.net/cigarette/canada/fredericton/,https://www.combien-coute.net/cigarette/canada/fredericton/,detail
Grande Prairie,ville,Canada,canada,Marlboro,2026-04-19,14.8,24,$ (CAD),Dollar canadien,14.8,13.56,17.26,24,22,28,2026-04-19,2026,https://www.combien-coute.net/cigarette/canada/grande-prairie/,https://www.combien-coute.net/cigarette/canada/grande-prairie/,detail
Halifax (Nouvelle Ecosse),ville,Canada,canada,Marlboro,2025-11-24,13.24,22,$ (CAD),Dollar canadien,13.24,11.34,16.63,22,18,27,2025-11-24,2026,https://www.combien-coute.net/cigarette/canada/halifax/,https://www.combien-coute.net/cigarette/canada/halifax/,detail
Kamloops,ville,Canada,canada,Marlboro,2026-04-19,14.18,23,$ (CAD),Dollar canadien,14.18,11.56,18.5,23,19,30,2026-04-19,2026,https://www.combien-coute.net/cigarette/canada/kamloops/,https://www.combien-coute.net/cigarette/canada/kamloops/,detail
Kelowna,ville,Canada,canada,Marlboro,2026-04-17,12.39,20,$ (CAD),Dollar canadien,12.39,9.91,15.49,20,16,25,2026-04-17,2026,https://www.combien-coute.net/cigarette/canada/kelowna/,https://www.combien-coute.net/cigarette/canada/kelowna/,detail
Kingston (Ontario),ville,Canada,canada,Marlboro,2026-04-17,11.6,19,$ (CAD),Dollar canadien,11.6,8.05,13.63,19,13,22,2026-04-17,2026,https://www.combien-coute.net/cigarette/canada/kingston-ontario/,https://www.combien-coute.net/cigarette/canada/kingston-ontario/,detail
Lethbridge,ville,Canada,canada,Marlboro,2026-04-17,12.39,20,$ (CAD),Dollar canadien,12.39,10.31,12.39,20,17,20,2026-04-17,2026,https://www.combien-coute.net/cigarette/canada/lethbridge/,https://www.combien-coute.net/cigarette/canada/lethbridge/,detail
Lloydminster,ville,Canada,canada,Marlboro,2026-04-19,12.82,21,$ (CAD),Dollar canadien,12.82,11.1,14.18,21,18,23,2026-04-19,2026,https://www.combien-coute.net/cigarette/canada/lloydminster/,https://www.combien-coute.net/cigarette/canada/lloydminster/,detail
Medicine Hat,ville,Canada,canada,Marlboro,2026-04-18,9.86,16,$ (CAD),Dollar canadien,9.86,9.25,16.65,16,15,27,2026-04-18,2026,https://www.combien-coute.net/cigarette/canada/medicine-hat/,https://www.combien-coute.net/cigarette/canada/medicine-hat/,detail
Moncton,ville,Canada,canada,Marlboro,2026-04-18,12.33,20,$ (CAD),Dollar canadien,12.33,9.86,13.56,20,16,22,2026-04-18,2026,https://www.combien-coute.net/cigarette/canada/moncton/,https://www.combien-coute.net/cigarette/canada/moncton/,detail
Nanaimo,ville,Canada,canada,Marlboro,2026-04-18,10.79,17,$ (CAD),Dollar canadien,10.79,9.25,12.33,17,15,20,2026-04-18,2026,https://www.combien-coute.net/cigarette/canada/nanaimo/,https://www.combien-coute.net/cigarette/canada/nanaimo/,detail
Norman Wells,ville,Canada,canada,Marlboro,2017-11-21,13.96,21,$ (CAD),Dollar canadien,13.96,,,21,,,2017-11-21,2026,https://www.combien-coute.net/cigarette/canada/norman-wells/,https://www.combien-coute.net/cigarette/canada/norman-wells/,detail
North Bay,ville,Canada,canada,Marlboro,2026-04-18,11.1,18,$ (CAD),Dollar canadien,11.1,9.25,15.41,18,15,25,2026-04-18,2026,https://www.combien-coute.net/cigarette/canada/north-bay/,https://www.combien-coute.net/cigarette/canada/north-bay/,detail
Ottawa,ville,Canada,canada,Marlboro,2026-04-17,12.39,20,$ (CAD),Dollar canadien,12.39,11.15,15.49,20,18,25,2026-04-17,2026,https://www.combien-coute.net/cigarette/canada/ottawa/,https://www.combien-coute.net/cigarette/canada/ottawa/,detail
Owen Sound,ville,Canada,canada,Marlboro,2026-04-19,11.83,19,$ (CAD),Dollar canadien,11.83,11.24,12.33,19,18,20,2026-04-19,2026,https://www.combien-coute.net/cigarette/canada/owen-sound/,https://www.combien-coute.net/cigarette/canada/owen-sound/,detail
Penticton,ville,Canada,canada,Marlboro,2026-04-18,11.25,18,$ (CAD),Dollar canadien,11.25,11.1,11.41,18,18,18,2026-04-18,2026,https://www.combien-coute.net/cigarette/canada/penticton/,https://www.combien-coute.net/cigarette/canada/penticton/,detail
Prince George,ville,Canada,canada,Marlboro,2026-04-17,13.01,21,$ (CAD),Dollar canadien,13.01,12.39,15.49,21,20,25,2026-04-17,2026,https://www.combien-coute.net/cigarette/canada/prince-george/,https://www.combien-coute.net/cigarette/canada/prince-george/,detail
Québec,ville,Canada,canada,Marlboro,2026-04-25,8,,$ (CAD),Dollar canadien,8,,,,,,2026-04-25,2026,https://www.combien-coute.net/cigarette/canada/quebec/,https://www.combien-coute.net/cigarette/canada/,liste_parent
Red Deer,ville,Canada,canada,Marlboro,2026-04-19,13.81,22,$ (CAD),Dollar canadien,13.81,12.95,15.25,22,21,25,2026-04-19,2026,https://www.combien-coute.net/cigarette/canada/red-deer/,https://www.combien-coute.net/cigarette/canada/red-deer/,detail
Regina,ville,Canada,canada,Marlboro,2026-04-15,12.69,21,$ (CAD),Dollar canadien,12.69,11.7,12.81,21,19,21,2026-04-15,2026,https://www.combien-coute.net/cigarette/canada/regina/,https://www.combien-coute.net/cigarette/canada/regina/,detail
Saint John (Nouveau-Brunswick),ville,Canada,canada,Marlboro,2026-04-27,12.49,20,$ (CAD),Dollar canadien,12.49,9.99,13.73,20,16,22,2026-04-27,2026,https://www.combien-coute.net/cigarette/canada/saint-jean/,https://www.combien-coute.net/cigarette/canada/saint-jean/,detail
Saskatoon,ville,Canada,canada,Marlboro,2026-04-17,12.88,21,$ (CAD),Dollar canadien,12.88,11.15,14.25,21,18,23,2026-04-17,2026,https://www.combien-coute.net/cigarette/canada/saskatoon/,https://www.combien-coute.net/cigarette/canada/saskatoon/,detail
Sydney (Nouvelle-Écosse),ville,Canada,canada,Marlboro,2017-11-20,18.43,29,$ (CAD),Dollar canadien,18.43,16.11,19.33,29,25,30,2017-11-20,2026,https://www.combien-coute.net/cigarette/canada/sydney-nouvelle-ecosse/,https://www.combien-coute.net/cigarette/canada/sydney-nouvelle-ecosse/,detail
Terrace,ville,Canada,canada,Marlboro,2017-11-21,4.65,7,$ (CAD),Dollar canadien,4.65,4.65,4.65,7,7,7,2017-11-21,2026,https://www.combien-coute.net/cigarette/canada/terrace/,https://www.combien-coute.net/cigarette/canada/terrace/,detail
Thunder Bay,ville,Canada,canada,Marlboro,2026-04-19,9.25,15,$ (CAD),Dollar canadien,9.25,8.88,11.1,15,14,18,2026-04-19,2026,https://www.combien-coute.net/cigarette/canada/thunder-bay/,https://www.combien-coute.net/cigarette/canada/thunder-bay/,detail
Toronto (Ontario),ville,Canada,canada,Marlboro,2026-04-17,12.64,20,$ (CAD),Dollar canadien,12.64,9.29,15.49,20,15,25,2026-04-17,2026,https://www.combien-coute.net/cigarette/canada/toronto-ontario/,https://www.combien-coute.net/cigarette/canada/toronto-ontario/,detail
Vancouver (Colombie Britannique),ville,Canada,canada,Marlboro,2026-04-17,13.32,22,$ (CAD),Dollar canadien,13.32,12.39,15.49,22,20,25,2026-04-17,2026,https://www.combien-coute.net/cigarette/canada/vancouver-colombie-britannique/,https://www.combien-coute.net/cigarette/canada/vancouver-colombie-britannique/,detail
Victoria,ville,Canada,canada,Marlboro,2025-11-22,13.39,22,$ (CAD),Dollar canadien,13.39,11.08,24.63,22,18,40,2025-11-22,2026,https://www.combien-coute.net/cigarette/canada/victoria/,https://www.combien-coute.net/cigarette/canada/victoria/,detail
Whistler,ville,Canada,canada,Marlboro,2026-04-15,11.09,18,$ (CAD),Dollar canadien,11.09,9.85,18.48,18,16,30,2026-04-15,2026,https://www.combien-coute.net/cigarette/canada/whistler/,https://www.combien-coute.net/cigarette/canada/whistler/,detail
Whitehorse (Yukon),ville,Canada,canada,Marlboro,2025-11-24,16.63,27,$ (CAD),Dollar canadien,16.63,15.4,16.63,27,25,27,2025-11-24,2026,https://www.combien-coute.net/cigarette/canada/whitehorse/,https://www.combien-coute.net/cigarette/canada/whitehorse/,detail
Winnipeg (Manitoba),ville,Canada,canada,Marlboro,2026-04-17,13.63,22,$ (CAD),Dollar canadien,13.63,11.77,16.72,22,19,27,2026-04-17,2026,https://www.combien-coute.net/cigarette/canada/winnipeg/,https://www.combien-coute.net/cigarette/canada/winnipeg/,detail
Yellowknife (Territoire du Nord-Ouest),ville,Canada,canada,Marlboro,2026-04-20,15.25,25,$ (CAD),Dollar canadien,15.25,14.94,15.56,25,24,25,2026-04-20,2026,https://www.combien-coute.net/cigarette/canada/yellowknife-territoire-du-nord/,https://www.combien-coute.net/cigarette/canada/yellowknife-territoire-du-nord/,detail
Yorkton,ville,Canada,canada,Marlboro,2026-04-19,12.82,21,$ (CAD),Dollar canadien,12.82,11.1,14.18,21,18,23,2026-04-19,2026,https://www.combien-coute.net/cigarette/canada/yorkton/,https://www.combien-coute.net/cigarette/canada/yorkton/,detail
Fuerteventura,ville,Canaries,iles-canaries,Marlboro,2026-04-30,4,,,,4,,,,,,2026-04-30,2026,https://www.combien-coute.net/cigarette/iles-canaries/fuerteventura/,https://www.combien-coute.net/cigarette/iles-canaries/,liste_parent
Grande Canarie,ville,Canaries,iles-canaries,Marlboro,2026-04-30,4,,,,4,,,,,,2026-04-30,2026,https://www.combien-coute.net/cigarette/iles-canaries/grande-canarie/,https://www.combien-coute.net/cigarette/iles-canaries/,liste_parent
La Palma,ville,Canaries,iles-canaries,Marlboro,2026-04-30,3.8,,,,3.8,,,,,,2026-04-30,2026,https://www.combien-coute.net/cigarette/iles-canaries/palma/,https://www.combien-coute.net/cigarette/iles-canaries/,liste_parent
Lanzarote,ville,Canaries,iles-canaries,Marlboro,2026-04-30,4,,,,4,,,,,,2026-04-30,2026,https://www.combien-coute.net/cigarette/iles-canaries/lanzarote/,https://www.combien-coute.net/cigarette/iles-canaries/,liste_parent
Tenerife,ville,Canaries,iles-canaries,Marlboro,2026-04-30,4.5,,,,4.5,,,,,,2026-04-30,2026,https://www.combien-coute.net/cigarette/iles-canaries/tenerife/,https://www.combien-coute.net/cigarette/iles-canaries/,liste_parent
Assomada,ville,Cap-Vert,cap-vert,Marlboro,2024-01-27,4.08,450,CVE,escudo du Cap-Vert,4.08,4.08,4.08,450,450,450,2024-01-27,2026,https://www.combien-coute.net/cigarette/cap-vert/assomada/,https://www.combien-coute.net/cigarette/cap-vert/assomada/,detail
Cidade Velha,ville,Cap-Vert,cap-vert,Marlboro,2024-01-31,4.09,450,CVE,escudo du Cap-Vert,4.09,4.09,4.09,450,450,450,2024-01-31,2026,https://www.combien-coute.net/cigarette/cap-vert/cidade-velha/,https://www.combien-coute.net/cigarette/cap-vert/cidade-velha/,detail
Mindelo,ville,Cap-Vert,cap-vert,Marlboro,2026-04-24,4.53,499,CVE,escudo du Cap-Vert,4.53,,,499,,,2026-04-24,2026,https://www.combien-coute.net/cigarette/cap-vert/mindelo/,https://www.combien-coute.net/cigarette/cap-vert/mindelo/,detail
Praia,ville,Cap-Vert,cap-vert,Marlboro,2026-04-20,4.09,451,CVE,escudo du Cap-Vert,4.09,,,451,,,2026-04-20,2026,https://www.combien-coute.net/cigarette/cap-vert/praia/,https://www.combien-coute.net/cigarette/cap-vert/praia/,detail
Cebu City,ville,Cebu (îles des Visayas),cebu,Marlboro,2026-04-14,2.61,184,₱ (PHP),Peso philippin,2.61,2.61,2.72,184,184,191,2026-04-14,2026,https://www.combien-coute.net/cigarette/cebu/cebu-city/,https://www.combien-coute.net/cigarette/cebu/cebu-city/,detail
Naga,ville,Cebu (îles des Visayas),cebu,Marlboro,2025-11-23,2.66,180,₱ (PHP),Peso philippin,2.66,2.21,2.95,180,150,200,2025-11-23,2026,https://www.combien-coute.net/cigarette/cebu/naga/,https://www.combien-coute.net/cigarette/cebu/naga/,detail
Bourges (Cher/Berry),ville,Centre-Val de Loire,centre,Marlboro,2026-04-18,12.5,,,,12.5,12,13,,,,2026-04-18,2026,https://www.combien-coute.net/cigarette/centre/bourges/,https://www.combien-coute.net/cigarette/centre/bourges/,detail
Chartres,ville,Centre-Val de Loire,centre,Marlboro,2026-04-18,10,,,,10,10,14,,,,2026-04-18,2026,https://www.combien-coute.net/cigarette/centre/chartres/,https://www.combien-coute.net/cigarette/centre/chartres/,detail
Chateauroux (Indre),ville,Centre-Val de Loire,centre,Marlboro,2026-04-18,13,,,,13,11.5,14,,,,2026-04-18,2026,https://www.combien-coute.net/cigarette/centre/chateauroux/,https://www.combien-coute.net/cigarette/centre/chateauroux/,detail
Dreux,ville,Centre-Val de Loire,centre,Marlboro,2026-04-19,12.5,,,,12.5,12,18,,,,2026-04-19,2026,https://www.combien-coute.net/cigarette/centre/dreux/,https://www.combien-coute.net/cigarette/centre/dreux/,detail
Orléans,ville,Centre-Val de Loire,centre,Marlboro,2026-04-18,13,,,,13,11.5,20,,,,2026-04-18,2026,https://www.combien-coute.net/cigarette/centre/orleans/,https://www.combien-coute.net/cigarette/centre/orleans/,detail
Tours,ville,Centre-Val de Loire,centre,Marlboro,2026-04-19,11.75,,,,11.75,10,13,,,,2026-04-19,2026,https://www.combien-coute.net/cigarette/centre/tours/,https://www.combien-coute.net/cigarette/centre/tours/,detail
Givet,ville,Champagne-Ardenne,champagne-ardenne,Marlboro,2026-04-19,12.25,,,,12.25,11,16,,,,2026-04-19,2026,https://www.combien-coute.net/cigarette/champagne-ardenne/givet/,https://www.combien-coute.net/cigarette/champagne-ardenne/givet/,detail
Joinville,ville,Champagne-Ardenne,champagne-ardenne,Marlboro,2017-11-20,2.19,,,,2.19,1.57,2.62,,,,2017-11-20,2026,https://www.combien-coute.net/cigarette/champagne-ardenne/joinville/,https://www.combien-coute.net/cigarette/champagne-ardenne/joinville/,detail
Reims,ville,Champagne-Ardenne,champagne-ardenne,Marlboro,2026-04-18,12,,,,12,11,16,,,,2026-04-18,2026,https://www.combien-coute.net/cigarette/champagne-ardenne/reims/,https://www.combien-coute.net/cigarette/champagne-ardenne/reims/,detail
Troyes (Aube),ville,Champagne-Ardenne,champagne-ardenne,Marlboro,2026-04-20,12.5,,,,12.5,12,18,,,,2026-04-20,2026,https://www.combien-coute.net/cigarette/champagne-ardenne/troyes/,https://www.combien-coute.net/cigarette/champagne-ardenne/troyes/,detail
La Rochelle,ville,Charentes (Charente-Maritime et Charente),charentes,Marlboro,2026-04-19,12,,,,10,8,10,,,,2026-04-19,2026,https://www.combien-coute.net/cigarette/charentes/la-rochelle/,https://www.combien-coute.net/cigarette/charentes/la-rochelle/,detail
Royan,ville,Charentes (Charente-Maritime et Charente),charentes,Marlboro,2026-04-27,11.75,,,,8.1,8,9.3,,,,2026-04-27,2026,https://www.combien-coute.net/cigarette/charentes/royan/,https://www.combien-coute.net/cigarette/charentes/royan/,detail
Antofagasta,ville,Chili,chili,Marlboro,2026-04-18,4.36,4552,CLP,Peso chilien,4.36,4.36,5.81,4552,4552,6066,2026-04-18,2026,https://www.combien-coute.net/cigarette/chili/antofagasta/,https://www.combien-coute.net/cigarette/chili/antofagasta/,detail
Arica,ville,Chili,chili,Marlboro,2023-12-10,8.52,8000,CLP,Peso chilien,8.52,8.52,8.52,8000,8000,8000,2023-12-10,2026,https://www.combien-coute.net/cigarette/chili/arica/,https://www.combien-coute.net/cigarette/chili/arica/,detail
Chillan,ville,Chili,chili,Marlboro,2024-12-27,4.86,4999,CLP,Peso chilien,4.86,4.47,6.8,4999,4598,6995,2024-12-27,2026,https://www.combien-coute.net/cigarette/chili/chillan/,https://www.combien-coute.net/cigarette/chili/chillan/,detail
Coronel,ville,Chili,chili,Marlboro,2024-12-27,4.86,4999,CLP,Peso chilien,4.86,4.47,6.8,4999,4598,6995,2024-12-27,2026,https://www.combien-coute.net/cigarette/chili/coronel/,https://www.combien-coute.net/cigarette/chili/coronel/,detail
Iquique,ville,Chili,chili,Marlboro,2026-04-15,6.69,6996,CLP,Peso chilien,6.69,,,6996,,,2026-04-15,2026,https://www.combien-coute.net/cigarette/chili/iquique/,https://www.combien-coute.net/cigarette/chili/iquique/,detail
La Serena,ville,Chili,chili,Marlboro,2026-04-18,4.84,5053,CLP,Peso chilien,4.84,4.07,5.33,5053,4249,5564,2026-04-18,2026,https://www.combien-coute.net/cigarette/chili/la-serena/,https://www.combien-coute.net/cigarette/chili/la-serena/,detail
Linares,ville,Chili,chili,Marlboro,2026-04-19,5.14,5377,CLP,Peso chilien,5.14,4.36,5.81,5377,4561,6078,2026-04-19,2026,https://www.combien-coute.net/cigarette/chili/linares/,https://www.combien-coute.net/cigarette/chili/linares/,detail
Osorno,ville,Chili,chili,Marlboro,2026-04-19,4.85,5074,CLP,Peso chilien,4.85,4.07,5.81,5074,4258,6078,2026-04-19,2026,https://www.combien-coute.net/cigarette/chili/osorno/,https://www.combien-coute.net/cigarette/chili/osorno/,detail
Ovalle,ville,Chili,chili,Marlboro,2024-12-27,4.52,4649,CLP,Peso chilien,4.52,3.89,4.86,4649,4001,4999,2024-12-27,2026,https://www.combien-coute.net/cigarette/chili/ovalle/,https://www.combien-coute.net/cigarette/chili/ovalle/,detail
Puente Alto,ville,Chili,chili,Marlboro,2026-04-19,2.91,3044,CLP,Peso chilien,2.91,,,3044,,,2026-04-19,2026,https://www.combien-coute.net/cigarette/chili/puente-alto/,https://www.combien-coute.net/cigarette/chili/puente-alto/,detail
Puerto Montt,ville,Chili,chili,Marlboro,2026-04-27,4.29,4509,CLP,Peso chilien,4.29,3.82,4.77,4509,4015,5014,2026-04-27,2026,https://www.combien-coute.net/cigarette/chili/puerto-montt/,https://www.combien-coute.net/cigarette/chili/puerto-montt/,detail
Puerto Natales,ville,Chili,chili,Marlboro,2023-12-13,4.73,4500,CLP,Peso chilien,4.73,,,4500,,,2023-12-13,2026,https://www.combien-coute.net/cigarette/chili/puerto-natales/,https://www.combien-coute.net/cigarette/chili/puerto-natales/,detail
Punta Arenas,ville,Chili,chili,Marlboro,2025-11-25,4.69,5058,CLP,Peso chilien,4.69,4.41,5.51,5058,4756,5943,2025-11-25,2026,https://www.combien-coute.net/cigarette/chili/punta-arenas/,https://www.combien-coute.net/cigarette/chili/punta-arenas/,detail
Rancagua,ville,Chili,chili,Marlboro,2026-04-19,4.36,4561,CLP,Peso chilien,4.36,3.88,4.94,4561,4059,5168,2026-04-19,2026,https://www.combien-coute.net/cigarette/chili/rancagua/,https://www.combien-coute.net/cigarette/chili/rancagua/,detail
San Antonio,ville,Chili,chili,Marlboro,2026-04-19,8.04,8411,CLP,Peso chilien,8.04,8.04,8.84,8411,8411,9248,2026-04-19,2026,https://www.combien-coute.net/cigarette/chili/san-antonio/,https://www.combien-coute.net/cigarette/chili/san-antonio/,detail
Santiago du Chili,ville,Chili,chili,Marlboro,2026-04-17,5.07,5296,CLP,Peso chilien,5.07,4.31,5.74,5296,4502,5996,2026-04-17,2026,https://www.combien-coute.net/cigarette/chili/santiago/,https://www.combien-coute.net/cigarette/chili/santiago/,detail
Talca,ville,Chili,chili,Marlboro,2026-04-19,3.94,4122,CLP,Peso chilien,3.94,2.06,5.81,4122,2155,6078,2026-04-19,2026,https://www.combien-coute.net/cigarette/chili/talca/,https://www.combien-coute.net/cigarette/chili/talca/,detail
Temuco,ville,Chili,chili,Marlboro,2026-04-23,4.34,4556,CLP,Peso chilien,4.34,4.34,4.63,4556,4556,4860,2026-04-23,2026,https://www.combien-coute.net/cigarette/chili/temuco/,https://www.combien-coute.net/cigarette/chili/temuco/,detail
Valdivia,ville,Chili,chili,Marlboro,2026-04-19,4.85,5074,CLP,Peso chilien,4.85,4.85,5.14,5074,5074,5377,2026-04-19,2026,https://www.combien-coute.net/cigarette/chili/valdivia/,https://www.combien-coute.net/cigarette/chili/valdivia/,detail
Valparaíso,ville,Chili,chili,Marlboro,2026-04-17,4.07,4251,CLP,Peso chilien,4.07,3.83,4.31,4251,4001,4502,2026-04-17,2026,https://www.combien-coute.net/cigarette/chili/valparaiso/,https://www.combien-coute.net/cigarette/chili/valparaiso/,detail
Villarrica,ville,Chili,chili,Marlboro,2024-01-26,4.03,4000,CLP,Peso chilien,4.03,4.03,4.53,4000,4000,4500,2024-01-26,2026,https://www.combien-coute.net/cigarette/chili/villarrica/,https://www.combien-coute.net/cigarette/chili/villarrica/,detail
Canton (Guangzhou),ville,Chine,chine,Marlboro,2026-04-24,6.85,55,Ұ (CNY),Yuan Ren Min Bi,6.85,6.42,8.56,55,51,68,2026-04-24,2026,https://www.combien-coute.net/cigarette/chine/canton/,https://www.combien-coute.net/cigarette/chine/canton/,detail
Chengdu,ville,Chine,chine,Marlboro,2026-04-22,3.12,25,Ұ (CNY),Yuan Ren Min Bi,3.12,3.12,3.75,25,25,30,2026-04-22,2026,https://www.combien-coute.net/cigarette/chine/chengdu/,https://www.combien-coute.net/cigarette/chine/chengdu/,detail
Chongqing,ville,Chine,chine,Marlboro,2026-04-21,2.49,20,Ұ (CNY),Yuan Ren Min Bi,2.49,2.49,6.22,20,20,50,2026-04-21,2026,https://www.combien-coute.net/cigarette/chine/chongqing/,https://www.combien-coute.net/cigarette/chine/chongqing/,detail
Dalian,ville,Chine,chine,Marlboro,2026-04-21,3.11,25,Ұ (CNY),Yuan Ren Min Bi,3.11,2.49,3.73,25,20,30,2026-04-21,2026,https://www.combien-coute.net/cigarette/chine/dalian/,https://www.combien-coute.net/cigarette/chine/dalian/,detail
Fuzhou,ville,Chine,chine,Marlboro,2026-04-20,2.5,20,Ұ (CNY),Yuan Ren Min Bi,2.5,2.5,3.13,20,20,25,2026-04-20,2026,https://www.combien-coute.net/cigarette/chine/fuzhou/,https://www.combien-coute.net/cigarette/chine/fuzhou/,detail
Guilin,ville,Chine,chine,Marlboro,2017-11-21,1.28,10,Ұ (CNY),Yuan Ren Min Bi,1.28,,,10,,,2017-11-21,2026,https://www.combien-coute.net/cigarette/chine/guilin/,https://www.combien-coute.net/cigarette/chine/guilin/,detail
Hangzhou,ville,Chine,chine,Marlboro,2026-04-29,3.43,27,Ұ (CNY),Yuan Ren Min Bi,3.43,2.5,4.99,27,20,40,2026-04-29,2026,https://www.combien-coute.net/cigarette/chine/hangzhou/,https://www.combien-coute.net/cigarette/chine/hangzhou/,detail
Harbin,ville,Chine,chine,Marlboro,2026-04-16,2.11,17,Ұ (CNY),Yuan Ren Min Bi,2.11,1.86,3.11,17,15,25,2026-04-16,2026,https://www.combien-coute.net/cigarette/chine/harbin/,https://www.combien-coute.net/cigarette/chine/harbin/,detail
Hong Kong,ville,Chine,chine,Marlboro,2026-05-01,11.11,,Ұ (CNY),Yuan Ren Min Bi,11.11,,,,,,2026-05-01,2026,https://www.combien-coute.net/cigarette/chine/hong-kong/,https://www.combien-coute.net/cigarette/chine/,liste_parent
Huzhou,ville,Chine,chine,Marlboro,2026-04-19,3.12,25,Ұ (CNY),Yuan Ren Min Bi,3.12,2.49,6.23,25,20,50,2026-04-19,2026,https://www.combien-coute.net/cigarette/chine/huzhou/,https://www.combien-coute.net/cigarette/chine/huzhou/,detail
Linyi,ville,Chine,chine,Marlboro,2026-04-20,3.13,25,Ұ (CNY),Yuan Ren Min Bi,3.13,2.5,4.38,25,20,35,2026-04-20,2026,https://www.combien-coute.net/cigarette/chine/linyi/,https://www.combien-coute.net/cigarette/chine/linyi/,detail
Macao,ville,Chine,chine,Marlboro,2026-04-29,5.4,43,Ұ (CNY),Yuan Ren Min Bi,5.4,5.29,5.82,43,42,46,2026-04-29,2026,https://www.combien-coute.net/cigarette/chine/macao/,https://www.combien-coute.net/cigarette/chine/macao/,detail
Nanning,ville,Chine,chine,Marlboro,2026-04-21,3.11,25,Ұ (CNY),Yuan Ren Min Bi,3.11,3.11,3.73,25,25,30,2026-04-21,2026,https://www.combien-coute.net/cigarette/chine/nanning/,https://www.combien-coute.net/cigarette/chine/nanning/,detail
Nantong,ville,Chine,chine,Marlboro,2026-04-20,2.81,23,Ұ (CNY),Yuan Ren Min Bi,2.81,2.5,6.25,23,20,50,2026-04-20,2026,https://www.combien-coute.net/cigarette/chine/nantong/,https://www.combien-coute.net/cigarette/chine/nantong/,detail
Ningbo,ville,Chine,chine,Marlboro,2026-04-19,3.74,30,Ұ (CNY),Yuan Ren Min Bi,3.74,3.12,6.23,30,25,50,2026-04-19,2026,https://www.combien-coute.net/cigarette/chine/ningbo/,https://www.combien-coute.net/cigarette/chine/ningbo/,detail
Pékin (Beijing),ville,Chine,chine,Marlboro,2026-04-29,3.31,26,Ұ (CNY),Yuan Ren Min Bi,3.31,2.5,4.99,26,20,40,2026-04-29,2026,https://www.combien-coute.net/cigarette/chine/pekin/,https://www.combien-coute.net/cigarette/chine/pekin/,detail
Qingdao,ville,Chine,chine,Marlboro,2026-04-20,3.13,25,Ұ (CNY),Yuan Ren Min Bi,3.13,3.13,3.5,25,25,28,2026-04-20,2026,https://www.combien-coute.net/cigarette/chine/qingdao/,https://www.combien-coute.net/cigarette/chine/qingdao/,detail
Quanzhou,ville,Chine,chine,Marlboro,2026-04-21,2.49,20,Ұ (CNY),Yuan Ren Min Bi,2.49,2.49,3.11,20,20,25,2026-04-21,2026,https://www.combien-coute.net/cigarette/chine/quanzhou/,https://www.combien-coute.net/cigarette/chine/quanzhou/,detail
Shanghai,ville,Chine,chine,Marlboro,2026-04-29,3.12,25,Ұ (CNY),Yuan Ren Min Bi,3.12,2.25,4.99,25,18,40,2026-04-29,2026,https://www.combien-coute.net/cigarette/chine/shanghai/,https://www.combien-coute.net/cigarette/chine/shanghai/,detail
Shenyang,ville,Chine,chine,Marlboro,2026-04-21,3.11,25,Ұ (CNY),Yuan Ren Min Bi,3.11,2.49,3.11,25,20,25,2026-04-21,2026,https://www.combien-coute.net/cigarette/chine/shenyang/,https://www.combien-coute.net/cigarette/chine/shenyang/,detail
Shenzhen,ville,Chine,chine,Marlboro,2026-04-23,3.19,26,Ұ (CNY),Yuan Ren Min Bi,3.19,2.88,3.75,26,23,30,2026-04-23,2026,https://www.combien-coute.net/cigarette/chine/shenzhen/,https://www.combien-coute.net/cigarette/chine/shenzhen/,detail
Shijiazhuang,ville,Chine,chine,Marlboro,2026-04-19,3.12,25,Ұ (CNY),Yuan Ren Min Bi,3.12,2.49,6.23,25,20,50,2026-04-19,2026,https://www.combien-coute.net/cigarette/chine/shijiazhuang/,https://www.combien-coute.net/cigarette/chine/shijiazhuang/,detail
Suzhou,ville,Chine,chine,Marlboro,2026-04-28,3.75,30,Ұ (CNY),Yuan Ren Min Bi,3.75,3.13,3.75,30,25,30,2026-04-28,2026,https://www.combien-coute.net/cigarette/chine/suzhou/,https://www.combien-coute.net/cigarette/chine/suzhou/,detail
Tianjin,ville,Chine,chine,Marlboro,2026-04-21,4.36,35,Ұ (CNY),Yuan Ren Min Bi,4.36,2.49,6.22,35,20,50,2026-04-21,2026,https://www.combien-coute.net/cigarette/chine/tianjin/,https://www.combien-coute.net/cigarette/chine/tianjin/,detail
Urumqi,ville,Chine,chine,Marlboro,2026-04-20,2.5,20,Ұ (CNY),Yuan Ren Min Bi,2.5,1.88,2.63,20,15,21,2026-04-20,2026,https://www.combien-coute.net/cigarette/chine/urumqi/,https://www.combien-coute.net/cigarette/chine/urumqi/,detail
Weifang,ville,Chine,chine,Marlboro,2026-04-20,3.13,25,Ұ (CNY),Yuan Ren Min Bi,3.13,2.5,4.26,25,20,34,2026-04-20,2026,https://www.combien-coute.net/cigarette/chine/weifang/,https://www.combien-coute.net/cigarette/chine/weifang/,detail
Wenzhou,ville,Chine,chine,Marlboro,2026-04-20,2.5,20,Ұ (CNY),Yuan Ren Min Bi,2.5,2.5,3.13,20,20,25,2026-04-20,2026,https://www.combien-coute.net/cigarette/chine/wenzhou/,https://www.combien-coute.net/cigarette/chine/wenzhou/,detail
Wuhan,ville,Chine,chine,Marlboro,2026-04-24,2.76,22,Ұ (CNY),Yuan Ren Min Bi,2.76,2.51,7.52,22,20,60,2026-04-24,2026,https://www.combien-coute.net/cigarette/chine/wuhan/,https://www.combien-coute.net/cigarette/chine/wuhan/,detail
Xiamen,ville,Chine,chine,Marlboro,2026-04-14,2.49,20,Ұ (CNY),Yuan Ren Min Bi,2.49,1.87,4.36,20,15,35,2026-04-14,2026,https://www.combien-coute.net/cigarette/chine/xiamen/,https://www.combien-coute.net/cigarette/chine/xiamen/,detail
Xian,ville,Chine,chine,Marlboro,2026-04-28,2.81,23,Ұ (CNY),Yuan Ren Min Bi,2.81,1.25,3.25,23,10,26,2026-04-28,2026,https://www.combien-coute.net/cigarette/chine/xian/,https://www.combien-coute.net/cigarette/chine/xian/,detail
Yancheng,ville,Chine,chine,Marlboro,2025-12-18,4.23,35,Ұ (CNY),Yuan Ren Min Bi,4.23,1.81,7.26,35,15,60,2025-12-18,2026,https://www.combien-coute.net/cigarette/chine/yancheng/,https://www.combien-coute.net/cigarette/chine/yancheng/,detail
Yantai,ville,Chine,chine,Marlboro,2026-04-20,3.13,25,Ұ (CNY),Yuan Ren Min Bi,3.13,3.13,3.5,25,25,28,2026-04-20,2026,https://www.combien-coute.net/cigarette/chine/yantai/,https://www.combien-coute.net/cigarette/chine/yantai/,detail
Zhengzhou,ville,Chine,chine,Marlboro,2026-04-20,3.13,25,Ұ (CNY),Yuan Ren Min Bi,3.13,,,25,,,2026-04-20,2026,https://www.combien-coute.net/cigarette/chine/zhengzhou/,https://www.combien-coute.net/cigarette/chine/zhengzhou/,detail
Aradippou,ville,Chypre,chypre,Marlboro,2026-04-19,2.04,,,,2.04,2,5,,,,2026-04-19,2026,https://www.combien-coute.net/cigarette/chypre/aradippou/,https://www.combien-coute.net/cigarette/chypre/aradippou/,detail
Athienou,ville,Chypre,chypre,Marlboro,2026-04-19,5,,,,5,4.6,6.95,,,,2026-04-19,2026,https://www.combien-coute.net/cigarette/chypre/athienou/,https://www.combien-coute.net/cigarette/chypre/athienou/,detail
Ayia Napa,ville,Chypre,chypre,Marlboro,2026-04-19,4.3,,,,4.3,,,,,,2026-04-19,2026,https://www.combien-coute.net/cigarette/chypre/ayia-napa/,https://www.combien-coute.net/cigarette/chypre/ayia-napa/,detail
Dali,ville,Chypre,chypre,Marlboro,2026-04-19,5,,,,5,4.6,5,,,,2026-04-19,2026,https://www.combien-coute.net/cigarette/chypre/dali/,https://www.combien-coute.net/cigarette/chypre/dali/,detail
Famagouste,ville,Chypre,chypre,Marlboro,2026-04-19,5,,,,5,5,5,,,,2026-04-19,2026,https://www.combien-coute.net/cigarette/chypre/famagouste/,https://www.combien-coute.net/cigarette/chypre/famagouste/,detail
Kolossi,ville,Chypre,chypre,Marlboro,2026-04-19,5,,,,5,4.8,6.95,,,,2026-04-19,2026,https://www.combien-coute.net/cigarette/chypre/kolossi/,https://www.combien-coute.net/cigarette/chypre/kolossi/,detail
Kyrenia,ville,Chypre,chypre,Marlboro,2026-04-21,2.04,,,,2.04,2,2.11,,,,2026-04-21,2026,https://www.combien-coute.net/cigarette/chypre/kyrenia/,https://www.combien-coute.net/cigarette/chypre/kyrenia/,detail
Larnaca,ville,Chypre,chypre,Marlboro,2026-04-23,5,,,,5,4.6,5,,,,2026-04-23,2026,https://www.combien-coute.net/cigarette/chypre/larnaca/,https://www.combien-coute.net/cigarette/chypre/larnaca/,detail
Limassol,ville,Chypre,chypre,Marlboro,2026-04-26,5.39,,,,5.39,5,6.95,,,,2026-04-26,2026,https://www.combien-coute.net/cigarette/chypre/limassol/,https://www.combien-coute.net/cigarette/chypre/limassol/,detail
Nicosie,ville,Chypre,chypre,Marlboro,2026-04-30,5,,,,5,4.8,5.2,,,,2026-04-30,2026,https://www.combien-coute.net/cigarette/chypre/nicosie/,https://www.combien-coute.net/cigarette/chypre/nicosie/,detail
Paphos,ville,Chypre,chypre,Marlboro,2026-04-22,5,,,,5,5,5,,,,2026-04-22,2026,https://www.combien-coute.net/cigarette/chypre/paphos/,https://www.combien-coute.net/cigarette/chypre/paphos/,detail
Paralimni,ville,Chypre,chypre,Marlboro,2026-04-19,4.8,,,,4.8,4.2,6,,,,2026-04-19,2026,https://www.combien-coute.net/cigarette/chypre/paralimni/,https://www.combien-coute.net/cigarette/chypre/paralimni/,detail
Protaras,ville,Chypre,chypre,Marlboro,2026-04-28,5.39,,,,5.39,5,6.95,,,,2026-04-28,2026,https://www.combien-coute.net/cigarette/chypre/protaras/,https://www.combien-coute.net/cigarette/chypre/protaras/,detail
Sotira,ville,Chypre,chypre,Marlboro,2026-04-24,5.39,,,,5.39,5,6.95,,,,2026-04-24,2026,https://www.combien-coute.net/cigarette/chypre/sotira/,https://www.combien-coute.net/cigarette/chypre/sotira/,detail
Ypsonas,ville,Chypre,chypre,Marlboro,2026-04-19,5,,,,5,4.8,6.95,,,,2026-04-19,2026,https://www.combien-coute.net/cigarette/chypre/ypsonas/,https://www.combien-coute.net/cigarette/chypre/ypsonas/,detail
Armenia,ville,Colombie,colombie,Marlboro,2026-04-26,2.4,10028,COP,Peso colombien,2.4,1.36,3.12,10028,5682,13036,2026-04-26,2026,https://www.combien-coute.net/cigarette/colombie/armenia/,https://www.combien-coute.net/cigarette/colombie/armenia/,detail
Barrancabermeja,ville,Colombie,colombie,Marlboro,2026-04-19,2.91,12375,COP,Peso colombien,2.91,1.36,3.06,12375,5783,13012,2026-04-19,2026,https://www.combien-coute.net/cigarette/colombie/barrancabermeja/,https://www.combien-coute.net/cigarette/colombie/barrancabermeja/,detail
Barranquilla,ville,Colombie,colombie,Marlboro,2025-11-25,2.62,11414,COP,Peso colombien,2.62,2.41,2.64,11414,10500,11502,2025-11-25,2026,https://www.combien-coute.net/cigarette/colombie/barranquilla/,https://www.combien-coute.net/cigarette/colombie/barranquilla/,detail
Bogotá,ville,Colombie,colombie,Marlboro,2026-04-17,2.91,12429,COP,Peso colombien,2.91,2.35,4.23,12429,10037,18066,2026-04-17,2026,https://www.combien-coute.net/cigarette/colombie/bogot/,https://www.combien-coute.net/cigarette/colombie/bogot/,detail
Bucaramanga,ville,Colombie,colombie,Marlboro,2026-04-20,2.33,9892,COP,Peso colombien,2.33,1.65,3.53,9892,7005,14987,2026-04-20,2026,https://www.combien-coute.net/cigarette/colombie/bucaramanga/,https://www.combien-coute.net/cigarette/colombie/bucaramanga/,detail
Cartagena (Carthagène des Indes),ville,Colombie,colombie,Marlboro,2026-04-17,2.23,9524,COP,Peso colombien,2.23,2.11,2.35,9524,9012,10037,2026-04-17,2026,https://www.combien-coute.net/cigarette/colombie/cartagena/,https://www.combien-coute.net/cigarette/colombie/cartagena/,detail
Cartago,ville,Colombie,colombie,Marlboro,2026-04-20,2.81,11930,COP,Peso colombien,2.81,2.81,2.82,11930,11930,11973,2026-04-20,2026,https://www.combien-coute.net/cigarette/colombie/cartago/,https://www.combien-coute.net/cigarette/colombie/cartago/,detail
Duitama,ville,Colombie,colombie,Marlboro,2026-04-21,2.33,9866,COP,Peso colombien,2.33,1.65,3.53,9866,6987,14947,2026-04-21,2026,https://www.combien-coute.net/cigarette/colombie/duitama/,https://www.combien-coute.net/cigarette/colombie/duitama/,detail
Leticia,ville,Colombie,colombie,Marlboro,2023-06-04,1.06,5000,COP,Peso colombien,1.06,,,5000,,,2023-06-04,2026,https://www.combien-coute.net/cigarette/colombie/leticia/,https://www.combien-coute.net/cigarette/colombie/leticia/,detail
Maicao,ville,Colombie,colombie,Marlboro,2026-04-19,2.73,11609,COP,Peso colombien,2.73,2.49,4.7,11609,10589,19986,2026-04-19,2026,https://www.combien-coute.net/cigarette/colombie/maicao/,https://www.combien-coute.net/cigarette/colombie/maicao/,detail
Manizales,ville,Colombie,colombie,Marlboro,2026-04-26,2.4,10028,COP,Peso colombien,2.4,2.4,4.32,10028,10028,18050,2026-04-26,2026,https://www.combien-coute.net/cigarette/colombie/manizales/,https://www.combien-coute.net/cigarette/colombie/manizales/,detail
Medellin,ville,Colombie,colombie,Marlboro,2026-04-23,2.94,12391,COP,Peso colombien,2.94,1.37,3.09,12391,5774,13023,2026-04-23,2026,https://www.combien-coute.net/cigarette/colombie/medellin/,https://www.combien-coute.net/cigarette/colombie/medellin/,detail
Neiva,ville,Colombie,colombie,Marlboro,2026-04-19,1.88,7995,COP,Peso colombien,1.88,1.76,3.76,7995,7484,15989,2026-04-19,2026,https://www.combien-coute.net/cigarette/colombie/neiva/,https://www.combien-coute.net/cigarette/colombie/neiva/,detail
Palmira,ville,Colombie,colombie,Marlboro,2026-04-19,2,8505,COP,Peso colombien,2,1.76,3.76,8505,7484,15989,2026-04-19,2026,https://www.combien-coute.net/cigarette/colombie/palmira/,https://www.combien-coute.net/cigarette/colombie/palmira/,detail
Pasto,ville,Colombie,colombie,Marlboro,2024-01-25,1.53,6500,COP,Peso colombien,1.53,1.18,1.89,6500,5000,8000,2024-01-25,2026,https://www.combien-coute.net/cigarette/colombie/pasto/,https://www.combien-coute.net/cigarette/colombie/pasto/,detail
Pereira,ville,Colombie,colombie,Marlboro,2026-04-26,2.04,8523,COP,Peso colombien,2.04,1.36,3.84,8523,5682,16044,2026-04-26,2026,https://www.combien-coute.net/cigarette/colombie/pereira/,https://www.combien-coute.net/cigarette/colombie/pereira/,detail
Popayan,ville,Colombie,colombie,Marlboro,2025-01-07,1.78,8031,COP,Peso colombien,1.78,,,8031,,,2025-01-07,2026,https://www.combien-coute.net/cigarette/colombie/popayan/,https://www.combien-coute.net/cigarette/colombie/popayan/,detail
Santa Marta,ville,Colombie,colombie,Marlboro,2026-04-26,3.12,13036,COP,Peso colombien,3.12,2.64,3.24,13036,11030,13537,2026-04-26,2026,https://www.combien-coute.net/cigarette/colombie/santa-marta/,https://www.combien-coute.net/cigarette/colombie/santa-marta/,detail
Sincelejo,ville,Colombie,colombie,Marlboro,2026-04-19,1.69,7187,COP,Peso colombien,1.69,1.69,4.7,7187,7187,19986,2026-04-19,2026,https://www.combien-coute.net/cigarette/colombie/sincelejo/,https://www.combien-coute.net/cigarette/colombie/sincelejo/,detail
Tunja,ville,Colombie,colombie,Marlboro,2026-04-20,2.33,9892,COP,Peso colombien,2.33,1.65,3.53,9892,7005,14987,2026-04-20,2026,https://www.combien-coute.net/cigarette/colombie/tunja/,https://www.combien-coute.net/cigarette/colombie/tunja/,detail
Valledupar,ville,Colombie,colombie,Marlboro,2026-04-19,2.23,9483,COP,Peso colombien,2.23,2.12,2.35,9483,9015,9993,2026-04-19,2026,https://www.combien-coute.net/cigarette/colombie/valledupar/,https://www.combien-coute.net/cigarette/colombie/valledupar/,detail
Villavicencio,ville,Colombie,colombie,Marlboro,2026-04-20,2.59,10996,COP,Peso colombien,2.59,2.35,4.23,10996,9977,17959,2026-04-20,2026,https://www.combien-coute.net/cigarette/colombie/villavicencio/,https://www.combien-coute.net/cigarette/colombie/villavicencio/,detail
Brazzaville,ville,Congo-Brazzaville (République du Congo),congo,Marlboro,2026-04-24,2.81,7603,CDF,Franc congolais,2.81,,,7603,,,2026-04-24,2026,https://www.combien-coute.net/cigarette/congo/brazzaville/,https://www.combien-coute.net/cigarette/congo/brazzaville/,detail
Ajaccio (Corse-du-Sud),ville,Corse,corse,Marlboro,2026-04-18,11.5,,,,11.5,10,13,,,,2026-04-18,2026,https://www.combien-coute.net/cigarette/corse/ajaccio/,https://www.combien-coute.net/cigarette/corse/ajaccio/,detail
Bastia (Haute-Corse),ville,Corse,corse,Marlboro,2024-11-25,9,,,,9,,,,,,2024-11-25,2026,https://www.combien-coute.net/cigarette/corse/bastia/,https://www.combien-coute.net/cigarette/corse/bastia/,detail
Andong,ville,Corée du Sud,coree-du-sud,Marlboro,2026-04-20,2.62,4525,￦ (KRW),Won,2.62,2.62,2.62,4525,4525,4525,2026-04-20,2026,https://www.combien-coute.net/cigarette/coree-du-sud/andong/,https://www.combien-coute.net/cigarette/coree-du-sud/andong/,detail
Busan,ville,Corée du Sud,coree-du-sud,Marlboro,2025-11-24,2.66,4502,￦ (KRW),Won,2.66,2.66,2.66,4502,4502,4502,2025-11-24,2026,https://www.combien-coute.net/cigarette/coree-du-sud/busan/,https://www.combien-coute.net/cigarette/coree-du-sud/busan/,detail
Changwon,ville,Corée du Sud,coree-du-sud,Marlboro,2026-04-21,2.6,4505,￦ (KRW),Won,2.6,2.6,2.6,4505,4505,4505,2026-04-21,2026,https://www.combien-coute.net/cigarette/coree-du-sud/changwon/,https://www.combien-coute.net/cigarette/coree-du-sud/changwon/,detail
Cheonan,ville,Corée du Sud,coree-du-sud,Marlboro,2026-04-22,2.58,4465,￦ (KRW),Won,2.58,2.58,2.58,4465,4465,4465,2026-04-22,2026,https://www.combien-coute.net/cigarette/coree-du-sud/cheonan/,https://www.combien-coute.net/cigarette/coree-du-sud/cheonan/,detail
Chuncheon,ville,Corée du Sud,coree-du-sud,Marlboro,2025-11-25,2.65,4504,￦ (KRW),Won,2.65,2.06,2.83,4504,3501,4810,2025-11-25,2026,https://www.combien-coute.net/cigarette/coree-du-sud/chuncheon/,https://www.combien-coute.net/cigarette/coree-du-sud/chuncheon/,detail
Daegu,ville,Corée du Sud,coree-du-sud,Marlboro,2025-11-25,2.65,4504,￦ (KRW),Won,2.65,2.06,2.83,4504,3501,4810,2025-11-25,2026,https://www.combien-coute.net/cigarette/coree-du-sud/daegu/,https://www.combien-coute.net/cigarette/coree-du-sud/daegu/,detail
Daejeon (Taejon),ville,Corée du Sud,coree-du-sud,Marlboro,2026-04-26,2.6,4501,￦ (KRW),Won,2.6,2.6,2.89,4501,4501,5003,2026-04-26,2026,https://www.combien-coute.net/cigarette/coree-du-sud/daejeon/,https://www.combien-coute.net/cigarette/coree-du-sud/daejeon/,detail
Gangneung,ville,Corée du Sud,coree-du-sud,Marlboro,2026-04-25,2.6,4512,￦ (KRW),Won,2.6,2.6,5.78,4512,4512,10030,2026-04-25,2026,https://www.combien-coute.net/cigarette/coree-du-sud/gangneung/,https://www.combien-coute.net/cigarette/coree-du-sud/gangneung/,detail
Gongju,ville,Corée du Sud,coree-du-sud,Marlboro,2026-04-20,2.62,4525,￦ (KRW),Won,2.62,2.62,2.62,4525,4525,4525,2026-04-20,2026,https://www.combien-coute.net/cigarette/coree-du-sud/gongju/,https://www.combien-coute.net/cigarette/coree-du-sud/gongju/,detail
Gumi,ville,Corée du Sud,coree-du-sud,Marlboro,2026-04-29,2.61,4501,￦ (KRW),Won,2.61,2.61,2.61,4501,4501,4501,2026-04-29,2026,https://www.combien-coute.net/cigarette/coree-du-sud/gumi/,https://www.combien-coute.net/cigarette/coree-du-sud/gumi/,detail
Gunsan,ville,Corée du Sud,coree-du-sud,Marlboro,2026-04-20,2.62,4525,￦ (KRW),Won,2.62,2.62,2.62,4525,4525,4525,2026-04-20,2026,https://www.combien-coute.net/cigarette/coree-du-sud/gunsan/,https://www.combien-coute.net/cigarette/coree-du-sud/gunsan/,detail
Gwangju,ville,Corée du Sud,coree-du-sud,Marlboro,2026-04-25,2.6,4512,￦ (KRW),Won,2.6,2.6,2.6,4512,4512,4512,2026-04-25,2026,https://www.combien-coute.net/cigarette/coree-du-sud/gwangju/,https://www.combien-coute.net/cigarette/coree-du-sud/gwangju/,detail
Gyeongju,ville,Corée du Sud,coree-du-sud,Marlboro,2026-04-25,2.6,4512,￦ (KRW),Won,2.6,2.6,2.6,4512,4512,4512,2026-04-25,2026,https://www.combien-coute.net/cigarette/coree-du-sud/gyeongju/,https://www.combien-coute.net/cigarette/coree-du-sud/gyeongju/,detail
Incheon,ville,Corée du Sud,coree-du-sud,Marlboro,2026-04-25,2.6,4512,￦ (KRW),Won,2.6,2.6,4.33,4512,4512,7514,2026-04-25,2026,https://www.combien-coute.net/cigarette/coree-du-sud/incheon/,https://www.combien-coute.net/cigarette/coree-du-sud/incheon/,detail
Jeonju,ville,Corée du Sud,coree-du-sud,Marlboro,2026-04-19,2.9,5009,￦ (KRW),Won,2.9,2.9,2.9,5009,5009,5009,2026-04-19,2026,https://www.combien-coute.net/cigarette/coree-du-sud/jeonju/,https://www.combien-coute.net/cigarette/coree-du-sud/jeonju/,detail
Miryang,ville,Corée du Sud,coree-du-sud,Marlboro,2026-04-28,2.6,4487,￦ (KRW),Won,2.6,2.6,2.6,4487,4487,4487,2026-04-28,2026,https://www.combien-coute.net/cigarette/coree-du-sud/miryang/,https://www.combien-coute.net/cigarette/coree-du-sud/miryang/,detail
Nonsan,ville,Corée du Sud,coree-du-sud,Marlboro,2026-04-21,2.6,4505,￦ (KRW),Won,2.6,2.6,2.6,4505,4505,4505,2026-04-21,2026,https://www.combien-coute.net/cigarette/coree-du-sud/nonsan/,https://www.combien-coute.net/cigarette/coree-du-sud/nonsan/,detail
Pohang,ville,Corée du Sud,coree-du-sud,Marlboro,2026-04-21,2.6,4505,￦ (KRW),Won,2.6,2.6,2.6,4505,4505,4505,2026-04-21,2026,https://www.combien-coute.net/cigarette/coree-du-sud/pohang/,https://www.combien-coute.net/cigarette/coree-du-sud/pohang/,detail
Sangju,ville,Corée du Sud,coree-du-sud,Marlboro,2026-04-27,2.6,4501,￦ (KRW),Won,2.6,2.6,2.6,4501,4501,4501,2026-04-27,2026,https://www.combien-coute.net/cigarette/coree-du-sud/sangju/,https://www.combien-coute.net/cigarette/coree-du-sud/sangju/,detail
Seoul,ville,Corée du Sud,coree-du-sud,Marlboro,2026-04-28,2.6,4487,￦ (KRW),Won,2.6,2.6,4.34,4487,4487,7489,2026-04-28,2026,https://www.combien-coute.net/cigarette/coree-du-sud/seoul/,https://www.combien-coute.net/cigarette/coree-du-sud/seoul/,detail
Suncheon,ville,Corée du Sud,coree-du-sud,Marlboro,2017-11-21,3.49,4500,￦ (KRW),Won,3.49,,,4500,,,2017-11-21,2026,https://www.combien-coute.net/cigarette/coree-du-sud/suncheon/,https://www.combien-coute.net/cigarette/coree-du-sud/suncheon/,detail
Ulsan,ville,Corée du Sud,coree-du-sud,Marlboro,2026-04-25,2.6,4512,￦ (KRW),Won,2.6,2.31,2.6,4512,4008,4512,2026-04-25,2026,https://www.combien-coute.net/cigarette/coree-du-sud/ulsan/,https://www.combien-coute.net/cigarette/coree-du-sud/ulsan/,detail
Wonju,ville,Corée du Sud,coree-du-sud,Marlboro,2026-04-23,2.6,4512,￦ (KRW),Won,2.6,2.6,2.6,4512,4512,4512,2026-04-23,2026,https://www.combien-coute.net/cigarette/coree-du-sud/wonju/,https://www.combien-coute.net/cigarette/coree-du-sud/wonju/,detail
Yangsan,ville,Corée du Sud,coree-du-sud,Marlboro,2026-04-20,2.62,4525,￦ (KRW),Won,2.62,2.62,2.62,4525,4525,4525,2026-04-20,2026,https://www.combien-coute.net/cigarette/coree-du-sud/yangsan/,https://www.combien-coute.net/cigarette/coree-du-sud/yangsan/,detail
Yeosu,ville,Corée du Sud,coree-du-sud,Marlboro,2025-11-25,2.65,4504,￦ (KRW),Won,2.65,2.65,2.94,4504,4504,4997,2025-11-25,2026,https://www.combien-coute.net/cigarette/coree-du-sud/yeosu/,https://www.combien-coute.net/cigarette/coree-du-sud/yeosu/,detail
Alajuela,ville,Costa Rica,costa-rica,Marlboro,2025-11-22,4.34,2500,CRC,Colon de Costa Rica,4.34,3.99,10.41,2500,2298,5996,2025-11-22,2026,https://www.combien-coute.net/cigarette/costa-rica/alajuela/,https://www.combien-coute.net/cigarette/costa-rica/alajuela/,detail
Atenas,ville,Costa Rica,costa-rica,Marlboro,2017-11-21,2.69,1800,CRC,Colon de Costa Rica,2.69,,,1800,,,2017-11-21,2026,https://www.combien-coute.net/cigarette/costa-rica/atenas/,https://www.combien-coute.net/cigarette/costa-rica/atenas/,detail
Cartago,ville,Costa Rica,costa-rica,Marlboro,2026-04-14,4.97,2693,CRC,Colon de Costa Rica,4.97,4.61,5.16,2693,2498,2796,2026-04-14,2026,https://www.combien-coute.net/cigarette/costa-rica/cartago/,https://www.combien-coute.net/cigarette/costa-rica/cartago/,detail
Desamparados,ville,Costa Rica,costa-rica,Marlboro,2024-01-26,3.12,1750,CRC,Colon de Costa Rica,3.12,2.32,10.7,1750,1300,6000,2024-01-26,2026,https://www.combien-coute.net/cigarette/costa-rica/desamparados/,https://www.combien-coute.net/cigarette/costa-rica/desamparados/,detail
Escazu,ville,Costa Rica,costa-rica,Marlboro,2026-04-17,4.63,2502,CRC,Colon de Costa Rica,4.63,4.08,6.81,2502,2205,3680,2026-04-17,2026,https://www.combien-coute.net/cigarette/costa-rica/escazu/,https://www.combien-coute.net/cigarette/costa-rica/escazu/,detail
Esparza,ville,Costa Rica,costa-rica,Marlboro,2026-04-20,5.03,2705,CRC,Colon de Costa Rica,5.03,4.65,5.21,2705,2501,2802,2026-04-20,2026,https://www.combien-coute.net/cigarette/costa-rica/esparza/,https://www.combien-coute.net/cigarette/costa-rica/esparza/,detail
Heredia,ville,Costa Rica,costa-rica,Marlboro,2026-04-14,4.61,2498,CRC,Colon de Costa Rica,4.61,3.4,5.53,2498,1842,2997,2026-04-14,2026,https://www.combien-coute.net/cigarette/costa-rica/heredia/,https://www.combien-coute.net/cigarette/costa-rica/heredia/,detail
Nicoya,ville,Costa Rica,costa-rica,Marlboro,2026-04-21,5.03,2708,CRC,Colon de Costa Rica,5.03,4.66,5.22,2708,2509,2810,2026-04-21,2026,https://www.combien-coute.net/cigarette/costa-rica/nicoya/,https://www.combien-coute.net/cigarette/costa-rica/nicoya/,detail
Puerto Limón,ville,Costa Rica,costa-rica,Marlboro,2024-01-16,3.07,1750,CRC,Colon de Costa Rica,3.07,2.28,3.86,1750,1300,2200,2024-01-16,2026,https://www.combien-coute.net/cigarette/costa-rica/puerto-lim-n/,https://www.combien-coute.net/cigarette/costa-rica/puerto-lim-n/,detail
Puntarenas,ville,Costa Rica,costa-rica,Marlboro,2026-04-20,4.28,2302,CRC,Colon de Costa Rica,4.28,4.28,5.21,2302,2302,2802,2026-04-20,2026,https://www.combien-coute.net/cigarette/costa-rica/puntarenas/,https://www.combien-coute.net/cigarette/costa-rica/puntarenas/,detail
Quepos,ville,Costa Rica,costa-rica,Marlboro,2026-04-26,5.07,2700,CRC,Colon de Costa Rica,5.07,4.69,5.26,2700,2498,2802,2026-04-26,2026,https://www.combien-coute.net/cigarette/costa-rica/quepos/,https://www.combien-coute.net/cigarette/costa-rica/quepos/,detail
Quesada,ville,Costa Rica,costa-rica,Marlboro,2026-04-20,5.03,2705,CRC,Colon de Costa Rica,5.03,4.65,5.21,2705,2501,2802,2026-04-20,2026,https://www.combien-coute.net/cigarette/costa-rica/quesada/,https://www.combien-coute.net/cigarette/costa-rica/quesada/,detail
San Isidro,ville,Costa Rica,costa-rica,Marlboro,2026-04-21,3.35,1804,CRC,Colon de Costa Rica,3.35,,,1804,,,2026-04-21,2026,https://www.combien-coute.net/cigarette/costa-rica/san-isidro/,https://www.combien-coute.net/cigarette/costa-rica/san-isidro/,detail
San José,ville,Costa Rica,costa-rica,Marlboro,2026-04-19,5.02,2700,CRC,Colon de Costa Rica,5.02,4.65,5.21,2700,2501,2802,2026-04-19,2026,https://www.combien-coute.net/cigarette/costa-rica/san-jose/,https://www.combien-coute.net/cigarette/costa-rica/san-jose/,detail
San Ramon,ville,Costa Rica,costa-rica,Marlboro,2026-04-20,4.65,2501,CRC,Colon de Costa Rica,4.65,,,2501,,,2026-04-20,2026,https://www.combien-coute.net/cigarette/costa-rica/san-ramon/,https://www.combien-coute.net/cigarette/costa-rica/san-ramon/,detail
San Vito,ville,Costa Rica,costa-rica,Marlboro,2026-04-21,5.03,2708,CRC,Colon de Costa Rica,5.03,4.66,5.22,2708,2509,2810,2026-04-21,2026,https://www.combien-coute.net/cigarette/costa-rica/san-vito/,https://www.combien-coute.net/cigarette/costa-rica/san-vito/,detail
Santa Cruz,ville,Costa Rica,costa-rica,Marlboro,2017-11-20,6.18,7,CRC,Colon de Costa Rica,6.18,5.11,7.67,7,6,9,2017-11-20,2026,https://www.combien-coute.net/cigarette/costa-rica/santa-cruz/,https://www.combien-coute.net/cigarette/costa-rica/santa-cruz/,detail
Tamarindo,ville,Costa Rica,costa-rica,Marlboro,2026-04-18,4.37,2356,CRC,Colon de Costa Rica,4.37,4.26,5.22,2356,2297,2815,2026-04-18,2026,https://www.combien-coute.net/cigarette/costa-rica/tamarindo/,https://www.combien-coute.net/cigarette/costa-rica/tamarindo/,detail
Tilaran,ville,Costa Rica,costa-rica,Marlboro,2024-01-26,5.35,3000,CRC,Colon de Costa Rica,5.35,5.35,5.35,3000,3000,3000,2024-01-26,2026,https://www.combien-coute.net/cigarette/costa-rica/tilaran/,https://www.combien-coute.net/cigarette/costa-rica/tilaran/,detail
Bjelovar,ville,Croatie,croatie,Marlboro,2026-04-20,5.1,38,HRK,Kuna,5.1,5,5.2,38,38,39,2026-04-20,2026,https://www.combien-coute.net/cigarette/croatie/bjelovar/,https://www.combien-coute.net/cigarette/croatie/bjelovar/,detail
Brela,ville,Croatie,croatie,Marlboro,2026-04-27,4.5,34,HRK,Kuna,4.5,4.5,4.5,34,34,34,2026-04-27,2026,https://www.combien-coute.net/cigarette/croatie/brela/,https://www.combien-coute.net/cigarette/croatie/brela/,detail
Buzet,ville,Croatie,croatie,Marlboro,2026-04-20,4.5,34,HRK,Kuna,4.5,4.5,4.5,34,34,34,2026-04-20,2026,https://www.combien-coute.net/cigarette/croatie/buzet/,https://www.combien-coute.net/cigarette/croatie/buzet/,detail
Cavtat,ville,Croatie,croatie,Marlboro,2026-04-20,4.75,36,HRK,Kuna,4.75,4.51,6,36,34,45,2026-04-20,2026,https://www.combien-coute.net/cigarette/croatie/cavtat/,https://www.combien-coute.net/cigarette/croatie/cavtat/,detail
Crikvenica,ville,Croatie,croatie,Marlboro,2025-11-24,4.5,34,HRK,Kuna,4.5,4.5,5.2,34,34,39,2025-11-24,2026,https://www.combien-coute.net/cigarette/croatie/crikvenica/,https://www.combien-coute.net/cigarette/croatie/crikvenica/,detail
Dubrovnik,ville,Croatie,croatie,Marlboro,2026-04-30,4.75,36,HRK,Kuna,4.75,4.51,5,36,34,38,2026-04-30,2026,https://www.combien-coute.net/cigarette/croatie/dubrovnik/,https://www.combien-coute.net/cigarette/croatie/dubrovnik/,detail
Gospic,ville,Croatie,croatie,Marlboro,2026-05-01,5,38,HRK,Kuna,5,,,38,,,2026-05-01,2026,https://www.combien-coute.net/cigarette/croatie/gospic/,https://www.combien-coute.net/cigarette/croatie/gospic/,detail
Karlovac,ville,Croatie,croatie,Marlboro,2026-04-20,5,38,HRK,Kuna,5,4.5,5.1,38,34,38,2026-04-20,2026,https://www.combien-coute.net/cigarette/croatie/karlovac/,https://www.combien-coute.net/cigarette/croatie/karlovac/,detail
Knin,ville,Croatie,croatie,Marlboro,2026-04-22,5,38,HRK,Kuna,5,4.8,6,38,36,45,2026-04-22,2026,https://www.combien-coute.net/cigarette/croatie/knin/,https://www.combien-coute.net/cigarette/croatie/knin/,detail
Koprivnica,ville,Croatie,croatie,Marlboro,2026-04-20,5.1,38,HRK,Kuna,5.1,5,5.2,38,38,39,2026-04-20,2026,https://www.combien-coute.net/cigarette/croatie/koprivnica/,https://www.combien-coute.net/cigarette/croatie/koprivnica/,detail
Kraljevica,ville,Croatie,croatie,Marlboro,2026-04-20,5.2,39,HRK,Kuna,5.2,5,6,39,38,45,2026-04-20,2026,https://www.combien-coute.net/cigarette/croatie/kraljevica/,https://www.combien-coute.net/cigarette/croatie/kraljevica/,detail
Makarska,ville,Croatie,croatie,Marlboro,2026-04-21,4.5,34,HRK,Kuna,4.5,4.5,4.5,34,34,34,2026-04-21,2026,https://www.combien-coute.net/cigarette/croatie/makarska/,https://www.combien-coute.net/cigarette/croatie/makarska/,detail
Ogulin,ville,Croatie,croatie,Marlboro,2025-11-24,5,38,HRK,Kuna,5,4.5,5,38,34,38,2025-11-24,2026,https://www.combien-coute.net/cigarette/croatie/ogulin/,https://www.combien-coute.net/cigarette/croatie/ogulin/,detail
Osijek,ville,Croatie,croatie,Marlboro,2026-04-22,5.2,39,HRK,Kuna,5.2,4.9,5.2,39,37,39,2026-04-22,2026,https://www.combien-coute.net/cigarette/croatie/osijek/,https://www.combien-coute.net/cigarette/croatie/osijek/,detail
Pula (Istrie),ville,Croatie,croatie,Marlboro,2026-04-14,5,38,HRK,Kuna,5,4.5,5,38,34,38,2026-04-14,2026,https://www.combien-coute.net/cigarette/croatie/pula/,https://www.combien-coute.net/cigarette/croatie/pula/,detail
Rijeka,ville,Croatie,croatie,Marlboro,2025-11-25,5.1,38,HRK,Kuna,5.1,5,5.2,38,38,39,2025-11-25,2026,https://www.combien-coute.net/cigarette/croatie/rijeka/,https://www.combien-coute.net/cigarette/croatie/rijeka/,detail
Rovinj,ville,Croatie,croatie,Marlboro,2026-04-15,4.5,34,HRK,Kuna,4.5,4.5,4.5,34,34,34,2026-04-15,2026,https://www.combien-coute.net/cigarette/croatie/rovinj/,https://www.combien-coute.net/cigarette/croatie/rovinj/,detail
Samobor,ville,Croatie,croatie,Marlboro,2026-04-20,4.5,34,HRK,Kuna,4.5,4.5,6,34,34,45,2026-04-20,2026,https://www.combien-coute.net/cigarette/croatie/samobor/,https://www.combien-coute.net/cigarette/croatie/samobor/,detail
Sisak,ville,Croatie,croatie,Marlboro,2026-04-20,4.5,34,HRK,Kuna,4.5,4.5,4.5,34,34,34,2026-04-20,2026,https://www.combien-coute.net/cigarette/croatie/sisak/,https://www.combien-coute.net/cigarette/croatie/sisak/,detail
Slavonski Brod,ville,Croatie,croatie,Marlboro,2026-04-21,5,38,HRK,Kuna,5,4.9,6,38,37,45,2026-04-21,2026,https://www.combien-coute.net/cigarette/croatie/slavonski-brod/,https://www.combien-coute.net/cigarette/croatie/slavonski-brod/,detail
Split,ville,Croatie,croatie,Marlboro,2026-04-15,5.2,39,HRK,Kuna,5.2,5,6,39,38,45,2026-04-15,2026,https://www.combien-coute.net/cigarette/croatie/split/,https://www.combien-coute.net/cigarette/croatie/split/,detail
Trogir,ville,Croatie,croatie,Marlboro,2026-04-24,4.75,36,HRK,Kuna,4.75,4.51,6,36,34,45,2026-04-24,2026,https://www.combien-coute.net/cigarette/croatie/trogir/,https://www.combien-coute.net/cigarette/croatie/trogir/,detail
Umag,ville,Croatie,croatie,Marlboro,2026-04-20,5,38,HRK,Kuna,5,4.8,6,38,36,45,2026-04-20,2026,https://www.combien-coute.net/cigarette/croatie/umag/,https://www.combien-coute.net/cigarette/croatie/umag/,detail
Vinkovci,ville,Croatie,croatie,Marlboro,2026-04-20,5,38,HRK,Kuna,5,4.8,6,38,36,45,2026-04-20,2026,https://www.combien-coute.net/cigarette/croatie/vinkovci/,https://www.combien-coute.net/cigarette/croatie/vinkovci/,detail
Virovitica,ville,Croatie,croatie,Marlboro,2026-04-20,5.1,38,HRK,Kuna,5.1,5,5.2,38,38,39,2026-04-20,2026,https://www.combien-coute.net/cigarette/croatie/virovitica/,https://www.combien-coute.net/cigarette/croatie/virovitica/,detail
Vukovar,ville,Croatie,croatie,Marlboro,2026-04-20,5,38,HRK,Kuna,5,4.8,6,38,36,45,2026-04-20,2026,https://www.combien-coute.net/cigarette/croatie/vukovar/,https://www.combien-coute.net/cigarette/croatie/vukovar/,detail
Zadar,ville,Croatie,croatie,Marlboro,2026-04-23,4.5,34,HRK,Kuna,4.5,4.5,5,34,34,38,2026-04-23,2026,https://www.combien-coute.net/cigarette/croatie/zadar/,https://www.combien-coute.net/cigarette/croatie/zadar/,detail
Zagreb,ville,Croatie,croatie,Marlboro,2026-05-01,5,38,HRK,Kuna,5,4.8,6,38,36,45,2026-05-01,2026,https://www.combien-coute.net/cigarette/croatie/zagreb/,https://www.combien-coute.net/cigarette/croatie/zagreb/,detail
Héraklion,ville,Crète,crete,Marlboro,2026-04-24,4.5,,,,4.5,4,5,,,,2026-04-24,2026,https://www.combien-coute.net/cigarette/crete/heraklion/,https://www.combien-coute.net/cigarette/crete/heraklion/,detail
Cayo Coco,ville,Cuba,cuba,Marlboro,2017-11-21,0.85,1,CUC,Peso cubain,0.85,0.85,0.85,1,1,1,2017-11-21,2026,https://www.combien-coute.net/cigarette/cuba/cayo-coco/,https://www.combien-coute.net/cigarette/cuba/cayo-coco/,detail
Cienfuegos,ville,Cuba,cuba,Marlboro,2026-04-27,2.05,2,CUC,Peso cubain,2.05,1.54,2.56,2,2,3,2026-04-27,2026,https://www.combien-coute.net/cigarette/cuba/cienfuegos/,https://www.combien-coute.net/cigarette/cuba/cienfuegos/,detail
La Havane,ville,Cuba,cuba,Marlboro,2026-04-16,2.54,3,CUC,Peso cubain,2.54,1.7,3.39,3,2,4,2026-04-16,2026,https://www.combien-coute.net/cigarette/cuba/la-havane/,https://www.combien-coute.net/cigarette/cuba/la-havane/,detail
Matanzas,ville,Cuba,cuba,Marlboro,2024-09-02,6.33,7,CUC,Peso cubain,6.33,,,7,,,2024-09-02,2026,https://www.combien-coute.net/cigarette/cuba/matanzas/,https://www.combien-coute.net/cigarette/cuba/matanzas/,detail
Santa Clara,ville,Cuba,cuba,Marlboro,2024-01-21,3.21,4,CUC,Peso cubain,3.21,2.75,3.67,4,3,4,2024-01-21,2026,https://www.combien-coute.net/cigarette/cuba/santa-clara/,https://www.combien-coute.net/cigarette/cuba/santa-clara/,detail
Santiago de Cuba,ville,Cuba,cuba,Marlboro,2024-11-24,4.8,5,CUC,Peso cubain,4.8,,,5,,,2024-11-24,2026,https://www.combien-coute.net/cigarette/cuba/santiago-de-cuba/,https://www.combien-coute.net/cigarette/cuba/santiago-de-cuba/,detail
Trinidad,ville,Cuba,cuba,Marlboro,2017-11-21,3.53,28,CUC,Peso cubain,3.53,2.78,3.79,28,22,30,2017-11-21,2026,https://www.combien-coute.net/cigarette/cuba/trinidad/,https://www.combien-coute.net/cigarette/cuba/trinidad/,detail
Varadero,ville,Cuba,cuba,Marlboro,2026-04-17,3.14,4,CUC,Peso cubain,3.14,,,4,,,2026-04-17,2026,https://www.combien-coute.net/cigarette/cuba/varadero/,https://www.combien-coute.net/cigarette/cuba/varadero/,detail
Abengourou,ville,Côte d'Ivoire,cote-d-ivoire,Marlboro,2026-04-28,1.52,998,F CFA (XOF),Franc CFA,1.52,1.22,1.52,998,801,998,2026-04-28,2026,https://www.combien-coute.net/cigarette/cote-d-ivoire/abengourou/,https://www.combien-coute.net/cigarette/cote-d-ivoire/abengourou/,detail
Abidjan,ville,Côte d'Ivoire,cote-d-ivoire,Marlboro,2026-05-01,1.52,992,F CFA (XOF),Franc CFA,1.52,1.22,1.52,992,796,992,2026-05-01,2026,https://www.combien-coute.net/cigarette/cote-d-ivoire/abidjan/,https://www.combien-coute.net/cigarette/cote-d-ivoire/abidjan/,detail
Adiake,ville,Côte d'Ivoire,cote-d-ivoire,Marlboro,2026-04-21,1.52,998,F CFA (XOF),Franc CFA,1.52,1.22,1.52,998,801,998,2026-04-21,2026,https://www.combien-coute.net/cigarette/cote-d-ivoire/adiake/,https://www.combien-coute.net/cigarette/cote-d-ivoire/adiake/,detail
Anyama,ville,Côte d'Ivoire,cote-d-ivoire,Marlboro,2026-04-20,1.52,997,F CFA (XOF),Franc CFA,1.52,1.22,1.52,997,800,997,2026-04-20,2026,https://www.combien-coute.net/cigarette/cote-d-ivoire/anyama/,https://www.combien-coute.net/cigarette/cote-d-ivoire/anyama/,detail
Bingerville,ville,Côte d'Ivoire,cote-d-ivoire,Marlboro,2026-04-21,1.52,998,F CFA (XOF),Franc CFA,1.52,1.22,1.52,998,801,998,2026-04-21,2026,https://www.combien-coute.net/cigarette/cote-d-ivoire/bingerville/,https://www.combien-coute.net/cigarette/cote-d-ivoire/bingerville/,detail
Grand-Bassam,ville,Côte d'Ivoire,cote-d-ivoire,Marlboro,2026-04-25,1.52,992,F CFA (XOF),Franc CFA,1.52,1.22,1.52,992,796,992,2026-04-25,2026,https://www.combien-coute.net/cigarette/cote-d-ivoire/grand-bassam/,https://www.combien-coute.net/cigarette/cote-d-ivoire/grand-bassam/,detail
Yamoussoukro,ville,Côte d'Ivoire,cote-d-ivoire,Marlboro,2026-04-25,1.52,992,F CFA (XOF),Franc CFA,1.52,1.22,1.52,992,796,992,2026-04-25,2026,https://www.combien-coute.net/cigarette/cote-d-ivoire/yamoussoukro/,https://www.combien-coute.net/cigarette/cote-d-ivoire/yamoussoukro/,detail
Aix-en-Provence,ville,Côte d’Azur et Provence,provence-alpes-c-te-d-azur,Marlboro,2026-04-25,11,,,,11,10.5,13,,,,2026-04-25,2026,https://www.combien-coute.net/cigarette/provence-alpes-c-te-d-azur/aix-en-provence/,https://www.combien-coute.net/cigarette/provence-alpes-c-te-d-azur/aix-en-provence/,detail
Antibes,ville,Côte d’Azur et Provence,provence-alpes-c-te-d-azur,Marlboro,2026-04-23,12,,,,12,11,15,,,,2026-04-23,2026,https://www.combien-coute.net/cigarette/provence-alpes-c-te-d-azur/antibes/,https://www.combien-coute.net/cigarette/provence-alpes-c-te-d-azur/antibes/,detail
Avignon (Vaucluse),ville,Côte d’Azur et Provence,provence-alpes-c-te-d-azur,Marlboro,2026-04-18,12,,,,12,11,13,,,,2026-04-18,2026,https://www.combien-coute.net/cigarette/provence-alpes-c-te-d-azur/avignon/,https://www.combien-coute.net/cigarette/provence-alpes-c-te-d-azur/avignon/,detail
Cannes,ville,Côte d’Azur et Provence,provence-alpes-c-te-d-azur,Marlboro,2026-04-23,12,,,,12,10,13.7,,,,2026-04-23,2026,https://www.combien-coute.net/cigarette/provence-alpes-c-te-d-azur/cannes/,https://www.combien-coute.net/cigarette/provence-alpes-c-te-d-azur/cannes/,detail
Marseille,ville,Côte d’Azur et Provence,france,Marlboro,2026-04-19,12,,,,12,11,14,,,,2026-04-19,2026,https://www.combien-coute.net/cigarette/france/marseille/,https://www.combien-coute.net/cigarette/france/marseille/,detail
Marseille,ville,Côte d’Azur et Provence,provence-alpes-c-te-d-azur,Marlboro,2026-04-19,12,,,,12,11,14,,,,2026-04-19,2026,https://www.combien-coute.net/cigarette/provence-alpes-c-te-d-azur/marseille/,https://www.combien-coute.net/cigarette/provence-alpes-c-te-d-azur/marseille/,detail
Miramas,ville,Côte d’Azur et Provence,provence-alpes-c-te-d-azur,Marlboro,2025-11-23,11,,,,11,11,16,,,,2025-11-23,2026,https://www.combien-coute.net/cigarette/provence-alpes-c-te-d-azur/miramas/,https://www.combien-coute.net/cigarette/provence-alpes-c-te-d-azur/miramas/,detail
Monaco,ville,Côte d’Azur et Provence,provence-alpes-c-te-d-azur,Marlboro,2026-04-20,12.5,,,,12.5,10,15,,,,2026-04-20,2026,https://www.combien-coute.net/cigarette/provence-alpes-c-te-d-azur/monaco/,https://www.combien-coute.net/cigarette/provence-alpes-c-te-d-azur/monaco/,detail
Nice,ville,Côte d’Azur et Provence,france,Marlboro,2026-04-20,12,,,,12,10,15,,,,2026-04-20,2026,https://www.combien-coute.net/cigarette/france/nice/,https://www.combien-coute.net/cigarette/france/nice/,detail
Nice,ville,Côte d’Azur et Provence,provence-alpes-c-te-d-azur,Marlboro,2026-04-20,12,,,,12,10,15,,,,2026-04-20,2026,https://www.combien-coute.net/cigarette/provence-alpes-c-te-d-azur/nice/,https://www.combien-coute.net/cigarette/provence-alpes-c-te-d-azur/nice/,detail
Saint-Tropez,ville,Côte d’Azur et Provence,provence-alpes-c-te-d-azur,Marlboro,2026-04-24,10,,,,10,10,13.7,,,,2026-04-24,2026,https://www.combien-coute.net/cigarette/provence-alpes-c-te-d-azur/saint-tropez/,https://www.combien-coute.net/cigarette/provence-alpes-c-te-d-azur/saint-tropez/,detail
Toulon,ville,Côte d’Azur et Provence,provence-alpes-c-te-d-azur,Marlboro,2026-04-23,12,,,,12,8,13.7,,,,2026-04-23,2026,https://www.combien-coute.net/cigarette/provence-alpes-c-te-d-azur/toulon/,https://www.combien-coute.net/cigarette/provence-alpes-c-te-d-azur/toulon/,detail
Aalborg,ville,Danemark,danemark,Marlboro,2026-04-21,8.84,66,DKK,Couronne danoise,8.84,8.3,8.98,66,62,67,2026-04-21,2026,https://www.combien-coute.net/cigarette/danemark/aalborg/,https://www.combien-coute.net/cigarette/danemark/aalborg/,detail
Assens,ville,Danemark,danemark,Marlboro,2017-11-21,6.05,45,DKK,Couronne danoise,6.05,,,45,,,2017-11-21,2026,https://www.combien-coute.net/cigarette/danemark/assens/,https://www.combien-coute.net/cigarette/danemark/assens/,detail
Billund,ville,Danemark,danemark,Marlboro,2026-04-24,8.63,64,DKK,Couronne danoise,8.63,8.3,10,64,62,75,2026-04-24,2026,https://www.combien-coute.net/cigarette/danemark/billund/,https://www.combien-coute.net/cigarette/danemark/billund/,detail
Copenhague,ville,Danemark,danemark,Marlboro,2026-04-30,8.63,65,DKK,Couronne danoise,8.63,8.3,9.37,65,62,70,2026-04-30,2026,https://www.combien-coute.net/cigarette/danemark/copenhague/,https://www.combien-coute.net/cigarette/danemark/copenhague/,detail
Esbjerg,ville,Danemark,danemark,Marlboro,2026-04-22,8.16,61,DKK,Couronne danoise,8.16,8.03,8.98,61,60,67,2026-04-22,2026,https://www.combien-coute.net/cigarette/danemark/esbjerg/,https://www.combien-coute.net/cigarette/danemark/esbjerg/,detail
Faaborg,ville,Danemark,danemark,Marlboro,2026-04-22,8.84,66,DKK,Couronne danoise,8.84,8.3,8.98,66,62,67,2026-04-22,2026,https://www.combien-coute.net/cigarette/danemark/faaborg/,https://www.combien-coute.net/cigarette/danemark/faaborg/,detail
Fredericia,ville,Danemark,danemark,Marlboro,2026-04-25,7.76,58,DKK,Couronne danoise,7.76,7.36,9.37,58,55,70,2026-04-25,2026,https://www.combien-coute.net/cigarette/danemark/fredericia/,https://www.combien-coute.net/cigarette/danemark/fredericia/,detail
Frederikshavn,ville,Danemark,danemark,Marlboro,2026-04-25,8.3,62,DKK,Couronne danoise,8.3,7.63,10.7,62,57,80,2026-04-25,2026,https://www.combien-coute.net/cigarette/danemark/frederikshavn/,https://www.combien-coute.net/cigarette/danemark/frederikshavn/,detail
Haderslev,ville,Danemark,danemark,Marlboro,2026-04-21,8.63,65,DKK,Couronne danoise,8.63,8.3,10.04,65,62,75,2026-04-21,2026,https://www.combien-coute.net/cigarette/danemark/haderslev/,https://www.combien-coute.net/cigarette/danemark/haderslev/,detail
Herning,ville,Danemark,danemark,Marlboro,2026-04-22,8.3,62,DKK,Couronne danoise,8.3,8.03,9.37,62,60,70,2026-04-22,2026,https://www.combien-coute.net/cigarette/danemark/herning/,https://www.combien-coute.net/cigarette/danemark/herning/,detail
Holstebro,ville,Danemark,danemark,Marlboro,2026-04-21,8.03,60,DKK,Couronne danoise,8.03,8.03,9.37,60,60,70,2026-04-21,2026,https://www.combien-coute.net/cigarette/danemark/holstebro/,https://www.combien-coute.net/cigarette/danemark/holstebro/,detail
Horsens,ville,Danemark,danemark,Marlboro,2026-04-20,8.63,65,DKK,Couronne danoise,8.63,8.3,10.84,65,62,81,2026-04-20,2026,https://www.combien-coute.net/cigarette/danemark/horsens/,https://www.combien-coute.net/cigarette/danemark/horsens/,detail
Kolding,ville,Danemark,danemark,Marlboro,2026-04-21,8.3,62,DKK,Couronne danoise,8.3,7.63,9.37,62,57,70,2026-04-21,2026,https://www.combien-coute.net/cigarette/danemark/kolding/,https://www.combien-coute.net/cigarette/danemark/kolding/,detail
Naestved,ville,Danemark,danemark,Marlboro,2026-04-22,8.03,60,DKK,Couronne danoise,8.03,8.03,9.05,60,60,68,2026-04-22,2026,https://www.combien-coute.net/cigarette/danemark/naestved/,https://www.combien-coute.net/cigarette/danemark/naestved/,detail
Nyborg,ville,Danemark,danemark,Marlboro,2026-04-22,8.84,66,DKK,Couronne danoise,8.84,8.3,8.98,66,62,67,2026-04-22,2026,https://www.combien-coute.net/cigarette/danemark/nyborg/,https://www.combien-coute.net/cigarette/danemark/nyborg/,detail
Nykobing Falster,ville,Danemark,danemark,Marlboro,2026-04-28,7.36,55,DKK,Couronne danoise,7.36,7.36,9.05,55,55,68,2026-04-28,2026,https://www.combien-coute.net/cigarette/danemark/nykobing-falster/,https://www.combien-coute.net/cigarette/danemark/nykobing-falster/,detail
Odense,ville,Danemark,danemark,Marlboro,2026-04-26,8.3,62,DKK,Couronne danoise,8.3,8.03,10.04,62,60,75,2026-04-26,2026,https://www.combien-coute.net/cigarette/danemark/odense/,https://www.combien-coute.net/cigarette/danemark/odense/,detail
Randers,ville,Danemark,danemark,Marlboro,2026-04-20,7.9,59,DKK,Couronne danoise,7.9,7.49,9.37,59,56,70,2026-04-20,2026,https://www.combien-coute.net/cigarette/danemark/randers/,https://www.combien-coute.net/cigarette/danemark/randers/,detail
Ringsted,ville,Danemark,danemark,Marlboro,2026-04-20,8.7,65,DKK,Couronne danoise,8.7,8.3,9.05,65,62,68,2026-04-20,2026,https://www.combien-coute.net/cigarette/danemark/ringsted/,https://www.combien-coute.net/cigarette/danemark/ringsted/,detail
Roskilde,ville,Danemark,danemark,Marlboro,2026-04-22,7.76,58,DKK,Couronne danoise,7.76,7.36,9.05,58,55,68,2026-04-22,2026,https://www.combien-coute.net/cigarette/danemark/roskilde/,https://www.combien-coute.net/cigarette/danemark/roskilde/,detail
Silkeborg,ville,Danemark,danemark,Marlboro,2026-04-21,8.03,60,DKK,Couronne danoise,8.03,8.03,9.37,60,60,70,2026-04-21,2026,https://www.combien-coute.net/cigarette/danemark/silkeborg/,https://www.combien-coute.net/cigarette/danemark/silkeborg/,detail
Skive,ville,Danemark,danemark,Marlboro,2026-04-20,8.3,62,DKK,Couronne danoise,8.3,8.03,10.04,62,60,75,2026-04-20,2026,https://www.combien-coute.net/cigarette/danemark/skive/,https://www.combien-coute.net/cigarette/danemark/skive/,detail
Slagelse,ville,Danemark,danemark,Marlboro,2026-04-22,8.7,65,DKK,Couronne danoise,8.7,8.3,8.98,65,62,67,2026-04-22,2026,https://www.combien-coute.net/cigarette/danemark/slagelse/,https://www.combien-coute.net/cigarette/danemark/slagelse/,detail
Svendborg,ville,Danemark,danemark,Marlboro,2026-04-20,8.03,60,DKK,Couronne danoise,8.03,6.69,8.98,60,50,67,2026-04-20,2026,https://www.combien-coute.net/cigarette/danemark/svendborg/,https://www.combien-coute.net/cigarette/danemark/svendborg/,detail
Thisted,ville,Danemark,danemark,Marlboro,2026-04-20,8.3,62,DKK,Couronne danoise,8.3,8.03,10.04,62,60,75,2026-04-20,2026,https://www.combien-coute.net/cigarette/danemark/thisted/,https://www.combien-coute.net/cigarette/danemark/thisted/,detail
Vejle,ville,Danemark,danemark,Marlboro,2026-04-21,8.5,64,DKK,Couronne danoise,8.5,8.03,10.04,64,60,75,2026-04-21,2026,https://www.combien-coute.net/cigarette/danemark/vejle/,https://www.combien-coute.net/cigarette/danemark/vejle/,detail
Viborg,ville,Danemark,danemark,Marlboro,2026-04-20,7.49,56,DKK,Couronne danoise,7.49,6.69,9.37,56,50,70,2026-04-20,2026,https://www.combien-coute.net/cigarette/danemark/viborg/,https://www.combien-coute.net/cigarette/danemark/viborg/,detail
Vordingborg,ville,Danemark,danemark,Marlboro,2026-04-23,8.03,60,DKK,Couronne danoise,8.03,8.03,9.05,60,60,68,2026-04-23,2026,https://www.combien-coute.net/cigarette/danemark/vordingborg/,https://www.combien-coute.net/cigarette/danemark/vordingborg/,detail
Åbenrå,ville,Danemark,danemark,Marlboro,2026-04-21,8.63,65,DKK,Couronne danoise,8.63,8.3,9.37,65,62,70,2026-04-21,2026,https://www.combien-coute.net/cigarette/danemark/-benr-/,https://www.combien-coute.net/cigarette/danemark/-benr-/,detail
Ali Sabieh,ville,Djibouti,djibouti,Marlboro,2017-11-21,0.95,1,DJF,Franc de Djibouti,0.95,0.71,1.19,1,1,1,2017-11-21,2026,https://www.combien-coute.net/cigarette/djibouti/ali-sabieh/,https://www.combien-coute.net/cigarette/djibouti/ali-sabieh/,detail
Dorra,ville,Djibouti,djibouti,Marlboro,2017-11-21,0.95,200,DJF,Franc de Djibouti,0.95,0.71,1.19,200,150,250,2017-11-21,2026,https://www.combien-coute.net/cigarette/djibouti/dorra/,https://www.combien-coute.net/cigarette/djibouti/dorra/,detail
Khor Angar,ville,Djibouti,djibouti,Marlboro,2017-11-21,0.95,200,DJF,Franc de Djibouti,0.95,0.71,1.19,200,150,250,2017-11-21,2026,https://www.combien-coute.net/cigarette/djibouti/khor-angar/,https://www.combien-coute.net/cigarette/djibouti/khor-angar/,detail
Obock,ville,Djibouti,djibouti,Marlboro,2017-11-21,0.95,200,DJF,Franc de Djibouti,0.95,0.71,1.19,200,150,250,2017-11-21,2026,https://www.combien-coute.net/cigarette/djibouti/obock/,https://www.combien-coute.net/cigarette/djibouti/obock/,detail
Ville de Djibouti,ville,Djibouti,djibouti,Marlboro,2025-11-25,2.35,482,DJF,Franc de Djibouti,2.35,1.71,3,482,350,615,2025-11-25,2026,https://www.combien-coute.net/cigarette/djibouti/djibouti/,https://www.combien-coute.net/cigarette/djibouti/djibouti/,detail
Portsmouth,ville,Dominique,dominique,Marlboro,2017-11-20,10.66,9,$ (XCD),Dollar des Caraïbes de l'est,10.66,10.13,11.03,9,9,10,2017-11-20,2026,https://www.combien-coute.net/cigarette/dominique/portsmouth/,https://www.combien-coute.net/cigarette/dominique/portsmouth/,detail
Roseau,ville,Dominique,dominique,Marlboro,2026-04-22,6.3,20,$ (XCD),Dollar des Caraïbes de l'est,6.3,,,20,,,2026-04-22,2026,https://www.combien-coute.net/cigarette/dominique/roseau/,https://www.combien-coute.net/cigarette/dominique/roseau/,detail
Valence,ville,Drôme,drome,Marlboro,2026-04-27,12.35,,,,12.35,11.2,13.7,,,,2026-04-27,2026,https://www.combien-coute.net/cigarette/drome/valence/,https://www.combien-coute.net/cigarette/drome/valence/,detail
Albacete,ville,Espagne,espagne,Marlboro,2026-04-21,6,,,,6,5.7,9,,,,2026-04-21,2026,https://www.combien-coute.net/cigarette/espagne/albacete/,https://www.combien-coute.net/cigarette/espagne/albacete/,detail
Alicante,ville,Espagne,espagne,Marlboro,2026-04-23,5.82,,,,5.82,5.25,5.82,,,,2026-04-23,2026,https://www.combien-coute.net/cigarette/espagne/alicante/,https://www.combien-coute.net/cigarette/espagne/alicante/,detail
Almeria,ville,Espagne,espagne,Marlboro,2026-04-23,5.3,,,,5.3,5.25,6,,,,2026-04-23,2026,https://www.combien-coute.net/cigarette/espagne/almeria/,https://www.combien-coute.net/cigarette/espagne/almeria/,detail
Badajoz,ville,Espagne,espagne,Marlboro,2026-04-22,5.07,,,,5.07,5,5.5,,,,2026-04-22,2026,https://www.combien-coute.net/cigarette/espagne/badajoz/,https://www.combien-coute.net/cigarette/espagne/badajoz/,detail
Badalona,ville,Espagne,espagne,Marlboro,2026-04-22,5.75,,,,5.75,5.3,7,,,,2026-04-22,2026,https://www.combien-coute.net/cigarette/espagne/badalona/,https://www.combien-coute.net/cigarette/espagne/badalona/,detail
Barcelone,ville,Espagne,espagne,Marlboro,2026-04-28,6.25,,,,6.25,5.5,7,,,,2026-04-28,2026,https://www.combien-coute.net/cigarette/espagne/barcelone/,https://www.combien-coute.net/cigarette/espagne/barcelone/,detail
Benidorm,ville,Espagne,espagne,Marlboro,2026-04-23,5.35,,,,5.35,5.3,8,,,,2026-04-23,2026,https://www.combien-coute.net/cigarette/espagne/benidorm/,https://www.combien-coute.net/cigarette/espagne/benidorm/,detail
Bilbao,ville,Espagne,espagne,Marlboro,2026-04-15,6,,,,6,4.5,7,,,,2026-04-15,2026,https://www.combien-coute.net/cigarette/espagne/bilbao/,https://www.combien-coute.net/cigarette/espagne/bilbao/,detail
Burgos,ville,Espagne,espagne,Marlboro,2026-04-23,6,,,,6,4,10,,,,2026-04-23,2026,https://www.combien-coute.net/cigarette/espagne/burgos/,https://www.combien-coute.net/cigarette/espagne/burgos/,detail
Cadix,ville,Espagne,espagne,Marlboro,2026-04-24,5.1,,,,5.1,5.1,6,,,,2026-04-24,2026,https://www.combien-coute.net/cigarette/espagne/cadix/,https://www.combien-coute.net/cigarette/espagne/cadix/,detail
Calella,ville,Espagne,espagne,Marlboro,2026-04-23,5.75,,,,5.75,5.3,6.4,,,,2026-04-23,2026,https://www.combien-coute.net/cigarette/espagne/calella/,https://www.combien-coute.net/cigarette/espagne/calella/,detail
Carthagène,ville,Espagne,espagne,Marlboro,2026-04-23,5,,,,5,5,6,,,,2026-04-23,2026,https://www.combien-coute.net/cigarette/espagne/carthagene/,https://www.combien-coute.net/cigarette/espagne/carthagene/,detail
Ciudad Real,ville,Espagne,espagne,Marlboro,2026-04-21,5.5,,,,5.5,5.5,6,,,,2026-04-21,2026,https://www.combien-coute.net/cigarette/espagne/ciudad-real/,https://www.combien-coute.net/cigarette/espagne/ciudad-real/,detail
Cuenca,ville,Espagne,espagne,Marlboro,2017-11-20,4.94,,,,4.94,4.26,5.11,,,,2017-11-20,2026,https://www.combien-coute.net/cigarette/espagne/cuenca/,https://www.combien-coute.net/cigarette/espagne/cuenca/,detail
El Ejido,ville,Espagne,espagne,Marlboro,2026-04-15,5.82,,,,5.82,5.25,5.82,,,,2026-04-15,2026,https://www.combien-coute.net/cigarette/espagne/el-ejido/,https://www.combien-coute.net/cigarette/espagne/el-ejido/,detail
Elx,ville,Espagne,espagne,Marlboro,2026-04-22,6,,,,6,5.25,6,,,,2026-04-22,2026,https://www.combien-coute.net/cigarette/espagne/elx/,https://www.combien-coute.net/cigarette/espagne/elx/,detail
Estepona,ville,Espagne,espagne,Marlboro,2026-04-23,6,,,,6,5.82,6,,,,2026-04-23,2026,https://www.combien-coute.net/cigarette/espagne/estepona/,https://www.combien-coute.net/cigarette/espagne/estepona/,detail
Ferrol,ville,Espagne,espagne,Marlboro,2025-01-08,6.1,,,,6.1,,,,,,2025-01-08,2026,https://www.combien-coute.net/cigarette/espagne/ferrol/,https://www.combien-coute.net/cigarette/espagne/ferrol/,detail
Fuengirola,ville,Espagne,espagne,Marlboro,2026-04-23,5.82,,,,5.82,5.55,6,,,,2026-04-23,2026,https://www.combien-coute.net/cigarette/espagne/fuengirola/,https://www.combien-coute.net/cigarette/espagne/fuengirola/,detail
Gandie,ville,Espagne,espagne,Marlboro,2025-11-23,5,,,,5,5,5,,,,2025-11-23,2026,https://www.combien-coute.net/cigarette/espagne/gandie/,https://www.combien-coute.net/cigarette/espagne/gandie/,detail
Gibraltar,ville,Espagne,espagne,Marlboro,2026-04-23,4.5,,,,4.5,4.15,9.23,,,,2026-04-23,2026,https://www.combien-coute.net/cigarette/espagne/gibraltar/,https://www.combien-coute.net/cigarette/espagne/gibraltar/,detail
Gijón (espagne du nord),ville,Espagne,espagne,Marlboro,2026-04-20,5.83,,,,5.83,5.35,7,,,,2026-04-20,2026,https://www.combien-coute.net/cigarette/espagne/espagne-du-nord/,https://www.combien-coute.net/cigarette/espagne/espagne-du-nord/,detail
Grenade,ville,Espagne,espagne,Marlboro,2026-04-23,5.5,,,,5.5,5,6,,,,2026-04-23,2026,https://www.combien-coute.net/cigarette/espagne/grenade/,https://www.combien-coute.net/cigarette/espagne/grenade/,detail
Gérone,ville,Espagne,espagne,Marlboro,2026-04-14,5.5,,,,5.5,5,6,,,,2026-04-14,2026,https://www.combien-coute.net/cigarette/espagne/gerone/,https://www.combien-coute.net/cigarette/espagne/gerone/,detail
Huelva,ville,Espagne,espagne,Marlboro,2026-04-24,5.42,,,,5.42,5,8,,,,2026-04-24,2026,https://www.combien-coute.net/cigarette/espagne/huelva/,https://www.combien-coute.net/cigarette/espagne/huelva/,detail
Huesca,ville,Espagne,espagne,Marlboro,2026-04-21,5.35,,,,5.35,4.8,5.4,,,,2026-04-21,2026,https://www.combien-coute.net/cigarette/espagne/huesca/,https://www.combien-coute.net/cigarette/espagne/huesca/,detail
Jerez de la Frontera,ville,Espagne,espagne,Marlboro,2026-04-20,5.82,,,,5.82,5.55,6,,,,2026-04-20,2026,https://www.combien-coute.net/cigarette/espagne/xeres/,https://www.combien-coute.net/cigarette/espagne/xeres/,detail
Lloret de Mar,ville,Espagne,espagne,Marlboro,2026-04-23,4.97,,,,4.97,4.95,6.4,,,,2026-04-23,2026,https://www.combien-coute.net/cigarette/espagne/lloret-de-mar/,https://www.combien-coute.net/cigarette/espagne/lloret-de-mar/,detail
Lugo,ville,Espagne,espagne,Marlboro,2026-04-23,5.35,,,,5.35,5.35,6,,,,2026-04-23,2026,https://www.combien-coute.net/cigarette/espagne/lugo/,https://www.combien-coute.net/cigarette/espagne/lugo/,detail
Lérida,ville,Espagne,espagne,Marlboro,2026-04-25,5.6,,,,5.6,5.6,6,,,,2026-04-25,2026,https://www.combien-coute.net/cigarette/espagne/lerida/,https://www.combien-coute.net/cigarette/espagne/lerida/,detail
Madrid,ville,Espagne,espagne,Marlboro,2026-05-01,6,,,,6,5.7,9,,,,2026-05-01,2026,https://www.combien-coute.net/cigarette/espagne/madrid/,https://www.combien-coute.net/cigarette/espagne/madrid/,detail
Manresa,ville,Espagne,espagne,Marlboro,2026-04-22,5,,,,5,5,6.4,,,,2026-04-22,2026,https://www.combien-coute.net/cigarette/espagne/manresa/,https://www.combien-coute.net/cigarette/espagne/manresa/,detail
Marbella,ville,Espagne,espagne,Marlboro,2026-04-24,6,,,,6,5,8,,,,2026-04-24,2026,https://www.combien-coute.net/cigarette/espagne/marbella/,https://www.combien-coute.net/cigarette/espagne/marbella/,detail
Murcie,ville,Espagne,espagne,Marlboro,2026-04-21,5,,,,5,5,5.5,,,,2026-04-21,2026,https://www.combien-coute.net/cigarette/espagne/murcie/,https://www.combien-coute.net/cigarette/espagne/murcie/,detail
Málaga,ville,Espagne,espagne,Marlboro,2026-04-26,5.82,,,,5.82,5.55,6,,,,2026-04-26,2026,https://www.combien-coute.net/cigarette/espagne/malaga/,https://www.combien-coute.net/cigarette/espagne/malaga/,detail
Oviedo,ville,Espagne,espagne,Marlboro,2026-04-20,5.35,,,,5.35,5,6.25,,,,2026-04-20,2026,https://www.combien-coute.net/cigarette/espagne/oviedo/,https://www.combien-coute.net/cigarette/espagne/oviedo/,detail
Pampelune,ville,Espagne,espagne,Marlboro,2026-04-21,6,,,,6,5.8,6,,,,2026-04-21,2026,https://www.combien-coute.net/cigarette/espagne/pampelune/,https://www.combien-coute.net/cigarette/espagne/pampelune/,detail
Ponferrada,ville,Espagne,espagne,Marlboro,2026-04-21,5.83,,,,5.83,5.35,7,,,,2026-04-21,2026,https://www.combien-coute.net/cigarette/espagne/ponferrada/,https://www.combien-coute.net/cigarette/espagne/ponferrada/,detail
Roquetas de Mar,ville,Espagne,espagne,Marlboro,2026-04-30,6,,,,6,5,8,,,,2026-04-30,2026,https://www.combien-coute.net/cigarette/espagne/roquetas-de-mar/,https://www.combien-coute.net/cigarette/espagne/roquetas-de-mar/,detail
Sagonte,ville,Espagne,espagne,Marlboro,2025-11-23,5.7,,,,5.7,5,5.82,,,,2025-11-23,2026,https://www.combien-coute.net/cigarette/espagne/sagonte/,https://www.combien-coute.net/cigarette/espagne/sagonte/,detail
Saint-Jacques-de-Compostelle,ville,Espagne,espagne,Marlboro,2026-04-23,5.25,,,,5.25,5,6.25,,,,2026-04-23,2026,https://www.combien-coute.net/cigarette/espagne/saint-jacques-compostelle/,https://www.combien-coute.net/cigarette/espagne/saint-jacques-compostelle/,detail
Saint-Sébastien,ville,Espagne,espagne,Marlboro,2026-04-20,6,,,,6,5.15,6.5,,,,2026-04-20,2026,https://www.combien-coute.net/cigarette/espagne/saint-sebastien/,https://www.combien-coute.net/cigarette/espagne/saint-sebastien/,detail
Salamanque,ville,Espagne,espagne,Marlboro,2026-04-23,5.35,,,,5.35,5,7,,,,2026-04-23,2026,https://www.combien-coute.net/cigarette/espagne/salamanque/,https://www.combien-coute.net/cigarette/espagne/salamanque/,detail
Salou,ville,Espagne,espagne,Marlboro,2026-04-24,5.75,,,,5.75,5.3,6.4,,,,2026-04-24,2026,https://www.combien-coute.net/cigarette/espagne/salou/,https://www.combien-coute.net/cigarette/espagne/salou/,detail
San Fernando (Espagne),ville,Espagne,espagne,Marlboro,2026-04-28,5.5,,,,5.5,5,6,,,,2026-04-28,2026,https://www.combien-coute.net/cigarette/espagne/san-fernando-espagne/,https://www.combien-coute.net/cigarette/espagne/san-fernando-espagne/,detail
Santander,ville,Espagne,espagne,Marlboro,2026-04-24,7,,,,7,6,7,,,,2026-04-24,2026,https://www.combien-coute.net/cigarette/espagne/santander/,https://www.combien-coute.net/cigarette/espagne/santander/,detail
Ségovie (Segovia),ville,Espagne,espagne,Marlboro,2025-11-24,5.75,,,,5.75,5.5,6,,,,2025-11-24,2026,https://www.combien-coute.net/cigarette/espagne/segovie-segovia/,https://www.combien-coute.net/cigarette/espagne/segovie-segovia/,detail
Séville,ville,Espagne,espagne,Marlboro,2026-04-30,5.82,,,,5.82,5.82,6,,,,2026-04-30,2026,https://www.combien-coute.net/cigarette/espagne/seville/,https://www.combien-coute.net/cigarette/espagne/seville/,detail
Tarragone,ville,Espagne,espagne,Marlboro,2026-04-23,5.75,,,,5.75,5.3,6.4,,,,2026-04-23,2026,https://www.combien-coute.net/cigarette/espagne/tarragone/,https://www.combien-coute.net/cigarette/espagne/tarragone/,detail
Tolède,ville,Espagne,espagne,Marlboro,2026-04-23,5.5,,,,5.5,5.5,6,,,,2026-04-23,2026,https://www.combien-coute.net/cigarette/espagne/tolede/,https://www.combien-coute.net/cigarette/espagne/tolede/,detail
Torrevieja,ville,Espagne,espagne,Marlboro,2026-04-23,5.17,,,,5.17,5,7,,,,2026-04-23,2026,https://www.combien-coute.net/cigarette/espagne/torrevieja/,https://www.combien-coute.net/cigarette/espagne/torrevieja/,detail
Valence (Valencia),ville,Espagne,espagne,Marlboro,2026-05-01,6,,,,6,5.82,6,,,,2026-05-01,2026,https://www.combien-coute.net/cigarette/espagne/valence/,https://www.combien-coute.net/cigarette/espagne/valence/,detail
Valladolid,ville,Espagne,espagne,Marlboro,2026-04-21,5.5,,,,5.5,5.5,6,,,,2026-04-21,2026,https://www.combien-coute.net/cigarette/espagne/valladolid/,https://www.combien-coute.net/cigarette/espagne/valladolid/,detail
Vigo,ville,Espagne,espagne,Marlboro,2026-04-23,5.7,,,,5.7,5,5.9,,,,2026-04-23,2026,https://www.combien-coute.net/cigarette/espagne/vigo/,https://www.combien-coute.net/cigarette/espagne/vigo/,detail
Vinaròs,ville,Espagne,espagne,Marlboro,2026-04-15,5.55,,,,5.55,5.1,6,,,,2026-04-15,2026,https://www.combien-coute.net/cigarette/espagne/vinar-s/,https://www.combien-coute.net/cigarette/espagne/vinar-s/,detail
l'Andalousie,ville,Espagne,espagne,Marlboro,2026-04-20,5.82,,,,5.82,5.82,6,,,,2026-04-20,2026,https://www.combien-coute.net/cigarette/espagne/andalousie/,https://www.combien-coute.net/cigarette/espagne/andalousie/,detail
la Catalogne,ville,Espagne,espagne,Marlboro,2026-04-20,5.75,,,,5.75,5.3,6.4,,,,2026-04-20,2026,https://www.combien-coute.net/cigarette/espagne/catalogne/,https://www.combien-coute.net/cigarette/espagne/catalogne/,detail
Elva,ville,Estonie,estonie,Marlboro,2025-11-23,6,,,,6,5.5,6.5,,,,2025-11-23,2026,https://www.combien-coute.net/cigarette/estonie/elva/,https://www.combien-coute.net/cigarette/estonie/elva/,detail
Haapsalu,ville,Estonie,estonie,Marlboro,2025-11-23,6.01,,,,6.01,5.5,6.1,,,,2025-11-23,2026,https://www.combien-coute.net/cigarette/estonie/haapsalu/,https://www.combien-coute.net/cigarette/estonie/haapsalu/,detail
Keila,ville,Estonie,estonie,Marlboro,2026-04-19,6,,,,6,5.8,6.5,,,,2026-04-19,2026,https://www.combien-coute.net/cigarette/estonie/keila/,https://www.combien-coute.net/cigarette/estonie/keila/,detail
Kunda,ville,Estonie,estonie,Marlboro,2026-04-19,6.03,,,,6.03,6.03,8,,,,2026-04-19,2026,https://www.combien-coute.net/cigarette/estonie/kunda/,https://www.combien-coute.net/cigarette/estonie/kunda/,detail
Kuressaare,ville,Estonie,estonie,Marlboro,2026-04-15,6.03,,,,6.03,6.03,6.3,,,,2026-04-15,2026,https://www.combien-coute.net/cigarette/estonie/kuressaare/,https://www.combien-coute.net/cigarette/estonie/kuressaare/,detail
Maardu,ville,Estonie,estonie,Marlboro,2026-04-17,6,,,,6,5.8,6.5,,,,2026-04-17,2026,https://www.combien-coute.net/cigarette/estonie/maardu/,https://www.combien-coute.net/cigarette/estonie/maardu/,detail
Mustvee,ville,Estonie,estonie,Marlboro,2018-04-13,3.5,,,,3.5,,,,,,2018-04-13,2026,https://www.combien-coute.net/cigarette/estonie/mustvee/,https://www.combien-coute.net/cigarette/estonie/mustvee/,detail
Narva,ville,Estonie,estonie,Marlboro,2026-04-16,5.5,,,,5.5,4.5,6.5,,,,2026-04-16,2026,https://www.combien-coute.net/cigarette/estonie/narva/,https://www.combien-coute.net/cigarette/estonie/narva/,detail
Paide,ville,Estonie,estonie,Marlboro,2026-04-16,5.5,,,,5.5,5.5,5.6,,,,2026-04-16,2026,https://www.combien-coute.net/cigarette/estonie/paide/,https://www.combien-coute.net/cigarette/estonie/paide/,detail
Pärnu,ville,Estonie,estonie,Marlboro,2026-04-14,5.45,,,,5.45,5,6.3,,,,2026-04-14,2026,https://www.combien-coute.net/cigarette/estonie/parnu/,https://www.combien-coute.net/cigarette/estonie/parnu/,detail
Rakvere,ville,Estonie,estonie,Marlboro,2026-04-24,5.5,,,,5.5,5.5,6.3,,,,2026-04-24,2026,https://www.combien-coute.net/cigarette/estonie/rakvere/,https://www.combien-coute.net/cigarette/estonie/rakvere/,detail
Rapla,ville,Estonie,estonie,Marlboro,2026-04-28,6.03,,,,6.03,6.03,6.3,,,,2026-04-28,2026,https://www.combien-coute.net/cigarette/estonie/rapla/,https://www.combien-coute.net/cigarette/estonie/rapla/,detail
Rummu,ville,Estonie,estonie,Marlboro,2026-04-17,6.03,,,,6.03,6.03,6.3,,,,2026-04-17,2026,https://www.combien-coute.net/cigarette/estonie/rummu/,https://www.combien-coute.net/cigarette/estonie/rummu/,detail
Sindi,ville,Estonie,estonie,Marlboro,2026-04-15,6.03,,,,6.03,6.03,6.3,,,,2026-04-15,2026,https://www.combien-coute.net/cigarette/estonie/sindi/,https://www.combien-coute.net/cigarette/estonie/sindi/,detail
Tallinn,ville,Estonie,estonie,Marlboro,2026-04-14,6,,,,6,5.8,6.5,,,,2026-04-14,2026,https://www.combien-coute.net/cigarette/estonie/tallinn/,https://www.combien-coute.net/cigarette/estonie/tallinn/,detail
Tapa,ville,Estonie,estonie,Marlboro,2025-11-24,6.01,,,,6.01,5.5,6.1,,,,2025-11-24,2026,https://www.combien-coute.net/cigarette/estonie/tapa/,https://www.combien-coute.net/cigarette/estonie/tapa/,detail
Tartu,ville,Estonie,estonie,Marlboro,2025-11-25,6.01,,,,6.01,5.5,6.1,,,,2025-11-25,2026,https://www.combien-coute.net/cigarette/estonie/tartu/,https://www.combien-coute.net/cigarette/estonie/tartu/,detail
Valga,ville,Estonie,estonie,Marlboro,2025-11-24,6,,,,6,5.6,6.5,,,,2025-11-24,2026,https://www.combien-coute.net/cigarette/estonie/valga/,https://www.combien-coute.net/cigarette/estonie/valga/,detail
Viljandi,ville,Estonie,estonie,Marlboro,2026-04-24,6,,,,6,5.8,6.5,,,,2026-04-24,2026,https://www.combien-coute.net/cigarette/estonie/viljandi/,https://www.combien-coute.net/cigarette/estonie/viljandi/,detail
Hanko,ville,Finlande,finlande,Marlboro,2026-04-27,11.44,,,,11.44,10,13.2,,,,2026-04-27,2026,https://www.combien-coute.net/cigarette/finlande/hanko/,https://www.combien-coute.net/cigarette/finlande/hanko/,detail
Helsinki,ville,Finlande,finlande,Marlboro,2025-11-23,11.2,,,,11.2,10,13,,,,2025-11-23,2026,https://www.combien-coute.net/cigarette/finlande/helsinki/,https://www.combien-coute.net/cigarette/finlande/helsinki/,detail
Iisalmi,ville,Finlande,finlande,Marlboro,2026-04-27,12.2,,,,12.2,12,15,,,,2026-04-27,2026,https://www.combien-coute.net/cigarette/finlande/iisalmi/,https://www.combien-coute.net/cigarette/finlande/iisalmi/,detail
Imatra,ville,Finlande,finlande,Marlboro,2026-04-27,11.44,,,,11.44,10,13.2,,,,2026-04-27,2026,https://www.combien-coute.net/cigarette/finlande/imatra/,https://www.combien-coute.net/cigarette/finlande/imatra/,detail
Joensuu,ville,Finlande,finlande,Marlboro,2026-04-27,10.6,,,,10.6,9.7,11.1,,,,2026-04-27,2026,https://www.combien-coute.net/cigarette/finlande/joensuu/,https://www.combien-coute.net/cigarette/finlande/joensuu/,detail
Kajaani,ville,Finlande,finlande,Marlboro,2026-04-27,12.2,,,,12.2,12,15,,,,2026-04-27,2026,https://www.combien-coute.net/cigarette/finlande/kajaani/,https://www.combien-coute.net/cigarette/finlande/kajaani/,detail
Kirkkonummi,ville,Finlande,finlande,Marlboro,2026-04-27,11.44,,,,11.44,10,13,,,,2026-04-27,2026,https://www.combien-coute.net/cigarette/finlande/kirkkonummi/,https://www.combien-coute.net/cigarette/finlande/kirkkonummi/,detail
Kokkola,ville,Finlande,finlande,Marlboro,2026-04-27,11.4,,,,11.4,10,13.2,,,,2026-04-27,2026,https://www.combien-coute.net/cigarette/finlande/kokkola/,https://www.combien-coute.net/cigarette/finlande/kokkola/,detail
Kotka,ville,Finlande,finlande,Marlboro,2026-04-28,9.4,,,,9.4,9.4,13,,,,2026-04-28,2026,https://www.combien-coute.net/cigarette/finlande/kotka/,https://www.combien-coute.net/cigarette/finlande/kotka/,detail
Kouvola,ville,Finlande,finlande,Marlboro,2026-04-27,10,,,,10,,,,,,2026-04-27,2026,https://www.combien-coute.net/cigarette/finlande/kouvola/,https://www.combien-coute.net/cigarette/finlande/kouvola/,detail
Kuopio,ville,Finlande,finlande,Marlboro,2026-04-25,10.95,,,,10.95,9.8,14,,,,2026-04-25,2026,https://www.combien-coute.net/cigarette/finlande/kuopio/,https://www.combien-coute.net/cigarette/finlande/kuopio/,detail
Lahti,ville,Finlande,finlande,Marlboro,2026-04-27,12,,,,12,10.5,15,,,,2026-04-27,2026,https://www.combien-coute.net/cigarette/finlande/lahti/,https://www.combien-coute.net/cigarette/finlande/lahti/,detail
Lappeenranta,ville,Finlande,finlande,Marlboro,2026-04-27,9.7,,,,9.7,9,13.2,,,,2026-04-27,2026,https://www.combien-coute.net/cigarette/finlande/lappeenranta/,https://www.combien-coute.net/cigarette/finlande/lappeenranta/,detail
Lieksa,ville,Finlande,finlande,Marlboro,2026-04-17,12.2,,,,12.2,12,15,,,,2026-04-17,2026,https://www.combien-coute.net/cigarette/finlande/lieksa/,https://www.combien-coute.net/cigarette/finlande/lieksa/,detail
Lohja,ville,Finlande,finlande,Marlboro,2026-04-27,9.5,,,,9.5,9.5,13.2,,,,2026-04-27,2026,https://www.combien-coute.net/cigarette/finlande/lohja/,https://www.combien-coute.net/cigarette/finlande/lohja/,detail
Mikkeli,ville,Finlande,finlande,Marlboro,2026-04-27,11.44,,,,11.44,10,13.2,,,,2026-04-27,2026,https://www.combien-coute.net/cigarette/finlande/mikkeli/,https://www.combien-coute.net/cigarette/finlande/mikkeli/,detail
Naantali,ville,Finlande,finlande,Marlboro,2026-04-28,10.7,,,,10.7,10,13,,,,2026-04-28,2026,https://www.combien-coute.net/cigarette/finlande/naantali/,https://www.combien-coute.net/cigarette/finlande/naantali/,detail
Oulu,ville,Finlande,finlande,Marlboro,2026-04-16,11.25,,,,11.25,9.7,12.5,,,,2026-04-16,2026,https://www.combien-coute.net/cigarette/finlande/oulu/,https://www.combien-coute.net/cigarette/finlande/oulu/,detail
Pori,ville,Finlande,finlande,Marlboro,2026-04-27,10,,,,10,9.3,13,,,,2026-04-27,2026,https://www.combien-coute.net/cigarette/finlande/pori/,https://www.combien-coute.net/cigarette/finlande/pori/,detail
Porvoo,ville,Finlande,finlande,Marlboro,2026-04-27,9.6,,,,9.6,9.6,13.2,,,,2026-04-27,2026,https://www.combien-coute.net/cigarette/finlande/porvoo/,https://www.combien-coute.net/cigarette/finlande/porvoo/,detail
Rauma,ville,Finlande,finlande,Marlboro,2026-04-27,9,,,,9,9,13,,,,2026-04-27,2026,https://www.combien-coute.net/cigarette/finlande/rauma/,https://www.combien-coute.net/cigarette/finlande/rauma/,detail
Salo,ville,Finlande,finlande,Marlboro,2026-04-27,10.1,,,,10.1,10,13.2,,,,2026-04-27,2026,https://www.combien-coute.net/cigarette/finlande/salo/,https://www.combien-coute.net/cigarette/finlande/salo/,detail
Savonlinna,ville,Finlande,finlande,Marlboro,2026-04-27,8.64,,,,8.64,8.64,13,,,,2026-04-27,2026,https://www.combien-coute.net/cigarette/finlande/savonlinna/,https://www.combien-coute.net/cigarette/finlande/savonlinna/,detail
Tampere,ville,Finlande,finlande,Marlboro,2026-04-26,11.44,,,,11.44,10,13.2,,,,2026-04-26,2026,https://www.combien-coute.net/cigarette/finlande/tampere/,https://www.combien-coute.net/cigarette/finlande/tampere/,detail
Turku,ville,Finlande,finlande,Marlboro,2026-04-25,10.7,,,,10.7,9.95,13,,,,2026-04-25,2026,https://www.combien-coute.net/cigarette/finlande/turku/,https://www.combien-coute.net/cigarette/finlande/turku/,detail
Vaasa,ville,Finlande,finlande,Marlboro,2026-04-29,13,,,,13,9,15,,,,2026-04-29,2026,https://www.combien-coute.net/cigarette/finlande/vaasa/,https://www.combien-coute.net/cigarette/finlande/vaasa/,detail
Vantaa,ville,Finlande,finlande,Marlboro,2026-04-27,11,,,,11,10.5,13,,,,2026-04-27,2026,https://www.combien-coute.net/cigarette/finlande/vantaa/,https://www.combien-coute.net/cigarette/finlande/vantaa/,detail
Ylivieska,ville,Finlande,finlande,Marlboro,2026-04-27,12.2,,,,12.2,12,15,,,,2026-04-27,2026,https://www.combien-coute.net/cigarette/finlande/ylivieska/,https://www.combien-coute.net/cigarette/finlande/ylivieska/,detail
Clearwater,ville,Floride,floride,Marlboro,2026-04-22,8.52,10,$ (USD),dollar américain,8.52,7.72,14.48,10,9,17,2026-04-22,2026,https://www.combien-coute.net/cigarette/floride/clearwater/,https://www.combien-coute.net/cigarette/floride/clearwater/,detail
Daytona Beach,ville,Floride,floride,Marlboro,2026-04-29,7.09,8,$ (USD),dollar américain,7.09,6.83,7.47,8,8,9,2026-04-29,2026,https://www.combien-coute.net/cigarette/floride/daytona-beach/,https://www.combien-coute.net/cigarette/floride/daytona-beach/,detail
Fort Lauderdale,ville,Floride,floride,Marlboro,2026-04-23,8.97,11,$ (USD),dollar américain,8.97,7.75,11.53,11,9,14,2026-04-23,2026,https://www.combien-coute.net/cigarette/floride/fort-lauderdale/,https://www.combien-coute.net/cigarette/floride/fort-lauderdale/,detail
Fort Myers,ville,Floride,floride,Marlboro,2026-04-14,7.71,9,$ (USD),dollar américain,7.71,7.23,12.76,9,8,15,2026-04-14,2026,https://www.combien-coute.net/cigarette/floride/fort-myers/,https://www.combien-coute.net/cigarette/floride/fort-myers/,detail
Jacksonville,ville,Floride,floride,Marlboro,2026-04-15,8.35,10,$ (USD),dollar américain,8.35,7.62,8.82,10,9,10,2026-04-15,2026,https://www.combien-coute.net/cigarette/floride/jacksonville/,https://www.combien-coute.net/cigarette/floride/jacksonville/,detail
Key West,ville,Floride,floride,Marlboro,2026-04-14,6.8,8,$ (USD),dollar américain,6.8,6.8,11.48,8,8,13,2026-04-14,2026,https://www.combien-coute.net/cigarette/floride/key-west/,https://www.combien-coute.net/cigarette/floride/key-west/,detail
Lakeland,ville,Floride,floride,Marlboro,2026-04-13,9.64,11,$ (USD),dollar américain,9.64,8.14,17.13,11,10,20,2026-04-13,2026,https://www.combien-coute.net/cigarette/floride/lakeland/,https://www.combien-coute.net/cigarette/floride/lakeland/,detail
Miami,ville,Floride,floride,Marlboro,2026-05-01,7.73,9,$ (USD),dollar américain,7.73,7.73,10.23,9,9,12,2026-05-01,2026,https://www.combien-coute.net/cigarette/floride/miami/,https://www.combien-coute.net/cigarette/floride/miami/,detail
Orlando,ville,Floride,floride,Marlboro,2026-04-23,7.75,9,$ (USD),dollar américain,7.75,7.69,10.25,9,9,12,2026-04-23,2026,https://www.combien-coute.net/cigarette/floride/orlando/,https://www.combien-coute.net/cigarette/floride/orlando/,detail
Pensacola,ville,Floride,floride,Marlboro,2026-04-17,7.7,9,$ (USD),dollar américain,7.7,6.75,16.98,9,8,20,2026-04-17,2026,https://www.combien-coute.net/cigarette/floride/pensacola/,https://www.combien-coute.net/cigarette/floride/pensacola/,detail
Sarasota,ville,Floride,floride,Marlboro,2026-04-27,7.75,9,$ (USD),dollar américain,7.75,6.46,12.81,9,8,15,2026-04-27,2026,https://www.combien-coute.net/cigarette/floride/sarasota/,https://www.combien-coute.net/cigarette/floride/sarasota/,detail
Tallahassee,ville,Floride,floride,Marlboro,2026-04-13,7.77,9,$ (USD),dollar américain,7.77,7.71,8.57,9,9,10,2026-04-13,2026,https://www.combien-coute.net/cigarette/floride/tallahassee/,https://www.combien-coute.net/cigarette/floride/tallahassee/,detail
Tampa,ville,Floride,floride,Marlboro,2026-04-23,7.75,9,$ (USD),dollar américain,7.75,6.83,10.25,9,8,12,2026-04-23,2026,https://www.combien-coute.net/cigarette/floride/tampa/,https://www.combien-coute.net/cigarette/floride/tampa/,detail
West Palm Beach,ville,Floride,floride,Marlboro,2026-04-15,7.63,9,$ (USD),dollar américain,7.63,6.4,10.18,9,8,12,2026-04-15,2026,https://www.combien-coute.net/cigarette/floride/west-palm-beach/,https://www.combien-coute.net/cigarette/floride/west-palm-beach/,detail
Belfort,ville,Franche-Comté,franche-comte,Marlboro,2026-04-19,12,,,,12,12,13,,,,2026-04-19,2026,https://www.combien-coute.net/cigarette/franche-comte/belfort/,https://www.combien-coute.net/cigarette/franche-comte/belfort/,detail
Besançon (Doubs),ville,Franche-Comté,franche-comte,Marlboro,2026-04-24,12,,,,12,11.5,14,,,,2026-04-24,2026,https://www.combien-coute.net/cigarette/franche-comte/besancon/,https://www.combien-coute.net/cigarette/franche-comte/besancon/,detail
Vesoul,ville,Franche-Comté,franche-comte,Marlboro,2017-11-21,10,,,,10,,,,,,2017-11-21,2026,https://www.combien-coute.net/cigarette/franche-comte/vesoul/,https://www.combien-coute.net/cigarette/franche-comte/vesoul/,detail
Libreville,ville,Gabon,gabon,Marlboro,2026-04-20,2.29,1502,F CFA (XAF),Franc CFA-BEAC,2.29,1.83,2.29,1502,1200,1502,2026-04-20,2026,https://www.combien-coute.net/cigarette/gabon/libreville/,https://www.combien-coute.net/cigarette/gabon/libreville/,detail
Banjul,ville,Gambie,gambie,Marlboro,2026-04-22,1.45,125,GMD,Dalasie,1.45,1.39,1.74,125,119,150,2026-04-22,2026,https://www.combien-coute.net/cigarette/gambie/banjul/,https://www.combien-coute.net/cigarette/gambie/banjul/,detail
Accra,ville,Ghana,ghana,Marlboro,2025-11-24,1.76,23,GHS,Cedi,1.76,1.34,3.04,23,17,39,2025-11-24,2026,https://www.combien-coute.net/cigarette/ghana/accra/,https://www.combien-coute.net/cigarette/ghana/accra/,detail
Berekum,ville,Ghana,ghana,Marlboro,2024-01-28,0.76,10,GHS,Cedi,0.76,0.76,0.76,10,10,10,2024-01-28,2026,https://www.combien-coute.net/cigarette/ghana/berekum/,https://www.combien-coute.net/cigarette/ghana/berekum/,detail
Cape Coast,ville,Ghana,ghana,Marlboro,2026-04-25,2.1,27,GHS,Cedi,2.1,1.31,3.18,27,17,41,2026-04-25,2026,https://www.combien-coute.net/cigarette/ghana/cape-coast/,https://www.combien-coute.net/cigarette/ghana/cape-coast/,detail
Kumasi,ville,Ghana,ghana,Marlboro,2026-04-20,0.7,9,GHS,Cedi,0.7,0.7,3.18,9,9,41,2026-04-20,2026,https://www.combien-coute.net/cigarette/ghana/kumasi/,https://www.combien-coute.net/cigarette/ghana/kumasi/,detail
Mampong,ville,Ghana,ghana,Marlboro,2026-04-28,2.1,27,GHS,Cedi,2.1,1.31,3.18,27,17,41,2026-04-28,2026,https://www.combien-coute.net/cigarette/ghana/mampong/,https://www.combien-coute.net/cigarette/ghana/mampong/,detail
Nsawam,ville,Ghana,ghana,Marlboro,2026-04-27,2.1,27,GHS,Cedi,2.1,1.31,3.19,27,17,41,2026-04-27,2026,https://www.combien-coute.net/cigarette/ghana/nsawam/,https://www.combien-coute.net/cigarette/ghana/nsawam/,detail
Sunyani,ville,Ghana,ghana,Marlboro,2024-01-28,0.76,10,GHS,Cedi,0.76,0.76,0.76,10,10,10,2024-01-28,2026,https://www.combien-coute.net/cigarette/ghana/sunyani/,https://www.combien-coute.net/cigarette/ghana/sunyani/,detail
Tamale,ville,Ghana,ghana,Marlboro,2017-11-21,0.85,1,GHS,Cedi,0.85,,,1,,,2017-11-21,2026,https://www.combien-coute.net/cigarette/ghana/tamale/,https://www.combien-coute.net/cigarette/ghana/tamale/,detail
Tema,ville,Ghana,ghana,Marlboro,2026-04-25,1.15,15,GHS,Cedi,1.15,,,15,,,2026-04-25,2026,https://www.combien-coute.net/cigarette/ghana/tema/,https://www.combien-coute.net/cigarette/ghana/tema/,detail
Bordeaux,ville,Gironde,aquitaine,Marlboro,2026-04-18,11.75,,,,11.75,11,14,,,,2026-04-18,2026,https://www.combien-coute.net/cigarette/aquitaine/bordeaux/,https://www.combien-coute.net/cigarette/aquitaine/bordeaux/,detail
Bordeaux,ville,Gironde,france,Marlboro,2026-04-18,11.75,,,,11.75,11,14,,,,2026-04-18,2026,https://www.combien-coute.net/cigarette/france/bordeaux/,https://www.combien-coute.net/cigarette/france/bordeaux/,detail
Las Palmas de Gran Canaria,ville,Grande Canarie,grande-canarie,Marlboro,2026-04-20,4,,,,4,3.8,4.6,,,,2026-04-20,2026,https://www.combien-coute.net/cigarette/grande-canarie/las-palmas-de-gran-canaria/,https://www.combien-coute.net/cigarette/grande-canarie/las-palmas-de-gran-canaria/,detail
Maspalomas,ville,Grande Canarie,grande-canarie,Marlboro,2026-04-26,4,,,,4,3.8,4.6,,,,2026-04-26,2026,https://www.combien-coute.net/cigarette/grande-canarie/maspalomas/,https://www.combien-coute.net/cigarette/grande-canarie/maspalomas/,detail
Mogán,ville,Grande Canarie,grande-canarie,Marlboro,2026-04-20,4.2,,,,4.2,4.2,6,,,,2026-04-20,2026,https://www.combien-coute.net/cigarette/grande-canarie/mogan/,https://www.combien-coute.net/cigarette/grande-canarie/mogan/,detail
Santa Lucia,ville,Grande Canarie,grande-canarie,Marlboro,2026-04-22,5,,,,5,4.5,6,,,,2026-04-22,2026,https://www.combien-coute.net/cigarette/grande-canarie/santa-lucia/,https://www.combien-coute.net/cigarette/grande-canarie/santa-lucia/,detail
Nuuk,ville,Groenland,groenland,Marlboro,2026-04-25,8.85,66,DKK,Couronne danoise,8.85,7,10.7,66,52,80,2026-04-25,2026,https://www.combien-coute.net/cigarette/groenland/nuuk/,https://www.combien-coute.net/cigarette/groenland/nuuk/,detail
Agrinio,ville,Grèce,grece,Marlboro,2026-04-20,5,,,,5,4.7,5,,,,2026-04-20,2026,https://www.combien-coute.net/cigarette/grece/agrinio/,https://www.combien-coute.net/cigarette/grece/agrinio/,detail
Athènes,ville,Grèce,grece,Marlboro,2026-04-14,5,,,,5,4.7,5,,,,2026-04-14,2026,https://www.combien-coute.net/cigarette/grece/athenes/,https://www.combien-coute.net/cigarette/grece/athenes/,detail
Corfou,ville,Grèce,grece,Marlboro,2026-04-27,5,,,,5,,,,,,2026-04-27,2026,https://www.combien-coute.net/cigarette/grece/ile-de-corfou/,https://www.combien-coute.net/cigarette/grece/,liste_parent
Corinthe,ville,Grèce,grece,Marlboro,2026-04-22,4.8,,,,4.8,4.5,8,,,,2026-04-22,2026,https://www.combien-coute.net/cigarette/grece/corinthe/,https://www.combien-coute.net/cigarette/grece/corinthe/,detail
Delphes,ville,Grèce,grece,Marlboro,2026-04-13,5,,,,5,4.7,5,,,,2026-04-13,2026,https://www.combien-coute.net/cigarette/grece/delphes/,https://www.combien-coute.net/cigarette/grece/delphes/,detail
Drama,ville,Grèce,grece,Marlboro,2026-04-21,4.5,,,,4.5,4,6,,,,2026-04-21,2026,https://www.combien-coute.net/cigarette/grece/drama/,https://www.combien-coute.net/cigarette/grece/drama/,detail
Glyfada,ville,Grèce,grece,Marlboro,2026-04-30,5,,,,5,4,5,,,,2026-04-30,2026,https://www.combien-coute.net/cigarette/grece/glyfada/,https://www.combien-coute.net/cigarette/grece/glyfada/,detail
Ioannina,ville,Grèce,grece,Marlboro,2026-04-22,5,,,,5,4.8,6,,,,2026-04-22,2026,https://www.combien-coute.net/cigarette/grece/ioannina/,https://www.combien-coute.net/cigarette/grece/ioannina/,detail
Kalamata,ville,Grèce,grece,Marlboro,2026-04-16,5,,,,5,4,7,,,,2026-04-16,2026,https://www.combien-coute.net/cigarette/grece/kalamata/,https://www.combien-coute.net/cigarette/grece/kalamata/,detail
Katerini,ville,Grèce,grece,Marlboro,2026-04-20,4.3,,,,4.3,4,6,,,,2026-04-20,2026,https://www.combien-coute.net/cigarette/grece/katerini/,https://www.combien-coute.net/cigarette/grece/katerini/,detail
Kavala,ville,Grèce,grece,Marlboro,2026-04-21,5,,,,5,4.8,7,,,,2026-04-21,2026,https://www.combien-coute.net/cigarette/grece/kavala/,https://www.combien-coute.net/cigarette/grece/kavala/,detail
Komotiní,ville,Grèce,grece,Marlboro,2026-04-21,4.6,,,,4.6,3.8,6,,,,2026-04-21,2026,https://www.combien-coute.net/cigarette/grece/komotini/,https://www.combien-coute.net/cigarette/grece/komotini/,detail
L'île de Kos,ville,Grèce,grece,Marlboro,2026-04-27,4,,,,4,,,,,,2026-04-27,2026,https://www.combien-coute.net/cigarette/grece/ile-de-kos/,https://www.combien-coute.net/cigarette/grece/,liste_parent
Lamia,ville,Grèce,grece,Marlboro,2026-04-21,4.5,,,,4.5,4.5,6,,,,2026-04-21,2026,https://www.combien-coute.net/cigarette/grece/lamia/,https://www.combien-coute.net/cigarette/grece/lamia/,detail
Larissa,ville,Grèce,grece,Marlboro,2026-04-22,4.6,,,,4.6,4.6,4.6,,,,2026-04-22,2026,https://www.combien-coute.net/cigarette/grece/larissa/,https://www.combien-coute.net/cigarette/grece/larissa/,detail
Loutraki,ville,Grèce,grece,Marlboro,2017-11-21,4,,,,4,,,,,,2017-11-21,2026,https://www.combien-coute.net/cigarette/grece/loutraki/,https://www.combien-coute.net/cigarette/grece/loutraki/,detail
Mykonos,ville,Grèce,grece,Marlboro,2026-04-27,4.5,,,,4.5,,,,,,2026-04-27,2026,https://www.combien-coute.net/cigarette/grece/ile-de-mykonos/,https://www.combien-coute.net/cigarette/grece/,liste_parent
Mytilène,ville,Grèce,grece,Marlboro,2026-04-22,4.6,,,,4.6,,,,,,2026-04-22,2026,https://www.combien-coute.net/cigarette/grece/mytilene/,https://www.combien-coute.net/cigarette/grece/mytilene/,detail
Mégare,ville,Grèce,grece,Marlboro,2023-12-10,4,,,,4,,,,,,2023-12-10,2026,https://www.combien-coute.net/cigarette/grece/megare/,https://www.combien-coute.net/cigarette/grece/megare/,detail
Naupacte,ville,Grèce,grece,Marlboro,2026-04-21,4.8,,,,4.8,4.5,5,,,,2026-04-21,2026,https://www.combien-coute.net/cigarette/grece/naupacte/,https://www.combien-coute.net/cigarette/grece/naupacte/,detail
Naxos,ville,Grèce,grece,Marlboro,2026-04-28,4.5,,,,4.5,4.5,5,,,,2026-04-28,2026,https://www.combien-coute.net/cigarette/grece/ile-de-naxos/,https://www.combien-coute.net/cigarette/grece/ile-de-naxos/,detail
Olympie,ville,Grèce,grece,Marlboro,2026-04-24,11,,,,11,10.38,11.98,,,,2026-04-24,2026,https://www.combien-coute.net/cigarette/grece/olympie/,https://www.combien-coute.net/cigarette/grece/olympie/,detail
Orestiada,ville,Grèce,grece,Marlboro,2026-04-20,4,,,,4,4,4,,,,2026-04-20,2026,https://www.combien-coute.net/cigarette/grece/orestiada/,https://www.combien-coute.net/cigarette/grece/orestiada/,detail
Patras,ville,Grèce,grece,Marlboro,2026-04-23,4.8,,,,4.8,4.5,8,,,,2026-04-23,2026,https://www.combien-coute.net/cigarette/grece/patras/,https://www.combien-coute.net/cigarette/grece/patras/,detail
Prévéza,ville,Grèce,grece,Marlboro,2026-04-21,4.8,,,,4.8,4.5,8,,,,2026-04-21,2026,https://www.combien-coute.net/cigarette/grece/preveza/,https://www.combien-coute.net/cigarette/grece/preveza/,detail
Pyrgos,ville,Grèce,grece,Marlboro,2026-04-20,5,,,,5,4.7,5,,,,2026-04-20,2026,https://www.combien-coute.net/cigarette/grece/pyrgos/,https://www.combien-coute.net/cigarette/grece/pyrgos/,detail
Rhodes,ville,Grèce,grece,Marlboro,2026-04-27,4.6,,,,4.6,,,,,,2026-04-27,2026,https://www.combien-coute.net/cigarette/grece/ile-de-rhodes/,https://www.combien-coute.net/cigarette/grece/,liste_parent
Samos,ville,Grèce,grece,Marlboro,2026-04-20,4.6,,,,4.6,,,,,,2026-04-20,2026,https://www.combien-coute.net/cigarette/grece/ile-de-samos/,https://www.combien-coute.net/cigarette/grece/ile-de-samos/,detail
Santorin,ville,Grèce,grece,Marlboro,2026-04-27,6,,,,6,,,,,,2026-04-27,2026,https://www.combien-coute.net/cigarette/grece/ile-de-santorin/,https://www.combien-coute.net/cigarette/grece/,liste_parent
Thessalonique,ville,Grèce,grece,Marlboro,2025-11-24,4.6,,,,4.6,4.5,5,,,,2025-11-24,2026,https://www.combien-coute.net/cigarette/grece/thessalonique/,https://www.combien-coute.net/cigarette/grece/thessalonique/,detail
Trikala,ville,Grèce,grece,Marlboro,2026-04-21,5,,,,5,4.7,6,,,,2026-04-21,2026,https://www.combien-coute.net/cigarette/grece/trikala/,https://www.combien-coute.net/cigarette/grece/trikala/,detail
Volos,ville,Grèce,grece,Marlboro,2026-04-20,4.75,,,,4.75,4.5,6,,,,2026-04-20,2026,https://www.combien-coute.net/cigarette/grece/volos/,https://www.combien-coute.net/cigarette/grece/volos/,detail
Vonitsa,ville,Grèce,grece,Marlboro,2026-04-29,4.8,,,,4.8,4.5,8,,,,2026-04-29,2026,https://www.combien-coute.net/cigarette/grece/vonitsa/,https://www.combien-coute.net/cigarette/grece/vonitsa/,detail
Xanthi,ville,Grèce,grece,Marlboro,2026-04-21,4.75,,,,4.75,4.5,6,,,,2026-04-21,2026,https://www.combien-coute.net/cigarette/grece/xanthi/,https://www.combien-coute.net/cigarette/grece/xanthi/,detail
la Chalcidique,ville,Grèce,grece,Marlboro,2026-04-15,5,,,,5,4.8,6,,,,2026-04-15,2026,https://www.combien-coute.net/cigarette/grece/chalkidiki/,https://www.combien-coute.net/cigarette/grece/chalkidiki/,detail
Pointe-à-Pitre,ville,Guadeloupe,guadeloupe,Marlboro,2026-04-25,10.5,,,,10.5,,,,,,2026-04-25,2026,https://www.combien-coute.net/cigarette/guadeloupe/pointe-a-pitre/,https://www.combien-coute.net/cigarette/guadeloupe/pointe-a-pitre/,detail
Port-Louis (Guadeloupe),ville,Guadeloupe,guadeloupe,Marlboro,2017-11-20,4.11,,,,4.11,3.86,4.11,,,,2017-11-20,2026,https://www.combien-coute.net/cigarette/guadeloupe/port-louis-guadeloupe/,https://www.combien-coute.net/cigarette/guadeloupe/port-louis-guadeloupe/,detail
Antigua,ville,Guatemala,guatemala,Marlboro,2026-04-18,3.33,30,GTQ,Quetzal,3.33,2.78,5,30,25,45,2026-04-18,2026,https://www.combien-coute.net/cigarette/guatemala/antigua/,https://www.combien-coute.net/cigarette/guatemala/antigua/,detail
Chimaltenango,ville,Guatemala,guatemala,Marlboro,2026-04-29,3.46,31,GTQ,Quetzal,3.46,2.79,5.03,31,25,45,2026-04-29,2026,https://www.combien-coute.net/cigarette/guatemala/chimaltenango/,https://www.combien-coute.net/cigarette/guatemala/chimaltenango/,detail
Huehuetenango,ville,Guatemala,guatemala,Marlboro,2024-01-31,2.96,25,GTQ,Quetzal,2.96,2.96,2.96,25,25,25,2024-01-31,2026,https://www.combien-coute.net/cigarette/guatemala/huehuetenango/,https://www.combien-coute.net/cigarette/guatemala/huehuetenango/,detail
Jalapa,ville,Guatemala,guatemala,Marlboro,2026-04-30,3.36,30,GTQ,Quetzal,3.36,2.8,3.92,30,25,35,2026-04-30,2026,https://www.combien-coute.net/cigarette/guatemala/jalapa/,https://www.combien-coute.net/cigarette/guatemala/jalapa/,detail
Jutiapa,ville,Guatemala,guatemala,Marlboro,2024-01-31,2.66,23,GTQ,Quetzal,2.66,2.37,2.96,23,20,25,2024-01-31,2026,https://www.combien-coute.net/cigarette/guatemala/jutiapa/,https://www.combien-coute.net/cigarette/guatemala/jutiapa/,detail
Mazatenango,ville,Guatemala,guatemala,Marlboro,2026-04-29,3.46,31,GTQ,Quetzal,3.46,2.79,5.03,31,25,45,2026-04-29,2026,https://www.combien-coute.net/cigarette/guatemala/mazatenango/,https://www.combien-coute.net/cigarette/guatemala/mazatenango/,detail
Mixco,ville,Guatemala,guatemala,Marlboro,2026-04-27,3.36,30,GTQ,Quetzal,3.36,2.8,3.92,30,25,35,2026-04-27,2026,https://www.combien-coute.net/cigarette/guatemala/mixco/,https://www.combien-coute.net/cigarette/guatemala/mixco/,detail
Quetzaltenango,ville,Guatemala,guatemala,Marlboro,2026-04-28,2.78,25,GTQ,Quetzal,2.78,2.78,5.01,25,25,45,2026-04-28,2026,https://www.combien-coute.net/cigarette/guatemala/quetzaltenango/,https://www.combien-coute.net/cigarette/guatemala/quetzaltenango/,detail
Retalhuleu,ville,Guatemala,guatemala,Marlboro,2026-04-28,3.45,31,GTQ,Quetzal,3.45,2.78,5.01,31,25,45,2026-04-28,2026,https://www.combien-coute.net/cigarette/guatemala/retalhuleu/,https://www.combien-coute.net/cigarette/guatemala/retalhuleu/,detail
San Marcos,ville,Guatemala,guatemala,Marlboro,2017-11-20,5.11,6,GTQ,Quetzal,5.11,3.41,5.97,6,4,7,2017-11-20,2026,https://www.combien-coute.net/cigarette/guatemala/san-marcos/,https://www.combien-coute.net/cigarette/guatemala/san-marcos/,detail
ville de Guatemala,ville,Guatemala,guatemala,Marlboro,2026-04-18,3.44,31,GTQ,Quetzal,3.44,2.78,5,31,25,45,2026-04-18,2026,https://www.combien-coute.net/cigarette/guatemala/ville-de-guatemala/,https://www.combien-coute.net/cigarette/guatemala/ville-de-guatemala/,detail
Georgetown (Guyana),ville,Guyana,guyana,Marlboro,2026-04-20,2.27,560,$ (GYD),Dollar guyanais,2.27,1.62,2.84,560,400,701,2026-04-20,2026,https://www.combien-coute.net/cigarette/guyana/georgetown/,https://www.combien-coute.net/cigarette/guyana/georgetown/,detail
Linden,ville,Guyana,guyana,Marlboro,2025-12-25,2.27,559,$ (GYD),Dollar guyanais,2.27,1.62,2.84,559,399,700,2025-12-25,2026,https://www.combien-coute.net/cigarette/guyana/linden/,https://www.combien-coute.net/cigarette/guyana/linden/,detail
New Amsterdam,ville,Guyana,guyana,Marlboro,2025-12-11,2.29,559,$ (GYD),Dollar guyanais,2.29,1.63,2.86,559,398,698,2025-12-11,2026,https://www.combien-coute.net/cigarette/guyana/new-amsterdam/,https://www.combien-coute.net/cigarette/guyana/new-amsterdam/,detail
Parika,ville,Guyana,guyana,Marlboro,2025-12-24,2.27,557,$ (GYD),Dollar guyanais,2.27,1.62,2.84,557,398,697,2025-12-24,2026,https://www.combien-coute.net/cigarette/guyana/parika/,https://www.combien-coute.net/cigarette/guyana/parika/,detail
Gori,ville,Géorgie,georgie,Marlboro,2026-04-25,2.54,8,GEL,Lari,2.54,2.54,2.86,8,8,9,2026-04-25,2026,https://www.combien-coute.net/cigarette/georgie/gori/,https://www.combien-coute.net/cigarette/georgie/gori/,detail
Tbilissi,ville,Géorgie,georgie,Marlboro,2026-04-20,2.84,9,GEL,Lari,2.84,2.53,3.16,9,8,10,2026-04-20,2026,https://www.combien-coute.net/cigarette/georgie/tbilissi/,https://www.combien-coute.net/cigarette/georgie/tbilissi/,detail
Zougdidi,ville,Géorgie,georgie,Marlboro,2026-04-27,2.87,9,GEL,Lari,2.87,2.55,3.19,9,8,10,2026-04-27,2026,https://www.combien-coute.net/cigarette/georgie/zugdidi/,https://www.combien-coute.net/cigarette/georgie/zugdidi/,detail
Munster,ville,Hautes-Vosges (massif des Vosges),vosges,Marlboro,2020-05-05,6.4,,,,6.4,6.4,7.2,,,,2020-05-05,2026,https://www.combien-coute.net/cigarette/vosges/munster/,https://www.combien-coute.net/cigarette/vosges/munster/,detail
Baie de Hilo,ville,Hawai,hawai,Marlboro,2026-04-28,10.35,12,$ (USD),dollar américain,10.35,10.24,12.79,12,12,15,2026-04-28,2026,https://www.combien-coute.net/cigarette/hawai/baie-de-hilo/,https://www.combien-coute.net/cigarette/hawai/baie-de-hilo/,detail
Honolulu,ville,Hawai,hawai,Marlboro,2026-04-19,10.67,13,$ (USD),dollar américain,10.67,10.19,13.59,13,12,16,2026-04-19,2026,https://www.combien-coute.net/cigarette/hawai/honolulu/,https://www.combien-coute.net/cigarette/hawai/honolulu/,detail
Kahului,ville,Hawai,hawai,Marlboro,2023-02-02,8.28,9,$ (USD),dollar américain,8.28,,,9,,,2023-02-02,2026,https://www.combien-coute.net/cigarette/hawai/kahului/,https://www.combien-coute.net/cigarette/hawai/kahului/,detail
Kailua,ville,Hawai,hawai,Marlboro,2026-04-27,10.73,13,$ (USD),dollar américain,10.73,10.25,13.66,13,12,16,2026-04-27,2026,https://www.combien-coute.net/cigarette/hawai/kailua/,https://www.combien-coute.net/cigarette/hawai/kailua/,detail
Kaneohe,ville,Hawai,hawai,Marlboro,2026-04-29,7.26,8,$ (USD),dollar américain,7.26,7.26,13.66,8,8,16,2026-04-29,2026,https://www.combien-coute.net/cigarette/hawai/kaneohe/,https://www.combien-coute.net/cigarette/hawai/kaneohe/,detail
Pearl City,ville,Hawai,hawai,Marlboro,2026-04-27,10.73,13,$ (USD),dollar américain,10.73,10.25,13.66,13,12,16,2026-04-27,2026,https://www.combien-coute.net/cigarette/hawai/pearl-city/,https://www.combien-coute.net/cigarette/hawai/pearl-city/,detail
Pukalani,ville,Hawai,hawai,Marlboro,2023-12-14,6.87,7,$ (USD),dollar américain,6.87,,,7,,,2023-12-14,2026,https://www.combien-coute.net/cigarette/hawai/pukalani/,https://www.combien-coute.net/cigarette/hawai/pukalani/,detail
Waipahu,ville,Hawai,hawai,Marlboro,2026-04-27,8.54,10,$ (USD),dollar américain,8.54,8.54,13.66,10,10,16,2026-04-27,2026,https://www.combien-coute.net/cigarette/hawai/waipahu/,https://www.combien-coute.net/cigarette/hawai/waipahu/,detail
Port-au-Prince,ville,Haïti,haiti,Marlboro,2025-10-24,1.72,261,HTG,Gourde,1.72,,,261,,,2025-10-24,2026,https://www.combien-coute.net/cigarette/haiti/port-au-prince/,https://www.combien-coute.net/cigarette/haiti/port-au-prince/,detail
Thomazeau,ville,Haïti,haiti,Marlboro,2017-11-21,2.01,2,HTG,Gourde,2.01,2.01,2.01,2,2,2,2017-11-21,2026,https://www.combien-coute.net/cigarette/haiti/thomazeau/,https://www.combien-coute.net/cigarette/haiti/thomazeau/,detail
les Cayes,ville,Haïti,haiti,Marlboro,2023-06-05,1.87,282,HTG,Gourde,1.87,1.87,1.87,282,282,282,2023-06-05,2026,https://www.combien-coute.net/cigarette/haiti/cayes/,https://www.combien-coute.net/cigarette/haiti/cayes/,detail
Choloma,ville,Honduras,honduras,Marlboro,2025-12-27,2.09,65,HNL,Lempira,2.09,1.61,2.58,65,50,80,2025-12-27,2026,https://www.combien-coute.net/cigarette/honduras/choloma/,https://www.combien-coute.net/cigarette/honduras/choloma/,detail
Danli,ville,Honduras,honduras,Marlboro,2025-12-13,2.11,65,HNL,Lempira,2.11,1.63,2.6,65,50,80,2025-12-13,2026,https://www.combien-coute.net/cigarette/honduras/danli/,https://www.combien-coute.net/cigarette/honduras/danli/,detail
El Paraiso,ville,Honduras,honduras,Marlboro,2025-12-11,2.12,65,HNL,Lempira,2.12,1.63,2.61,65,50,80,2025-12-11,2026,https://www.combien-coute.net/cigarette/honduras/el-paraiso/,https://www.combien-coute.net/cigarette/honduras/el-paraiso/,detail
El Progreso,ville,Honduras,honduras,Marlboro,2026-04-28,2.24,70,HNL,Lempira,2.24,,,70,,,2026-04-28,2026,https://www.combien-coute.net/cigarette/honduras/el-progreso/,https://www.combien-coute.net/cigarette/honduras/el-progreso/,detail
La Ceiba,ville,Honduras,honduras,Marlboro,2026-04-15,2.2,69,HNL,Lempira,2.2,,,69,,,2026-04-15,2026,https://www.combien-coute.net/cigarette/honduras/la-ceiba/,https://www.combien-coute.net/cigarette/honduras/la-ceiba/,detail
La Lima,ville,Honduras,honduras,Marlboro,2025-12-11,2.12,65,HNL,Lempira,2.12,1.63,2.61,65,50,80,2025-12-11,2026,https://www.combien-coute.net/cigarette/honduras/la-lima/,https://www.combien-coute.net/cigarette/honduras/la-lima/,detail
Nacaome,ville,Honduras,honduras,Marlboro,2025-11-22,2.15,65,HNL,Lempira,2.15,1.65,2.65,65,50,80,2025-11-22,2026,https://www.combien-coute.net/cigarette/honduras/nacaome/,https://www.combien-coute.net/cigarette/honduras/nacaome/,detail
Olanchito,ville,Honduras,honduras,Marlboro,2025-12-29,2.09,65,HNL,Lempira,2.09,1.61,2.58,65,50,80,2025-12-29,2026,https://www.combien-coute.net/cigarette/honduras/olanchito/,https://www.combien-coute.net/cigarette/honduras/olanchito/,detail
San Pedro Sula,ville,Honduras,honduras,Marlboro,2026-04-14,2.56,80,HNL,Lempira,2.56,2.25,3.92,80,70,122,2026-04-14,2026,https://www.combien-coute.net/cigarette/honduras/san-pedro-sula/,https://www.combien-coute.net/cigarette/honduras/san-pedro-sula/,detail
Siguatepeque,ville,Honduras,honduras,Marlboro,2025-12-11,2.12,65,HNL,Lempira,2.12,1.63,2.61,65,50,80,2025-12-11,2026,https://www.combien-coute.net/cigarette/honduras/siguatepeque/,https://www.combien-coute.net/cigarette/honduras/siguatepeque/,detail
Tegucigalpa,ville,Honduras,honduras,Marlboro,2026-04-18,2.07,65,HNL,Lempira,2.07,1.6,2.55,65,50,80,2026-04-18,2026,https://www.combien-coute.net/cigarette/honduras/tegucigalpa/,https://www.combien-coute.net/cigarette/honduras/tegucigalpa/,detail
Tocoa,ville,Honduras,honduras,Marlboro,2025-12-11,2.12,65,HNL,Lempira,2.12,1.63,2.61,65,50,80,2025-12-11,2026,https://www.combien-coute.net/cigarette/honduras/tocoa/,https://www.combien-coute.net/cigarette/honduras/tocoa/,detail
Budapest,ville,Hongrie,hongrie,Marlboro,2025-11-24,6.25,2397,Ft (HUF),Forint,6.25,5.99,6.77,2397,2297,2597,2025-11-24,2026,https://www.combien-coute.net/cigarette/hongrie/budapest/,https://www.combien-coute.net/cigarette/hongrie/budapest/,detail
Debrecen,ville,Hongrie,hongrie,Marlboro,2026-04-26,6.31,2304,Ft (HUF),Forint,6.31,6.31,6.85,2304,2304,2502,2026-04-26,2026,https://www.combien-coute.net/cigarette/hongrie/debrecen/,https://www.combien-coute.net/cigarette/hongrie/debrecen/,detail
Eger,ville,Hongrie,hongrie,Marlboro,2026-04-27,6.84,2498,Ft (HUF),Forint,6.84,6.29,9.58,2498,2297,3499,2026-04-27,2026,https://www.combien-coute.net/cigarette/hongrie/eger/,https://www.combien-coute.net/cigarette/hongrie/eger/,detail
Esztergom,ville,Hongrie,hongrie,Marlboro,2026-04-25,6.98,2556,Ft (HUF),Forint,6.98,5.48,8.76,2556,2006,3207,2026-04-25,2026,https://www.combien-coute.net/cigarette/hongrie/esztergom/,https://www.combien-coute.net/cigarette/hongrie/esztergom/,detail
Gyor,ville,Hongrie,hongrie,Marlboro,2026-04-25,6.98,2556,Ft (HUF),Forint,6.98,5.48,8.76,2556,2006,3207,2026-04-25,2026,https://www.combien-coute.net/cigarette/hongrie/gyor/,https://www.combien-coute.net/cigarette/hongrie/gyor/,detail
Hodmezovasarhely,ville,Hongrie,hongrie,Marlboro,2026-04-28,6.86,2501,Ft (HUF),Forint,6.86,6.31,8.24,2501,2301,3005,2026-04-28,2026,https://www.combien-coute.net/cigarette/hongrie/hodmezovasarhely/,https://www.combien-coute.net/cigarette/hongrie/hodmezovasarhely/,detail
Keszthely,ville,Hongrie,hongrie,Marlboro,2026-04-28,7.41,2702,Ft (HUF),Forint,7.41,6.31,8.24,2702,2301,3005,2026-04-28,2026,https://www.combien-coute.net/cigarette/hongrie/keszthely/,https://www.combien-coute.net/cigarette/hongrie/keszthely/,detail
Miskolc,ville,Hongrie,hongrie,Marlboro,2026-04-26,6.58,2403,Ft (HUF),Forint,6.58,5.49,6.86,2403,2005,2505,2026-04-26,2026,https://www.combien-coute.net/cigarette/hongrie/miskolc/,https://www.combien-coute.net/cigarette/hongrie/miskolc/,detail
Nagykanizsa,ville,Hongrie,hongrie,Marlboro,2026-04-29,6.88,2518,Ft (HUF),Forint,6.88,5.5,8.8,2518,2013,3220,2026-04-29,2026,https://www.combien-coute.net/cigarette/hongrie/nagykanizsa/,https://www.combien-coute.net/cigarette/hongrie/nagykanizsa/,detail
Nyiregyhaza,ville,Hongrie,hongrie,Marlboro,2026-04-27,5.75,2100,Ft (HUF),Forint,5.75,5.75,8.21,2100,2100,2998,2026-04-27,2026,https://www.combien-coute.net/cigarette/hongrie/nyiregyhaza/,https://www.combien-coute.net/cigarette/hongrie/nyiregyhaza/,detail
Pécs,ville,Hongrie,hongrie,Marlboro,2026-04-20,7.46,2699,Ft (HUF),Forint,7.46,6.36,8.29,2699,2301,2999,2026-04-20,2026,https://www.combien-coute.net/cigarette/hongrie/pecs/,https://www.combien-coute.net/cigarette/hongrie/pecs/,detail
Sopron,ville,Hongrie,hongrie,Marlboro,2026-04-24,7.36,2687,Ft (HUF),Forint,7.36,6.27,12.27,2687,2289,4479,2026-04-24,2026,https://www.combien-coute.net/cigarette/hongrie/sopron/,https://www.combien-coute.net/cigarette/hongrie/sopron/,detail
Szeged,ville,Hongrie,hongrie,Marlboro,2026-04-24,6.82,2489,Ft (HUF),Forint,6.82,6.27,8.18,2489,2289,2986,2026-04-24,2026,https://www.combien-coute.net/cigarette/hongrie/szeged/,https://www.combien-coute.net/cigarette/hongrie/szeged/,detail
Szentendre,ville,Hongrie,hongrie,Marlboro,2026-04-24,6.82,2489,Ft (HUF),Forint,6.82,5.45,8.73,2489,1989,3187,2026-04-24,2026,https://www.combien-coute.net/cigarette/hongrie/szentendre/,https://www.combien-coute.net/cigarette/hongrie/szentendre/,detail
Szolnok,ville,Hongrie,hongrie,Marlboro,2026-04-26,6.03,2202,Ft (HUF),Forint,6.03,6.03,6.31,2202,2202,2304,2026-04-26,2026,https://www.combien-coute.net/cigarette/hongrie/szolnok/,https://www.combien-coute.net/cigarette/hongrie/szolnok/,detail
Szombathely,ville,Hongrie,hongrie,Marlboro,2026-04-27,7.39,2699,Ft (HUF),Forint,7.39,6.29,8.21,2699,2297,2998,2026-04-27,2026,https://www.combien-coute.net/cigarette/hongrie/szombathely/,https://www.combien-coute.net/cigarette/hongrie/szombathely/,detail
Zalaegerszeg,ville,Hongrie,hongrie,Marlboro,2026-04-27,6.84,2498,Ft (HUF),Forint,6.84,6.57,8.21,2498,2399,2998,2026-04-27,2026,https://www.combien-coute.net/cigarette/hongrie/zalaegerszeg/,https://www.combien-coute.net/cigarette/hongrie/zalaegerszeg/,detail
Agartala,ville,Inde,inde,Marlboro,2026-04-28,2.72,301,Rs. (INR),Roupie indienne,2.72,2.72,3.17,301,301,350,2026-04-28,2026,https://www.combien-coute.net/cigarette/inde/agartala/,https://www.combien-coute.net/cigarette/inde/agartala/,detail
Agra (Taj Mahal),ville,Inde,inde,Marlboro,2026-04-19,3.12,340,Rs. (INR),Roupie indienne,3.12,1.83,3.67,340,200,400,2026-04-19,2026,https://www.combien-coute.net/cigarette/inde/taj-mahal-agra/,https://www.combien-coute.net/cigarette/inde/taj-mahal-agra/,detail
Ahmedabad,ville,Inde,inde,Marlboro,2026-04-28,3.21,355,Rs. (INR),Roupie indienne,3.21,3.08,3.62,355,340,400,2026-04-28,2026,https://www.combien-coute.net/cigarette/inde/ahmedabad/,https://www.combien-coute.net/cigarette/inde/ahmedabad/,detail
Balasore,ville,Inde,inde,Marlboro,2026-04-28,2.72,301,Rs. (INR),Roupie indienne,2.72,1.36,4.34,301,150,480,2026-04-28,2026,https://www.combien-coute.net/cigarette/inde/balasore/,https://www.combien-coute.net/cigarette/inde/balasore/,detail
Bangalore - Karnataka,ville,Inde,inde,Marlboro,2026-04-29,3.25,359,Rs. (INR),Roupie indienne,3.25,2.26,3.61,359,250,399,2026-04-29,2026,https://www.combien-coute.net/cigarette/inde/bangalore-karnataka/,https://www.combien-coute.net/cigarette/inde/bangalore-karnataka/,detail
Bhavnagar,ville,Inde,inde,Marlboro,2026-04-28,3.17,350,Rs. (INR),Roupie indienne,3.17,2.72,3.62,350,301,400,2026-04-28,2026,https://www.combien-coute.net/cigarette/inde/bhavnagar/,https://www.combien-coute.net/cigarette/inde/bhavnagar/,detail
Bhopal,ville,Inde,inde,Marlboro,2026-04-28,2.72,301,Rs. (INR),Roupie indienne,2.72,1.63,3.17,301,180,350,2026-04-28,2026,https://www.combien-coute.net/cigarette/inde/bhopal/,https://www.combien-coute.net/cigarette/inde/bhopal/,detail
Bombay (Mumbaï),ville,Inde,inde,Marlboro,2026-04-28,3.17,350,Rs. (INR),Roupie indienne,3.17,2.72,3.89,350,301,430,2026-04-28,2026,https://www.combien-coute.net/cigarette/inde/bombay-mumbai-maharashtra/,https://www.combien-coute.net/cigarette/inde/bombay-mumbai-maharashtra/,detail
Calcutta - Bengale-Occidental,ville,Inde,inde,Marlboro,2026-04-29,3.16,349,Rs. (INR),Roupie indienne,3.16,2.71,4.33,349,300,479,2026-04-29,2026,https://www.combien-coute.net/cigarette/inde/calcutta-bengale-occidental/,https://www.combien-coute.net/cigarette/inde/calcutta-bengale-occidental/,detail
Chandigarh,ville,Inde,inde,Marlboro,2026-04-17,3.26,359,Rs. (INR),Roupie indienne,3.26,1.82,3.65,359,201,402,2026-04-17,2026,https://www.combien-coute.net/cigarette/inde/chandigarh/,https://www.combien-coute.net/cigarette/inde/chandigarh/,detail
Chennai (Madras),ville,Inde,inde,Marlboro,2026-04-24,3.09,340,Rs. (INR),Roupie indienne,3.09,2,4.09,340,220,451,2026-04-24,2026,https://www.combien-coute.net/cigarette/inde/chennai/,https://www.combien-coute.net/cigarette/inde/chennai/,detail
Coimbatore,ville,Inde,inde,Marlboro,2026-04-28,3.26,360,Rs. (INR),Roupie indienne,3.26,3.17,4.89,360,350,540,2026-04-28,2026,https://www.combien-coute.net/cigarette/inde/coimbatore/,https://www.combien-coute.net/cigarette/inde/coimbatore/,detail
Dharamsala,ville,Inde,inde,Marlboro,2026-04-24,2.95,325,Rs. (INR),Roupie indienne,2.95,1.82,3.64,325,200,401,2026-04-24,2026,https://www.combien-coute.net/cigarette/inde/dharamsala/,https://www.combien-coute.net/cigarette/inde/dharamsala/,detail
Dibrugarh,ville,Inde,inde,Marlboro,2026-04-28,4.53,501,Rs. (INR),Roupie indienne,4.53,1.81,7.24,501,200,800,2026-04-28,2026,https://www.combien-coute.net/cigarette/inde/dibrugarh/,https://www.combien-coute.net/cigarette/inde/dibrugarh/,detail
Goa,ville,Inde,inde,Marlboro,2026-04-24,2.71,,Rs. (INR),Roupie indienne,2.71,,,,,,2026-04-24,2026,https://www.combien-coute.net/cigarette/inde/goa/,https://www.combien-coute.net/cigarette/inde/,liste_parent
Guwahati,ville,Inde,inde,Marlboro,2026-04-28,3.62,400,Rs. (INR),Roupie indienne,3.62,1.81,4.53,400,200,501,2026-04-28,2026,https://www.combien-coute.net/cigarette/inde/guwahati/,https://www.combien-coute.net/cigarette/inde/guwahati/,detail
Haridwar,ville,Inde,inde,Marlboro,2026-04-27,3.17,350,Rs. (INR),Roupie indienne,3.17,2.72,4.35,350,301,481,2026-04-27,2026,https://www.combien-coute.net/cigarette/inde/haridwar/,https://www.combien-coute.net/cigarette/inde/haridwar/,detail
Hyderabad,ville,Inde,inde,Marlboro,2026-04-23,3.19,352,Rs. (INR),Roupie indienne,3.19,2.91,4.92,352,321,542,2026-04-23,2026,https://www.combien-coute.net/cigarette/inde/hyderabad/,https://www.combien-coute.net/cigarette/inde/hyderabad/,detail
Imphal,ville,Inde,inde,Marlboro,2026-04-29,3.16,349,Rs. (INR),Roupie indienne,3.16,2.71,3.61,349,300,399,2026-04-29,2026,https://www.combien-coute.net/cigarette/inde/imphal/,https://www.combien-coute.net/cigarette/inde/imphal/,detail
Indore,ville,Inde,inde,Marlboro,2026-04-28,3.2,354,Rs. (INR),Roupie indienne,3.2,3.08,3.62,354,340,400,2026-04-28,2026,https://www.combien-coute.net/cigarette/inde/indore/,https://www.combien-coute.net/cigarette/inde/indore/,detail
Jamnagar,ville,Inde,inde,Marlboro,2026-04-28,3.21,355,Rs. (INR),Roupie indienne,3.21,3.08,3.62,355,340,400,2026-04-28,2026,https://www.combien-coute.net/cigarette/inde/jamnagar/,https://www.combien-coute.net/cigarette/inde/jamnagar/,detail
Kakinada,ville,Inde,inde,Marlboro,2026-04-29,3.25,359,Rs. (INR),Roupie indienne,3.25,1.8,4.51,359,199,499,2026-04-29,2026,https://www.combien-coute.net/cigarette/inde/kakinada/,https://www.combien-coute.net/cigarette/inde/kakinada/,detail
Kanpur,ville,Inde,inde,Marlboro,2026-04-29,3.16,349,Rs. (INR),Roupie indienne,3.16,3.07,4.51,349,339,499,2026-04-29,2026,https://www.combien-coute.net/cigarette/inde/kanpur/,https://www.combien-coute.net/cigarette/inde/kanpur/,detail
Karaikal,ville,Inde,inde,Marlboro,2026-04-28,2.35,260,Rs. (INR),Roupie indienne,2.35,1.99,4.07,260,220,450,2026-04-28,2026,https://www.combien-coute.net/cigarette/inde/karaikal/,https://www.combien-coute.net/cigarette/inde/karaikal/,detail
Karwar,ville,Inde,inde,Marlboro,2026-04-14,2.7,294,Rs. (INR),Roupie indienne,2.7,2.25,3.6,294,245,393,2026-04-14,2026,https://www.combien-coute.net/cigarette/inde/karwar/,https://www.combien-coute.net/cigarette/inde/karwar/,detail
Le Rajasthan,ville,Inde,inde,Marlboro,2026-04-24,3.24,,Rs. (INR),Roupie indienne,3.24,,,,,,2026-04-24,2026,https://www.combien-coute.net/cigarette/inde/jaipur-rajasthan/,https://www.combien-coute.net/cigarette/inde/,liste_parent
Ludhiana,ville,Inde,inde,Marlboro,2026-04-29,2.84,314,Rs. (INR),Roupie indienne,2.84,1.62,3.61,314,179,399,2026-04-29,2026,https://www.combien-coute.net/cigarette/inde/ludhiana/,https://www.combien-coute.net/cigarette/inde/ludhiana/,detail
Madurai,ville,Inde,inde,Marlboro,2026-04-28,3.44,380,Rs. (INR),Roupie indienne,3.44,3.08,4.53,380,340,501,2026-04-28,2026,https://www.combien-coute.net/cigarette/inde/madurai/,https://www.combien-coute.net/cigarette/inde/madurai/,detail
Manali,ville,Inde,inde,Marlboro,2026-04-23,3.25,358,Rs. (INR),Roupie indienne,3.25,1.82,3.64,358,201,401,2026-04-23,2026,https://www.combien-coute.net/cigarette/inde/manali/,https://www.combien-coute.net/cigarette/inde/manali/,detail
Mangalore,ville,Inde,inde,Marlboro,2026-04-28,2.26,250,Rs. (INR),Roupie indienne,2.26,2.08,4.07,250,230,450,2026-04-28,2026,https://www.combien-coute.net/cigarette/inde/mangalore/,https://www.combien-coute.net/cigarette/inde/mangalore/,detail
Mysore,ville,Inde,inde,Marlboro,2026-04-16,2.9,319,Rs. (INR),Roupie indienne,2.9,2.27,3.63,319,250,399,2026-04-16,2026,https://www.combien-coute.net/cigarette/inde/mysore/,https://www.combien-coute.net/cigarette/inde/mysore/,detail
Nagercoil,ville,Inde,inde,Marlboro,2026-04-28,2.27,251,Rs. (INR),Roupie indienne,2.27,2.27,4.53,251,251,501,2026-04-28,2026,https://www.combien-coute.net/cigarette/inde/nagercoil/,https://www.combien-coute.net/cigarette/inde/nagercoil/,detail
Nagpur,ville,Inde,inde,Marlboro,2026-04-14,3.6,393,Rs. (INR),Roupie indienne,3.6,2.7,4.5,393,294,491,2026-04-14,2026,https://www.combien-coute.net/cigarette/inde/nagpur/,https://www.combien-coute.net/cigarette/inde/nagpur/,detail
Nainital,ville,Inde,inde,Marlboro,2026-04-27,3.08,340,Rs. (INR),Roupie indienne,3.08,2.99,3.63,340,330,401,2026-04-27,2026,https://www.combien-coute.net/cigarette/inde/nainital/,https://www.combien-coute.net/cigarette/inde/nainital/,detail
Nashik,ville,Inde,inde,Marlboro,2026-04-28,3.62,400,Rs. (INR),Roupie indienne,3.62,2.26,4.71,400,250,521,2026-04-28,2026,https://www.combien-coute.net/cigarette/inde/nashik/,https://www.combien-coute.net/cigarette/inde/nashik/,detail
Nellore,ville,Inde,inde,Marlboro,2026-04-28,2.94,325,Rs. (INR),Roupie indienne,2.94,2.72,4.53,325,301,501,2026-04-28,2026,https://www.combien-coute.net/cigarette/inde/nellore/,https://www.combien-coute.net/cigarette/inde/nellore/,detail
New Delhi,ville,Inde,inde,Marlboro,2026-04-29,3.16,349,Rs. (INR),Roupie indienne,3.16,2.71,4.33,349,300,479,2026-04-29,2026,https://www.combien-coute.net/cigarette/inde/new-delhi/,https://www.combien-coute.net/cigarette/inde/new-delhi/,detail
Pondichéry,ville,Inde,inde,Marlboro,2026-04-23,3.1,342,Rs. (INR),Roupie indienne,3.1,1.5,3.64,342,165,401,2026-04-23,2026,https://www.combien-coute.net/cigarette/inde/pondichery/,https://www.combien-coute.net/cigarette/inde/pondichery/,detail
Pune,ville,Inde,inde,Marlboro,2025-11-25,3.5,360,Rs. (INR),Roupie indienne,3.5,3.31,3.89,360,340,400,2025-11-25,2026,https://www.combien-coute.net/cigarette/inde/pune/,https://www.combien-coute.net/cigarette/inde/pune/,detail
Rajkot,ville,Inde,inde,Marlboro,2026-05-01,2.02,225,Rs. (INR),Roupie indienne,2.02,1.8,3.24,225,200,361,2026-05-01,2026,https://www.combien-coute.net/cigarette/inde/rajkot/,https://www.combien-coute.net/cigarette/inde/rajkot/,detail
Ramanathapuram,ville,Inde,inde,Marlboro,2025-12-28,3.59,380,Rs. (INR),Roupie indienne,3.59,3.22,5.67,380,340,600,2025-12-28,2026,https://www.combien-coute.net/cigarette/inde/ramanathapuram/,https://www.combien-coute.net/cigarette/inde/ramanathapuram/,detail
Sambalpur,ville,Inde,inde,Marlboro,2026-04-28,2.81,311,Rs. (INR),Roupie indienne,2.81,1.81,3.62,311,200,400,2026-04-28,2026,https://www.combien-coute.net/cigarette/inde/sambalpur/,https://www.combien-coute.net/cigarette/inde/sambalpur/,detail
Shimla (Himachal Pradesh),ville,Inde,inde,Marlboro,2026-04-19,3.67,400,Rs. (INR),Roupie indienne,3.67,3.03,4.59,400,330,500,2026-04-19,2026,https://www.combien-coute.net/cigarette/inde/shimla-himachal-pradesh/,https://www.combien-coute.net/cigarette/inde/shimla-himachal-pradesh/,detail
Surate,ville,Inde,inde,Marlboro,2026-04-17,3.19,351,Rs. (INR),Roupie indienne,3.19,2.74,3.32,351,302,366,2026-04-17,2026,https://www.combien-coute.net/cigarette/inde/surate/,https://www.combien-coute.net/cigarette/inde/surate/,detail
Vadodara,ville,Inde,inde,Marlboro,2026-04-28,3.28,363,Rs. (INR),Roupie indienne,3.28,3.17,3.29,363,350,364,2026-04-28,2026,https://www.combien-coute.net/cigarette/inde/vadodara/,https://www.combien-coute.net/cigarette/inde/vadodara/,detail
Varanasi (Bénarès) - Uttar Pradesh,ville,Inde,inde,Marlboro,2026-04-28,2.17,240,Rs. (INR),Roupie indienne,2.17,1.63,3.44,240,180,380,2026-04-28,2026,https://www.combien-coute.net/cigarette/inde/varanasi-uttar-pradesh/,https://www.combien-coute.net/cigarette/inde/varanasi-uttar-pradesh/,detail
Veraval,ville,Inde,inde,Marlboro,2026-04-28,2.04,225,Rs. (INR),Roupie indienne,2.04,1.81,3.26,225,200,360,2026-04-28,2026,https://www.combien-coute.net/cigarette/inde/veraval/,https://www.combien-coute.net/cigarette/inde/veraval/,detail
Visakhapatnam,ville,Inde,inde,Marlboro,2025-11-25,3.65,375,Rs. (INR),Roupie indienne,3.65,1.95,5.84,375,200,600,2025-11-25,2026,https://www.combien-coute.net/cigarette/inde/visakhapatnam/,https://www.combien-coute.net/cigarette/inde/visakhapatnam/,detail
Bali,ville,Indonésie,indonesie,Marlboro,2026-04-23,1.88,,IDR,Monnaie,1.88,,,,,,2026-04-23,2026,https://www.combien-coute.net/cigarette/indonesie/bali/,https://www.combien-coute.net/cigarette/indonesie/,liste_parent
Java,ville,Indonésie,indonesie,Marlboro,2026-04-23,1.57,,IDR,Monnaie,1.57,,,,,,2026-04-23,2026,https://www.combien-coute.net/cigarette/indonesie/java-jakarta/,https://www.combien-coute.net/cigarette/indonesie/,liste_parent
Lombok,ville,Indonésie,indonesie,Marlboro,2026-04-23,1.46,,IDR,Monnaie,1.46,,,,,,2026-04-23,2026,https://www.combien-coute.net/cigarette/indonesie/lombok/,https://www.combien-coute.net/cigarette/indonesie/,liste_parent
Sumatra,ville,Indonésie,indonesie,Marlboro,2026-04-23,1.29,,IDR,Monnaie,1.29,,,,,,2026-04-23,2026,https://www.combien-coute.net/cigarette/indonesie/sumatra-medan/,https://www.combien-coute.net/cigarette/indonesie/,liste_parent
Abadan,ville,Iran,iran,Marlboro,2024-11-26,0.95,41772,IRR,Rial iranien,0.95,,,41772,,,2024-11-26,2026,https://www.combien-coute.net/cigarette/iran/abadan/,https://www.combien-coute.net/cigarette/iran/abadan/,detail
Arak,ville,Iran,iran,Marlboro,2026-04-28,2.13,3290424,IRR,Rial iranien,2.13,1.71,2.56,3290424,2641608,3954688,2026-04-28,2026,https://www.combien-coute.net/cigarette/iran/arak/,https://www.combien-coute.net/cigarette/iran/arak/,detail
Chiraz,ville,Iran,iran,Marlboro,2026-04-20,2.56,3982848,IRR,Rial iranien,2.56,2.13,2.66,3982848,3313854,4138428,2026-04-20,2026,https://www.combien-coute.net/cigarette/iran/chiraz/,https://www.combien-coute.net/cigarette/iran/chiraz/,detail
Gorgan,ville,Iran,iran,Marlboro,2017-11-21,1.23,50000,IRR,Rial iranien,1.23,1.23,1.23,50000,50000,50000,2017-11-21,2026,https://www.combien-coute.net/cigarette/iran/gorgan/,https://www.combien-coute.net/cigarette/iran/gorgan/,detail
Hamadan,ville,Iran,iran,Marlboro,2026-04-29,1.28,1967386,IRR,Rial iranien,1.28,1.28,2.56,1967386,1967386,3934771,2026-04-29,2026,https://www.combien-coute.net/cigarette/iran/hamadan/,https://www.combien-coute.net/cigarette/iran/hamadan/,detail
Ilam,ville,Iran,iran,Marlboro,2023-07-23,0.58,27040,IRR,Rial iranien,0.58,0.25,0.9,27040,11830,42250,2023-07-23,2026,https://www.combien-coute.net/cigarette/iran/ilam/,https://www.combien-coute.net/cigarette/iran/ilam/,detail
Ispahan,ville,Iran,iran,Marlboro,2026-04-20,1.79,2784882,IRR,Rial iranien,1.79,0.85,2.56,2784882,1322430,3982848,2026-04-20,2026,https://www.combien-coute.net/cigarette/iran/ispahan/,https://www.combien-coute.net/cigarette/iran/ispahan/,detail
Karaj,ville,Iran,iran,Marlboro,2026-04-30,2.14,3294958,IRR,Rial iranien,2.14,1.71,3.74,3294958,2632887,5758478,2026-04-30,2026,https://www.combien-coute.net/cigarette/iran/karaj/,https://www.combien-coute.net/cigarette/iran/karaj/,detail
Kerman,ville,Iran,iran,Marlboro,2026-04-28,1.28,1977344,IRR,Rial iranien,1.28,1.28,1.28,1977344,1977344,1977344,2026-04-28,2026,https://www.combien-coute.net/cigarette/iran/kerman/,https://www.combien-coute.net/cigarette/iran/kerman/,detail
Malayer,ville,Iran,iran,Marlboro,2017-11-21,1.98,80888,IRR,Rial iranien,1.98,1.84,2.45,80888,75000,100000,2017-11-21,2026,https://www.combien-coute.net/cigarette/iran/malayer/,https://www.combien-coute.net/cigarette/iran/malayer/,detail
Qazvin,ville,Iran,iran,Marlboro,2026-04-29,2.13,3273853,IRR,Rial iranien,2.13,1.71,2.56,3273853,2628304,3934771,2026-04-29,2026,https://www.combien-coute.net/cigarette/iran/qazvin/,https://www.combien-coute.net/cigarette/iran/qazvin/,detail
Rasht,ville,Iran,iran,Marlboro,2026-04-29,1.4,2151828,IRR,Rial iranien,1.4,0.85,2.56,2151828,1306467,3934771,2026-04-29,2026,https://www.combien-coute.net/cigarette/iran/rasht/,https://www.combien-coute.net/cigarette/iran/rasht/,detail
Sabzevar,ville,Iran,iran,Marlboro,2017-11-21,1.72,70000,IRR,Rial iranien,1.72,1.28,2.45,70000,52066,100000,2017-11-21,2026,https://www.combien-coute.net/cigarette/iran/sabzevar/,https://www.combien-coute.net/cigarette/iran/sabzevar/,detail
Tabriz,ville,Iran,iran,Marlboro,2026-04-24,1.8,2780730,IRR,Rial iranien,1.8,1.71,3.42,2780730,2641694,5283387,2026-04-24,2026,https://www.combien-coute.net/cigarette/iran/tabriz/,https://www.combien-coute.net/cigarette/iran/tabriz/,detail
Téhéran,ville,Iran,iran,Marlboro,2026-04-29,2.13,3273853,IRR,Rial iranien,2.13,1.71,2.56,3273853,2628304,3934771,2026-04-29,2026,https://www.combien-coute.net/cigarette/iran/teheran/,https://www.combien-coute.net/cigarette/iran/teheran/,detail
Yazd,ville,Iran,iran,Marlboro,2017-11-21,1.72,70000,IRR,Rial iranien,1.72,1.47,2.94,70000,60000,120000,2017-11-21,2026,https://www.combien-coute.net/cigarette/iran/yazd/,https://www.combien-coute.net/cigarette/iran/yazd/,detail
Zanjan,ville,Iran,iran,Marlboro,2026-04-30,1.71,2632887,IRR,Rial iranien,1.71,1.28,3.43,2632887,1970816,5281171,2026-04-30,2026,https://www.combien-coute.net/cigarette/iran/zanjan/,https://www.combien-coute.net/cigarette/iran/zanjan/,detail
Arklow,ville,Irlande,irlande,Marlboro,2026-05-01,14.8,,,,14.8,14.8,20,,,,2026-05-01,2026,https://www.combien-coute.net/cigarette/irlande/arklow/,https://www.combien-coute.net/cigarette/irlande/arklow/,detail
Athlone,ville,Irlande,irlande,Marlboro,2026-04-29,18,,,,18,14.5,25,,,,2026-04-29,2026,https://www.combien-coute.net/cigarette/irlande/athlone/,https://www.combien-coute.net/cigarette/irlande/athlone/,detail
Ballina,ville,Irlande,irlande,Marlboro,2017-11-20,25.78,,,,25.78,25.78,25.78,,,,2017-11-20,2026,https://www.combien-coute.net/cigarette/irlande/ballina/,https://www.combien-coute.net/cigarette/irlande/ballina/,detail
Bray,ville,Irlande,irlande,Marlboro,2026-04-29,18,,,,18,17.5,20,,,,2026-04-29,2026,https://www.combien-coute.net/cigarette/irlande/bray/,https://www.combien-coute.net/cigarette/irlande/bray/,detail
Carlow,ville,Irlande,irlande,Marlboro,2026-04-29,16.5,,,,16.5,15,19,,,,2026-04-29,2026,https://www.combien-coute.net/cigarette/irlande/carlow/,https://www.combien-coute.net/cigarette/irlande/carlow/,detail
Castlebar,ville,Irlande,irlande,Marlboro,2026-04-28,13.57,,,,13.57,11,20,,,,2026-04-28,2026,https://www.combien-coute.net/cigarette/irlande/castlebar/,https://www.combien-coute.net/cigarette/irlande/castlebar/,detail
Cavan,ville,Irlande,irlande,Marlboro,2026-04-29,16.1,,,,16.1,15,17.2,,,,2026-04-29,2026,https://www.combien-coute.net/cigarette/irlande/cavan/,https://www.combien-coute.net/cigarette/irlande/cavan/,detail
Cork,ville,Irlande,irlande,Marlboro,2026-04-13,18,,,,18,17.5,20,,,,2026-04-13,2026,https://www.combien-coute.net/cigarette/irlande/cork/,https://www.combien-coute.net/cigarette/irlande/cork/,detail
Dingle,ville,Irlande,irlande,Marlboro,2026-04-29,19,,,,19,18,20,,,,2026-04-29,2026,https://www.combien-coute.net/cigarette/irlande/dingle/,https://www.combien-coute.net/cigarette/irlande/dingle/,detail
Donegal,ville,Irlande,irlande,Marlboro,2026-04-26,18.5,,,,18.5,16.5,20,,,,2026-04-26,2026,https://www.combien-coute.net/cigarette/irlande/donegal/,https://www.combien-coute.net/cigarette/irlande/donegal/,detail
Drogheda,ville,Irlande,irlande,Marlboro,2026-04-28,18,,,,18,15.45,20,,,,2026-04-28,2026,https://www.combien-coute.net/cigarette/irlande/drogheda/,https://www.combien-coute.net/cigarette/irlande/drogheda/,detail
Dublin,ville,Irlande,irlande,Marlboro,2025-11-24,18.07,,,,18.07,17.5,20,,,,2025-11-24,2026,https://www.combien-coute.net/cigarette/irlande/dublin/,https://www.combien-coute.net/cigarette/irlande/dublin/,detail
Dundalk,ville,Irlande,irlande,Marlboro,2026-04-28,16.5,,,,16.5,15,20,,,,2026-04-28,2026,https://www.combien-coute.net/cigarette/irlande/dundalk/,https://www.combien-coute.net/cigarette/irlande/dundalk/,detail
Ennis,ville,Irlande,irlande,Marlboro,2026-04-30,19,,,,19,18,20,,,,2026-04-30,2026,https://www.combien-coute.net/cigarette/irlande/ennis/,https://www.combien-coute.net/cigarette/irlande/ennis/,detail
Enniscorthy,ville,Irlande,irlande,Marlboro,2026-04-29,14.5,,,,14.5,14.5,19,,,,2026-04-29,2026,https://www.combien-coute.net/cigarette/irlande/enniscorthy/,https://www.combien-coute.net/cigarette/irlande/enniscorthy/,detail
Galway,ville,Irlande,irlande,Marlboro,2026-04-24,18.2,,,,18.2,18,19,,,,2026-04-24,2026,https://www.combien-coute.net/cigarette/irlande/galway/,https://www.combien-coute.net/cigarette/irlande/galway/,detail
Greystones,ville,Irlande,irlande,Marlboro,2026-04-30,13.5,,,,13.5,12,16.5,,,,2026-04-30,2026,https://www.combien-coute.net/cigarette/irlande/greystones/,https://www.combien-coute.net/cigarette/irlande/greystones/,detail
Kilkenny,ville,Irlande,irlande,Marlboro,2026-04-27,18,,,,18,15.5,19,,,,2026-04-27,2026,https://www.combien-coute.net/cigarette/irlande/kilkenny/,https://www.combien-coute.net/cigarette/irlande/kilkenny/,detail
Killarney,ville,Irlande,irlande,Marlboro,2026-04-26,15.5,,,,15.5,15,20,,,,2026-04-26,2026,https://www.combien-coute.net/cigarette/irlande/killarney/,https://www.combien-coute.net/cigarette/irlande/killarney/,detail
Letterkenny,ville,Irlande,irlande,Marlboro,2026-04-28,16,,,,16,15.5,19.5,,,,2026-04-28,2026,https://www.combien-coute.net/cigarette/irlande/letterkenny/,https://www.combien-coute.net/cigarette/irlande/letterkenny/,detail
Limerick,ville,Irlande,irlande,Marlboro,2026-04-27,18.5,,,,18.5,16.5,19.5,,,,2026-04-27,2026,https://www.combien-coute.net/cigarette/irlande/limerick/,https://www.combien-coute.net/cigarette/irlande/limerick/,detail
Longford,ville,Irlande,irlande,Marlboro,2026-04-29,17.5,,,,17.5,17.5,20,,,,2026-04-29,2026,https://www.combien-coute.net/cigarette/irlande/longford/,https://www.combien-coute.net/cigarette/irlande/longford/,detail
Malahide,ville,Irlande,irlande,Marlboro,2024-11-24,15,,,,15,,,,,,2024-11-24,2026,https://www.combien-coute.net/cigarette/irlande/malahide/,https://www.combien-coute.net/cigarette/irlande/malahide/,detail
Mallow,ville,Irlande,irlande,Marlboro,2026-04-29,19,,,,19,18,20,,,,2026-04-29,2026,https://www.combien-coute.net/cigarette/irlande/mallow/,https://www.combien-coute.net/cigarette/irlande/mallow/,detail
Monaghan,ville,Irlande,irlande,Marlboro,2026-04-29,15,,,,15,,,,,,2026-04-29,2026,https://www.combien-coute.net/cigarette/irlande/monaghan/,https://www.combien-coute.net/cigarette/irlande/monaghan/,detail
Naas,ville,Irlande,irlande,Marlboro,2026-04-29,18,,,,18,17.5,20,,,,2026-04-29,2026,https://www.combien-coute.net/cigarette/irlande/naas/,https://www.combien-coute.net/cigarette/irlande/naas/,detail
Navan,ville,Irlande,irlande,Marlboro,2026-04-29,16,,,,16,16,20,,,,2026-04-29,2026,https://www.combien-coute.net/cigarette/irlande/navan/,https://www.combien-coute.net/cigarette/irlande/navan/,detail
Portlaoise,ville,Irlande,irlande,Marlboro,2026-04-29,15,,,,15,15,20,,,,2026-04-29,2026,https://www.combien-coute.net/cigarette/irlande/portlaoise/,https://www.combien-coute.net/cigarette/irlande/portlaoise/,detail
Roscommon,ville,Irlande,irlande,Marlboro,2026-04-29,18,,,,18,17.5,20,,,,2026-04-29,2026,https://www.combien-coute.net/cigarette/irlande/roscommon/,https://www.combien-coute.net/cigarette/irlande/roscommon/,detail
Shannon,ville,Irlande,irlande,Marlboro,2026-04-14,18.5,,,,18.5,16.5,19.5,,,,2026-04-14,2026,https://www.combien-coute.net/cigarette/irlande/shannon/,https://www.combien-coute.net/cigarette/irlande/shannon/,detail
Sligo,ville,Irlande,irlande,Marlboro,2026-04-29,15.5,,,,15.5,15.2,20,,,,2026-04-29,2026,https://www.combien-coute.net/cigarette/irlande/sligo/,https://www.combien-coute.net/cigarette/irlande/sligo/,detail
Tralee,ville,Irlande,irlande,Marlboro,2026-04-29,15.5,,,,15.5,14.5,20,,,,2026-04-29,2026,https://www.combien-coute.net/cigarette/irlande/tralee/,https://www.combien-coute.net/cigarette/irlande/tralee/,detail
Tullamore,ville,Irlande,irlande,Marlboro,2026-04-29,18,,,,18,17.5,20,,,,2026-04-29,2026,https://www.combien-coute.net/cigarette/irlande/tullamore/,https://www.combien-coute.net/cigarette/irlande/tullamore/,detail
Waterford,ville,Irlande,irlande,Marlboro,2026-04-28,16,,,,16,15,17,,,,2026-04-28,2026,https://www.combien-coute.net/cigarette/irlande/waterford/,https://www.combien-coute.net/cigarette/irlande/waterford/,detail
Westport,ville,Irlande,irlande,Marlboro,2026-04-29,18,,,,18,15,25,,,,2026-04-29,2026,https://www.combien-coute.net/cigarette/irlande/westport/,https://www.combien-coute.net/cigarette/irlande/westport/,detail
Wexford,ville,Irlande,irlande,Marlboro,2026-04-22,18.2,,,,18.2,15.3,24,,,,2026-04-22,2026,https://www.combien-coute.net/cigarette/irlande/wexford/,https://www.combien-coute.net/cigarette/irlande/wexford/,detail
Wicklow,ville,Irlande,irlande,Marlboro,2026-04-29,18,,,,18,16.5,27,,,,2026-04-29,2026,https://www.combien-coute.net/cigarette/irlande/wicklow/,https://www.combien-coute.net/cigarette/irlande/wicklow/,detail
Belfast,ville,Irlande du nord,irlande-du-nord,Marlboro,2026-04-21,20.38,18,£ (GBP),livre sterling,20.38,17.22,22.96,18,15,20,2026-04-21,2026,https://www.combien-coute.net/cigarette/irlande-du-nord/belfast/,https://www.combien-coute.net/cigarette/irlande-du-nord/belfast/,detail
Akranes,ville,Islande,islande,Marlboro,2026-04-30,11.82,1692,ISK,Couronne islandaise,11.82,10.43,14.6,1692,1493,2090,2026-04-30,2026,https://www.combien-coute.net/cigarette/islande/akranes/,https://www.combien-coute.net/cigarette/islande/akranes/,detail
Akureyri,ville,Islande,islande,Marlboro,2026-04-20,11.64,1673,ISK,Couronne islandaise,11.64,10.46,12.83,1673,1503,1844,2026-04-20,2026,https://www.combien-coute.net/cigarette/islande/akureyri/,https://www.combien-coute.net/cigarette/islande/akureyri/,detail
Borgarnes,ville,Islande,islande,Marlboro,2026-04-29,11.87,1702,ISK,Couronne islandaise,11.87,10.47,12.64,1702,1501,1813,2026-04-29,2026,https://www.combien-coute.net/cigarette/islande/borgarnes/,https://www.combien-coute.net/cigarette/islande/borgarnes/,detail
Dalvik,ville,Islande,islande,Marlboro,2024-01-29,10.09,1500,ISK,Couronne islandaise,10.09,10.09,10.09,1500,1500,1500,2024-01-29,2026,https://www.combien-coute.net/cigarette/islande/dalvik/,https://www.combien-coute.net/cigarette/islande/dalvik/,detail
Kópavogur,ville,Islande,islande,Marlboro,2026-04-29,11.87,1702,ISK,Couronne islandaise,11.87,10.47,13.2,1702,1501,1893,2026-04-29,2026,https://www.combien-coute.net/cigarette/islande/kopavogur/,https://www.combien-coute.net/cigarette/islande/kopavogur/,detail
Reykjavík,ville,Islande,islande,Marlboro,2025-11-24,11.57,1701,ISK,Couronne islandaise,11.57,10.21,12.32,1701,1501,1812,2025-11-24,2026,https://www.combien-coute.net/cigarette/islande/reykjavik/,https://www.combien-coute.net/cigarette/islande/reykjavik/,detail
Selfoss,ville,Islande,islande,Marlboro,2026-04-24,13.14,1889,ISK,Couronne islandaise,13.14,,,1889,,,2026-04-24,2026,https://www.combien-coute.net/cigarette/islande/selfoss/,https://www.combien-coute.net/cigarette/islande/selfoss/,detail
Acre,ville,Israël (et Palestine),isra-l-palestine,Marlboro,2026-04-29,11.55,40,₪ (ILS),Shekel,11.55,10.4,12.71,40,36,44,2026-04-29,2026,https://www.combien-coute.net/cigarette/isra-l-palestine/acre/,https://www.combien-coute.net/cigarette/isra-l-palestine/acre/,detail
Ariel,ville,Israël (et Palestine),isra-l-palestine,Marlboro,2026-05-01,10.1,35,₪ (ILS),Shekel,10.1,10.1,13.57,35,35,47,2026-05-01,2026,https://www.combien-coute.net/cigarette/isra-l-palestine/ariel/,https://www.combien-coute.net/cigarette/isra-l-palestine/ariel/,detail
Ashdod,ville,Israël (et Palestine),isra-l-palestine,Marlboro,2026-04-29,11.55,40,₪ (ILS),Shekel,11.55,10.98,14.44,40,38,50,2026-04-29,2026,https://www.combien-coute.net/cigarette/isra-l-palestine/ashdod/,https://www.combien-coute.net/cigarette/isra-l-palestine/ashdod/,detail
Ashqelon,ville,Israël (et Palestine),isra-l-palestine,Marlboro,2026-04-29,10.69,37,₪ (ILS),Shekel,10.69,10.11,14.44,37,35,50,2026-04-29,2026,https://www.combien-coute.net/cigarette/isra-l-palestine/ashqelon/,https://www.combien-coute.net/cigarette/isra-l-palestine/ashqelon/,detail
Bat Yam,ville,Israël (et Palestine),isra-l-palestine,Marlboro,2026-04-29,11.55,40,₪ (ILS),Shekel,11.55,10.11,12.13,40,35,42,2026-04-29,2026,https://www.combien-coute.net/cigarette/isra-l-palestine/bat-yam/,https://www.combien-coute.net/cigarette/isra-l-palestine/bat-yam/,detail
Beer-Sheva,ville,Israël (et Palestine),isra-l-palestine,Marlboro,2026-04-13,12.14,43,₪ (ILS),Shekel,12.14,11.29,14.12,43,40,50,2026-04-13,2026,https://www.combien-coute.net/cigarette/isra-l-palestine/beer-sheva/,https://www.combien-coute.net/cigarette/isra-l-palestine/beer-sheva/,detail
Bet Shemesh,ville,Israël (et Palestine),isra-l-palestine,Marlboro,2026-04-29,10.69,37,₪ (ILS),Shekel,10.69,9.24,15.02,37,32,52,2026-04-29,2026,https://www.combien-coute.net/cigarette/isra-l-palestine/bet-shemesh/,https://www.combien-coute.net/cigarette/isra-l-palestine/bet-shemesh/,detail
Hadera,ville,Israël (et Palestine),isra-l-palestine,Marlboro,2026-04-29,11.55,40,₪ (ILS),Shekel,11.55,10.69,11.55,40,37,40,2026-04-29,2026,https://www.combien-coute.net/cigarette/isra-l-palestine/hadera/,https://www.combien-coute.net/cigarette/isra-l-palestine/hadera/,detail
Haïfa,ville,Israël (et Palestine),isra-l-palestine,Marlboro,2026-04-20,11.52,40,₪ (ILS),Shekel,11.52,10.37,12.67,40,36,44,2026-04-20,2026,https://www.combien-coute.net/cigarette/isra-l-palestine/haifa/,https://www.combien-coute.net/cigarette/isra-l-palestine/haifa/,detail
Herzliya,ville,Israël (et Palestine),isra-l-palestine,Marlboro,2026-05-01,12.7,44,₪ (ILS),Shekel,12.7,10.68,12.99,44,37,45,2026-05-01,2026,https://www.combien-coute.net/cigarette/isra-l-palestine/herzliya/,https://www.combien-coute.net/cigarette/isra-l-palestine/herzliya/,detail
Jerusalem,ville,Israël (et Palestine),isra-l-palestine,Marlboro,2026-04-30,11.99,41,₪ (ILS),Shekel,11.99,10.37,11.99,41,36,41,2026-04-30,2026,https://www.combien-coute.net/cigarette/isra-l-palestine/jerusalem/,https://www.combien-coute.net/cigarette/isra-l-palestine/jerusalem/,detail
Mitzpe Ramon,ville,Israël (et Palestine),isra-l-palestine,Marlboro,2026-04-29,11.55,40,₪ (ILS),Shekel,11.55,10.11,15.02,40,35,52,2026-04-29,2026,https://www.combien-coute.net/cigarette/isra-l-palestine/mitzpe-ramon/,https://www.combien-coute.net/cigarette/isra-l-palestine/mitzpe-ramon/,detail
Nazareth,ville,Israël (et Palestine),isra-l-palestine,Marlboro,2026-04-26,11.43,40,₪ (ILS),Shekel,11.43,10.57,12,40,37,42,2026-04-26,2026,https://www.combien-coute.net/cigarette/isra-l-palestine/nazareth/,https://www.combien-coute.net/cigarette/isra-l-palestine/nazareth/,detail
Netanya,ville,Israël (et Palestine),isra-l-palestine,Marlboro,2026-04-29,12.42,43,₪ (ILS),Shekel,12.42,11.84,13.58,43,41,47,2026-04-29,2026,https://www.combien-coute.net/cigarette/isra-l-palestine/netanya/,https://www.combien-coute.net/cigarette/isra-l-palestine/netanya/,detail
Qiryat Gat,ville,Israël (et Palestine),isra-l-palestine,Marlboro,2026-04-30,12.82,44,₪ (ILS),Shekel,12.82,11.53,13.54,44,40,47,2026-04-30,2026,https://www.combien-coute.net/cigarette/isra-l-palestine/qiryat-gat/,https://www.combien-coute.net/cigarette/isra-l-palestine/qiryat-gat/,detail
Rehovot,ville,Israël (et Palestine),isra-l-palestine,Marlboro,2026-04-29,11.55,40,₪ (ILS),Shekel,11.55,9.99,12.28,40,35,43,2026-04-29,2026,https://www.combien-coute.net/cigarette/isra-l-palestine/rehovot/,https://www.combien-coute.net/cigarette/isra-l-palestine/rehovot/,detail
Tel Aviv,ville,Israël (et Palestine),isra-l-palestine,Marlboro,2026-04-30,12.82,44,₪ (ILS),Shekel,12.82,11.53,13.54,44,40,47,2026-04-30,2026,https://www.combien-coute.net/cigarette/isra-l-palestine/tel-aviv/,https://www.combien-coute.net/cigarette/isra-l-palestine/tel-aviv/,detail
Tibériade,ville,Israël (et Palestine),isra-l-palestine,Marlboro,2026-04-30,10.09,35,₪ (ILS),Shekel,10.09,,,35,,,2026-04-30,2026,https://www.combien-coute.net/cigarette/isra-l-palestine/tiberiade/,https://www.combien-coute.net/cigarette/isra-l-palestine/tiberiade/,detail
Amalfi,ville,Italie,italie,Marlboro,2025-11-25,6,,,,6,,,,,,2025-11-25,2026,https://www.combien-coute.net/cigarette/italie/amalfi/,https://www.combien-coute.net/cigarette/italie/amalfi/,detail
Ancône,ville,Italie,italie,Marlboro,2026-04-30,6,,,,6,5,7.5,,,,2026-04-30,2026,https://www.combien-coute.net/cigarette/italie/anc-ne/,https://www.combien-coute.net/cigarette/italie/anc-ne/,detail
Ascoli Piceno,ville,Italie,italie,Marlboro,2026-04-30,6.2,,,,6.2,5.8,6.7,,,,2026-04-30,2026,https://www.combien-coute.net/cigarette/italie/ascoli-piceno/,https://www.combien-coute.net/cigarette/italie/ascoli-piceno/,detail
Asti,ville,Italie,italie,Marlboro,2026-05-01,6,,,,6,5.7,7,,,,2026-05-01,2026,https://www.combien-coute.net/cigarette/italie/asti/,https://www.combien-coute.net/cigarette/italie/asti/,detail
Bari,ville,Italie,italie,Marlboro,2026-04-23,6,,,,6,6,10,,,,2026-04-23,2026,https://www.combien-coute.net/cigarette/italie/bari/,https://www.combien-coute.net/cigarette/italie/bari/,detail
Barletta,ville,Italie,italie,Marlboro,2026-04-13,5.5,,,,5.5,5.5,7,,,,2026-04-13,2026,https://www.combien-coute.net/cigarette/italie/barletta/,https://www.combien-coute.net/cigarette/italie/barletta/,detail
Bergame,ville,Italie,italie,Marlboro,2026-04-30,6.5,,,,6.5,6,7,,,,2026-04-30,2026,https://www.combien-coute.net/cigarette/italie/bergame/,https://www.combien-coute.net/cigarette/italie/bergame/,detail
Biella,ville,Italie,italie,Marlboro,2026-04-13,6,,,,6,6,6.7,,,,2026-04-13,2026,https://www.combien-coute.net/cigarette/italie/biella/,https://www.combien-coute.net/cigarette/italie/biella/,detail
Bologne,ville,Italie,italie,Marlboro,2025-11-24,6,,,,6,5.8,6.7,,,,2025-11-24,2026,https://www.combien-coute.net/cigarette/italie/bologne/,https://www.combien-coute.net/cigarette/italie/bologne/,detail
Brescia,ville,Italie,italie,Marlboro,2026-05-01,6,,,,6,6,6.5,,,,2026-05-01,2026,https://www.combien-coute.net/cigarette/italie/brescia/,https://www.combien-coute.net/cigarette/italie/brescia/,detail
Brindisi,ville,Italie,italie,Marlboro,2026-04-20,5.5,,,,5.5,5,10,,,,2026-04-20,2026,https://www.combien-coute.net/cigarette/italie/brindisi/,https://www.combien-coute.net/cigarette/italie/brindisi/,detail
Caserte,ville,Italie,italie,Marlboro,2026-05-01,6.5,,,,6.5,6.1,7,,,,2026-05-01,2026,https://www.combien-coute.net/cigarette/italie/caserte/,https://www.combien-coute.net/cigarette/italie/caserte/,detail
Catanzaro,ville,Italie,italie,Marlboro,2026-04-29,5.65,,,,5.65,5.3,6,,,,2026-04-29,2026,https://www.combien-coute.net/cigarette/italie/catanzaro/,https://www.combien-coute.net/cigarette/italie/catanzaro/,detail
Civitanova Marche,ville,Italie,italie,Marlboro,2026-04-30,6,,,,6,6,6.5,,,,2026-04-30,2026,https://www.combien-coute.net/cigarette/italie/civitanova-marche/,https://www.combien-coute.net/cigarette/italie/civitanova-marche/,detail
Cuneo,ville,Italie,italie,Marlboro,2026-04-13,6,,,,6,5,6.5,,,,2026-04-13,2026,https://www.combien-coute.net/cigarette/italie/cuneo/,https://www.combien-coute.net/cigarette/italie/cuneo/,detail
Côme,ville,Italie,italie,Marlboro,2026-04-30,6,,,,6,6,6.2,,,,2026-04-30,2026,https://www.combien-coute.net/cigarette/italie/c-me/,https://www.combien-coute.net/cigarette/italie/c-me/,detail
Ferrare,ville,Italie,italie,Marlboro,2026-04-13,5.5,,,,5.5,5,6.2,,,,2026-04-13,2026,https://www.combien-coute.net/cigarette/italie/ferrare/,https://www.combien-coute.net/cigarette/italie/ferrare/,detail
Florence,ville,Italie,italie,Marlboro,2025-11-24,6.24,,,,6.24,5.8,7,,,,2025-11-24,2026,https://www.combien-coute.net/cigarette/italie/florence/,https://www.combien-coute.net/cigarette/italie/florence/,detail
Foggia,ville,Italie,italie,Marlboro,2026-05-01,6,,,,6,5.5,7,,,,2026-05-01,2026,https://www.combien-coute.net/cigarette/italie/foggia/,https://www.combien-coute.net/cigarette/italie/foggia/,detail
Frosinone,ville,Italie,italie,Marlboro,2026-05-01,6,,,,6,5.5,7,,,,2026-05-01,2026,https://www.combien-coute.net/cigarette/italie/frosinone/,https://www.combien-coute.net/cigarette/italie/frosinone/,detail
Gênes (Ligurie),ville,Italie,italie,Marlboro,2025-11-24,6.12,,,,6.12,6,6.5,,,,2025-11-24,2026,https://www.combien-coute.net/cigarette/italie/genes/,https://www.combien-coute.net/cigarette/italie/genes/,detail
La Spezia (Cinque Terre),ville,Italie,italie,Marlboro,2026-04-30,6,,,,6,6,6.8,,,,2026-04-30,2026,https://www.combien-coute.net/cigarette/italie/la-spezia/,https://www.combien-coute.net/cigarette/italie/la-spezia/,detail
Lecce,ville,Italie,italie,Marlboro,2026-04-23,6,,,,6,5.5,10,,,,2026-04-23,2026,https://www.combien-coute.net/cigarette/italie/lecce/,https://www.combien-coute.net/cigarette/italie/lecce/,detail
Livourne,ville,Italie,italie,Marlboro,2026-04-29,5.2,,,,5.2,5,6.2,,,,2026-04-29,2026,https://www.combien-coute.net/cigarette/italie/livourne/,https://www.combien-coute.net/cigarette/italie/livourne/,detail
Matera,ville,Italie,italie,Marlboro,2026-04-30,6,,,,6,5.5,7,,,,2026-04-30,2026,https://www.combien-coute.net/cigarette/italie/matera/,https://www.combien-coute.net/cigarette/italie/matera/,detail
Milan,ville,Italie,italie,Marlboro,2025-11-24,6,,,,6,6,6.5,,,,2025-11-24,2026,https://www.combien-coute.net/cigarette/italie/milan/,https://www.combien-coute.net/cigarette/italie/milan/,detail
Modène,ville,Italie,italie,Marlboro,2026-04-29,6,,,,6,6,6.2,,,,2026-04-29,2026,https://www.combien-coute.net/cigarette/italie/modene/,https://www.combien-coute.net/cigarette/italie/modene/,detail
Monza,ville,Italie,italie,Marlboro,2026-04-29,6,,,,6,6,6.5,,,,2026-04-29,2026,https://www.combien-coute.net/cigarette/italie/monza/,https://www.combien-coute.net/cigarette/italie/monza/,detail
Naples,ville,Italie,italie,Marlboro,2025-11-24,6,,,,6,5.5,7,,,,2025-11-24,2026,https://www.combien-coute.net/cigarette/italie/naples/,https://www.combien-coute.net/cigarette/italie/naples/,detail
Novare,ville,Italie,italie,Marlboro,2026-04-30,5.9,,,,5.9,5.6,6.5,,,,2026-04-30,2026,https://www.combien-coute.net/cigarette/italie/novare/,https://www.combien-coute.net/cigarette/italie/novare/,detail
Padova (Padoue),ville,Italie,italie,Marlboro,2026-04-29,6.5,,,,6.5,6,7,,,,2026-04-29,2026,https://www.combien-coute.net/cigarette/italie/padova/,https://www.combien-coute.net/cigarette/italie/padova/,detail
Parme,ville,Italie,italie,Marlboro,2026-04-30,6,,,,6,6,6.5,,,,2026-04-30,2026,https://www.combien-coute.net/cigarette/italie/parme/,https://www.combien-coute.net/cigarette/italie/parme/,detail
Pescara,ville,Italie,italie,Marlboro,2026-04-20,6,,,,6,5,7,,,,2026-04-20,2026,https://www.combien-coute.net/cigarette/italie/pescara/,https://www.combien-coute.net/cigarette/italie/pescara/,detail
Pise,ville,Italie,italie,Marlboro,2026-04-23,7,,,,7,6.5,7,,,,2026-04-23,2026,https://www.combien-coute.net/cigarette/italie/pise/,https://www.combien-coute.net/cigarette/italie/pise/,detail
Plaisance,ville,Italie,italie,Marlboro,2026-05-01,5.7,,,,5.7,5.5,7,,,,2026-05-01,2026,https://www.combien-coute.net/cigarette/italie/plaisance/,https://www.combien-coute.net/cigarette/italie/plaisance/,detail
Pordenone,ville,Italie,italie,Marlboro,2026-04-30,5.65,,,,5.65,5.2,6.5,,,,2026-04-30,2026,https://www.combien-coute.net/cigarette/italie/pordenone/,https://www.combien-coute.net/cigarette/italie/pordenone/,detail
Pérouse,ville,Italie,italie,Marlboro,2026-04-30,5.5,,,,5.5,5,6.1,,,,2026-04-30,2026,https://www.combien-coute.net/cigarette/italie/perouse/,https://www.combien-coute.net/cigarette/italie/perouse/,detail
Ravenne,ville,Italie,italie,Marlboro,2026-04-30,5.5,,,,5.5,5.5,6.5,,,,2026-04-30,2026,https://www.combien-coute.net/cigarette/italie/ravenne/,https://www.combien-coute.net/cigarette/italie/ravenne/,detail
Rimini,ville,Italie,italie,Marlboro,2026-04-23,6,,,,6,5.5,6.2,,,,2026-04-23,2026,https://www.combien-coute.net/cigarette/italie/rimini/,https://www.combien-coute.net/cigarette/italie/rimini/,detail
Rome,ville,Italie,italie,Marlboro,2025-11-24,6.1,,,,6.1,5.5,6.5,,,,2025-11-24,2026,https://www.combien-coute.net/cigarette/italie/rome/,https://www.combien-coute.net/cigarette/italie/rome/,detail
Salerne,ville,Italie,italie,Marlboro,2026-05-01,6.2,,,,6.2,6,7,,,,2026-05-01,2026,https://www.combien-coute.net/cigarette/italie/salerne/,https://www.combien-coute.net/cigarette/italie/salerne/,detail
Savone,ville,Italie,italie,Marlboro,2026-04-29,6,,,,6,6,8,,,,2026-04-29,2026,https://www.combien-coute.net/cigarette/italie/savone/,https://www.combien-coute.net/cigarette/italie/savone/,detail
Scalea,ville,Italie,italie,Marlboro,2026-04-14,6,,,,6,5,6.7,,,,2026-04-14,2026,https://www.combien-coute.net/cigarette/italie/scalea/,https://www.combien-coute.net/cigarette/italie/scalea/,detail
Sienne,ville,Italie,italie,Marlboro,2026-04-24,6,,,,6,5.6,11,,,,2026-04-24,2026,https://www.combien-coute.net/cigarette/italie/sienne/,https://www.combien-coute.net/cigarette/italie/sienne/,detail
Tarente,ville,Italie,italie,Marlboro,2026-04-29,6,,,,6,5.5,7,,,,2026-04-29,2026,https://www.combien-coute.net/cigarette/italie/tarente/,https://www.combien-coute.net/cigarette/italie/tarente/,detail
Terni,ville,Italie,italie,Marlboro,2026-04-30,5.6,,,,5.6,5.5,7,,,,2026-04-30,2026,https://www.combien-coute.net/cigarette/italie/terni/,https://www.combien-coute.net/cigarette/italie/terni/,detail
Trente,ville,Italie,italie,Marlboro,2026-04-30,6,,,,6,5.8,6.3,,,,2026-04-30,2026,https://www.combien-coute.net/cigarette/italie/trente/,https://www.combien-coute.net/cigarette/italie/trente/,detail
Trieste,ville,Italie,italie,Marlboro,2026-04-23,6,,,,6,6,6.5,,,,2026-04-23,2026,https://www.combien-coute.net/cigarette/italie/trieste/,https://www.combien-coute.net/cigarette/italie/trieste/,detail
Trévise,ville,Italie,italie,Marlboro,2026-04-13,6,,,,6,5.5,6.7,,,,2026-04-13,2026,https://www.combien-coute.net/cigarette/italie/trevise/,https://www.combien-coute.net/cigarette/italie/trevise/,detail
Turin,ville,Italie,italie,Marlboro,2025-11-24,6,,,,6,5.5,6.5,,,,2025-11-24,2026,https://www.combien-coute.net/cigarette/italie/turin/,https://www.combien-coute.net/cigarette/italie/turin/,detail
Udine,ville,Italie,italie,Marlboro,2026-04-29,6.15,,,,6.15,5.8,6.5,,,,2026-04-29,2026,https://www.combien-coute.net/cigarette/italie/udine/,https://www.combien-coute.net/cigarette/italie/udine/,detail
Varèse,ville,Italie,italie,Marlboro,2026-05-01,6.2,,,,6.2,6,6.5,,,,2026-05-01,2026,https://www.combien-coute.net/cigarette/italie/varese/,https://www.combien-coute.net/cigarette/italie/varese/,detail
Venise,ville,Italie,italie,Marlboro,2025-11-24,6,,,,6,5.5,7,,,,2025-11-24,2026,https://www.combien-coute.net/cigarette/italie/venise/,https://www.combien-coute.net/cigarette/italie/venise/,detail
Viareggio,ville,Italie,italie,Marlboro,2026-05-01,6,,,,6,6,6.5,,,,2026-05-01,2026,https://www.combien-coute.net/cigarette/italie/viareggio/,https://www.combien-coute.net/cigarette/italie/viareggio/,detail
Vicence,ville,Italie,italie,Marlboro,2026-04-12,5.75,,,,5.75,5,6.6,,,,2026-04-12,2026,https://www.combien-coute.net/cigarette/italie/vicence/,https://www.combien-coute.net/cigarette/italie/vicence/,detail
Viterbe,ville,Italie,italie,Marlboro,2026-04-13,6,,,,6,5.5,6.2,,,,2026-04-13,2026,https://www.combien-coute.net/cigarette/italie/viterbe/,https://www.combien-coute.net/cigarette/italie/viterbe/,detail
Vérone,ville,Italie,italie,Marlboro,2025-11-24,6.1,,,,6.1,6,7,,,,2025-11-24,2026,https://www.combien-coute.net/cigarette/italie/verone/,https://www.combien-coute.net/cigarette/italie/verone/,detail
Black River,ville,Jamaïque,jamaique,Marlboro,2026-04-30,7.92,1460,$ (JMD),Dollar jamaïcain,7.92,7.65,17.48,1460,1410,3222,2026-04-30,2026,https://www.combien-coute.net/cigarette/jamaique/black-river/,https://www.combien-coute.net/cigarette/jamaique/black-river/,detail
Ewarton,ville,Jamaïque,jamaique,Marlboro,2026-04-26,7.84,1448,$ (JMD),Dollar jamaïcain,7.84,7.57,17.3,1448,1398,3195,2026-04-26,2026,https://www.combien-coute.net/cigarette/jamaique/ewarton/,https://www.combien-coute.net/cigarette/jamaique/ewarton/,detail
Kingston,ville,Jamaïque,jamaique,Marlboro,2026-04-17,7.79,1447,$ (JMD),Dollar jamaïcain,7.79,7.53,17.2,1447,1399,3196,2026-04-17,2026,https://www.combien-coute.net/cigarette/jamaique/kingston/,https://www.combien-coute.net/cigarette/jamaique/kingston/,detail
Mandeville,ville,Jamaïque,jamaique,Marlboro,2026-04-14,7.01,1298,$ (JMD),Dollar jamaïcain,7.01,7.01,17.26,1298,1298,3195,2026-04-14,2026,https://www.combien-coute.net/cigarette/jamaique/mandeville/,https://www.combien-coute.net/cigarette/jamaique/mandeville/,detail
May Pen,ville,Jamaïque,jamaique,Marlboro,2024-01-30,8.86,1500,$ (JMD),Dollar jamaïcain,8.86,4.14,17.72,1500,700,3000,2024-01-30,2026,https://www.combien-coute.net/cigarette/jamaique/may-pen/,https://www.combien-coute.net/cigarette/jamaique/may-pen/,detail
Montego Bay,ville,Jamaïque,jamaique,Marlboro,2026-04-16,7.79,1450,$ (JMD),Dollar jamaïcain,7.79,7.52,17.19,1450,1400,3200,2026-04-16,2026,https://www.combien-coute.net/cigarette/jamaique/montego-bay/,https://www.combien-coute.net/cigarette/jamaique/montego-bay/,detail
Negril,ville,Jamaïque,jamaique,Marlboro,2026-04-24,7.81,1454,$ (JMD),Dollar jamaïcain,7.81,7.54,17.23,1454,1403,3207,2026-04-24,2026,https://www.combien-coute.net/cigarette/jamaique/negril/,https://www.combien-coute.net/cigarette/jamaique/negril/,detail
Ocho Rios,ville,Jamaïque,jamaique,Marlboro,2026-04-22,7.53,1403,$ (JMD),Dollar jamaïcain,7.53,7.53,17.21,1403,1403,3207,2026-04-22,2026,https://www.combien-coute.net/cigarette/jamaique/ocho-rios/,https://www.combien-coute.net/cigarette/jamaique/ocho-rios/,detail
Old Harbour,ville,Jamaïque,jamaique,Marlboro,2026-04-30,7.92,1460,$ (JMD),Dollar jamaïcain,7.92,7.65,17.48,1460,1410,3222,2026-04-30,2026,https://www.combien-coute.net/cigarette/jamaique/old-harbour/,https://www.combien-coute.net/cigarette/jamaique/old-harbour/,detail
Port Antonio,ville,Jamaïque,jamaique,Marlboro,2026-04-26,7.84,1448,$ (JMD),Dollar jamaïcain,7.84,7.57,17.3,1448,1398,3195,2026-04-26,2026,https://www.combien-coute.net/cigarette/jamaique/port-antonio/,https://www.combien-coute.net/cigarette/jamaique/port-antonio/,detail
Port Maria,ville,Jamaïque,jamaique,Marlboro,2026-04-30,7.92,1460,$ (JMD),Dollar jamaïcain,7.92,7.65,17.48,1460,1410,3222,2026-04-30,2026,https://www.combien-coute.net/cigarette/jamaique/port-maria/,https://www.combien-coute.net/cigarette/jamaique/port-maria/,detail
Runaway Bay,ville,Jamaïque,jamaique,Marlboro,2026-04-30,7.92,1460,$ (JMD),Dollar jamaïcain,7.92,7.65,17.48,1460,1410,3222,2026-04-30,2026,https://www.combien-coute.net/cigarette/jamaique/runaway-bay/,https://www.combien-coute.net/cigarette/jamaique/runaway-bay/,detail
Spanish Town,ville,Jamaïque,jamaique,Marlboro,2026-04-30,7.92,1450,$ (JMD),Dollar jamaïcain,7.92,7.65,17.48,1450,1400,3200,2026-04-30,2026,https://www.combien-coute.net/cigarette/jamaique/spanish-town/,https://www.combien-coute.net/cigarette/jamaique/spanish-town/,detail
Akita,ville,Japon,japon,Marlboro,2026-04-30,2.46,460,¥ (JPY),Yen,2.46,,,460,,,2026-04-30,2026,https://www.combien-coute.net/cigarette/japon/akita/,https://www.combien-coute.net/cigarette/japon/akita/,detail
Chiba,ville,Japon,japon,Marlboro,2026-04-30,3.26,609,¥ (JPY),Yen,3.26,2.67,4.27,609,499,798,2026-04-30,2026,https://www.combien-coute.net/cigarette/japon/chiba/,https://www.combien-coute.net/cigarette/japon/chiba/,detail
Fukuoka,ville,Japon,japon,Marlboro,2026-04-26,3.32,620,¥ (JPY),Yen,3.32,3.21,3.32,620,600,620,2026-04-26,2026,https://www.combien-coute.net/cigarette/japon/fukuoka/,https://www.combien-coute.net/cigarette/japon/fukuoka/,detail
Fukushima,ville,Japon,japon,Marlboro,2024-01-30,6.24,1000,¥ (JPY),Yen,6.24,6.24,6.24,1000,1000,1000,2024-01-30,2026,https://www.combien-coute.net/cigarette/japon/fukushima/,https://www.combien-coute.net/cigarette/japon/fukushima/,detail
Hachinohe,ville,Japon,japon,Marlboro,2019-04-07,5.18,650,¥ (JPY),Yen,5.18,,,650,,,2019-04-07,2026,https://www.combien-coute.net/cigarette/japon/hachinohe/,https://www.combien-coute.net/cigarette/japon/hachinohe/,detail
Hamamatsu,ville,Japon,japon,Marlboro,2026-04-30,2.67,499,¥ (JPY),Yen,2.67,2.67,3.47,499,499,648,2026-04-30,2026,https://www.combien-coute.net/cigarette/japon/hamamatsu/,https://www.combien-coute.net/cigarette/japon/hamamatsu/,detail
Hiroshima,ville,Japon,japon,Marlboro,2026-04-26,3.32,620,¥ (JPY),Yen,3.32,2.94,5.35,620,549,999,2026-04-26,2026,https://www.combien-coute.net/cigarette/japon/hiroshima/,https://www.combien-coute.net/cigarette/japon/hiroshima/,detail
Kamakura,ville,Japon,japon,Marlboro,2025-11-25,3.32,599,¥ (JPY),Yen,3.32,2.77,6.08,599,500,1098,2025-11-25,2026,https://www.combien-coute.net/cigarette/japon/kamakura/,https://www.combien-coute.net/cigarette/japon/kamakura/,detail
Kanazawa,ville,Japon,japon,Marlboro,2025-11-25,3.21,580,¥ (JPY),Yen,3.21,3.04,3.43,580,549,619,2025-11-25,2026,https://www.combien-coute.net/cigarette/japon/kanazawa/,https://www.combien-coute.net/cigarette/japon/kanazawa/,detail
Karuizawa,ville,Japon,japon,Marlboro,2025-11-25,3.43,619,¥ (JPY),Yen,3.43,2.77,6.08,619,500,1098,2025-11-25,2026,https://www.combien-coute.net/cigarette/japon/karuizawa/,https://www.combien-coute.net/cigarette/japon/karuizawa/,detail
Kitakyūshū,ville,Japon,japon,Marlboro,2025-11-25,3.43,619,¥ (JPY),Yen,3.43,3.32,3.43,619,599,619,2025-11-25,2026,https://www.combien-coute.net/cigarette/japon/kitaky-shu/,https://www.combien-coute.net/cigarette/japon/kitaky-shu/,detail
Kobe,ville,Japon,japon,Marlboro,2026-04-26,2.68,501,¥ (JPY),Yen,2.68,2.68,5.89,501,501,1100,2026-04-26,2026,https://www.combien-coute.net/cigarette/japon/kobe/,https://www.combien-coute.net/cigarette/japon/kobe/,detail
Kofu,ville,Japon,japon,Marlboro,2026-04-13,3.33,622,¥ (JPY),Yen,3.33,3.33,5.9,622,622,1102,2026-04-13,2026,https://www.combien-coute.net/cigarette/japon/kofu/,https://www.combien-coute.net/cigarette/japon/kofu/,detail
Kumamoto,ville,Japon,japon,Marlboro,2025-11-25,3.43,619,¥ (JPY),Yen,3.43,3.32,3.43,619,599,619,2025-11-25,2026,https://www.combien-coute.net/cigarette/japon/kumamoto/,https://www.combien-coute.net/cigarette/japon/kumamoto/,detail
Kyoto,ville,Japon,japon,Marlboro,2026-04-29,3.32,618,¥ (JPY),Yen,3.32,3.21,4.28,618,598,797,2026-04-29,2026,https://www.combien-coute.net/cigarette/japon/kyoto/,https://www.combien-coute.net/cigarette/japon/kyoto/,detail
Kōchi,ville,Japon,japon,Marlboro,2017-11-21,1.96,150,¥ (JPY),Yen,1.96,1.44,2.62,150,110,200,2017-11-21,2026,https://www.combien-coute.net/cigarette/japon/k-chi/,https://www.combien-coute.net/cigarette/japon/k-chi/,detail
Maebashi,ville,Japon,japon,Marlboro,2026-04-30,3.31,618,¥ (JPY),Yen,3.31,3.31,5.87,618,618,1097,2026-04-30,2026,https://www.combien-coute.net/cigarette/japon/maebashi/,https://www.combien-coute.net/cigarette/japon/maebashi/,detail
Matsue,ville,Japon,japon,Marlboro,2017-11-21,3.48,460,¥ (JPY),Yen,3.48,,,460,,,2017-11-21,2026,https://www.combien-coute.net/cigarette/japon/matsue/,https://www.combien-coute.net/cigarette/japon/matsue/,detail
Matsuyama,ville,Japon,japon,Marlboro,2024-01-28,3.29,530,¥ (JPY),Yen,3.29,3.29,3.29,530,530,530,2024-01-28,2026,https://www.combien-coute.net/cigarette/japon/matsuyama/,https://www.combien-coute.net/cigarette/japon/matsuyama/,detail
Miyazaki,ville,Japon,japon,Marlboro,2026-04-30,3.31,618,¥ (JPY),Yen,3.31,3.2,3.31,618,598,618,2026-04-30,2026,https://www.combien-coute.net/cigarette/japon/miyazaki/,https://www.combien-coute.net/cigarette/japon/miyazaki/,detail
Nagasaki,ville,Japon,japon,Marlboro,2026-04-26,3.32,620,¥ (JPY),Yen,3.32,3.21,3.32,620,600,620,2026-04-26,2026,https://www.combien-coute.net/cigarette/japon/nagasaki/,https://www.combien-coute.net/cigarette/japon/nagasaki/,detail
Nagoya,ville,Japon,japon,Marlboro,2026-04-26,3.32,620,¥ (JPY),Yen,3.32,3.32,5.89,620,620,1100,2026-04-26,2026,https://www.combien-coute.net/cigarette/japon/nagoya/,https://www.combien-coute.net/cigarette/japon/nagoya/,detail
Nara,ville,Japon,japon,Marlboro,2025-11-25,3.21,580,¥ (JPY),Yen,3.21,2.77,6.08,580,500,1098,2025-11-25,2026,https://www.combien-coute.net/cigarette/japon/nara/,https://www.combien-coute.net/cigarette/japon/nara/,detail
Niigata,ville,Japon,japon,Marlboro,2025-11-25,3.32,599,¥ (JPY),Yen,3.32,3.21,3.43,599,580,619,2025-11-25,2026,https://www.combien-coute.net/cigarette/japon/niigata/,https://www.combien-coute.net/cigarette/japon/niigata/,detail
Okayama,ville,Japon,japon,Marlboro,2026-04-30,3.2,598,¥ (JPY),Yen,3.2,3.2,5.87,598,598,1097,2026-04-30,2026,https://www.combien-coute.net/cigarette/japon/okayama/,https://www.combien-coute.net/cigarette/japon/okayama/,detail
Okinawa,ville,Japon,japon,Marlboro,2026-04-20,3.33,622,¥ (JPY),Yen,3.33,3.33,3.75,622,622,700,2026-04-20,2026,https://www.combien-coute.net/cigarette/japon/naha-okinawa/,https://www.combien-coute.net/cigarette/japon/naha-okinawa/,detail
Osaka,ville,Japon,japon,Marlboro,2026-04-25,3.32,619,¥ (JPY),Yen,3.32,2.94,3.32,619,548,619,2026-04-25,2026,https://www.combien-coute.net/cigarette/japon/osaka/,https://www.combien-coute.net/cigarette/japon/osaka/,detail
Sapporo (Hokkaido),ville,Japon,japon,Marlboro,2026-04-20,3.33,622,¥ (JPY),Yen,3.33,2.36,3.33,622,441,622,2026-04-20,2026,https://www.combien-coute.net/cigarette/japon/sapporo-hokkaido/,https://www.combien-coute.net/cigarette/japon/sapporo-hokkaido/,detail
Shizuoka,ville,Japon,japon,Marlboro,2026-05-01,3.27,613,¥ (JPY),Yen,3.27,2.99,3.37,613,560,632,2026-05-01,2026,https://www.combien-coute.net/cigarette/japon/shizuoka/,https://www.combien-coute.net/cigarette/japon/shizuoka/,detail
Tokyo,ville,Japon,japon,Marlboro,2026-04-29,3.26,607,¥ (JPY),Yen,3.26,2.67,3.48,607,497,648,2026-04-29,2026,https://www.combien-coute.net/cigarette/japon/tokyo/,https://www.combien-coute.net/cigarette/japon/tokyo/,detail
Toyama,ville,Japon,japon,Marlboro,2026-04-30,3.31,618,¥ (JPY),Yen,3.31,2.94,3.31,618,549,618,2026-04-30,2026,https://www.combien-coute.net/cigarette/japon/toyama/,https://www.combien-coute.net/cigarette/japon/toyama/,detail
Wakayama,ville,Japon,japon,Marlboro,2026-04-30,3.31,618,¥ (JPY),Yen,3.31,3.31,5.87,618,618,1097,2026-04-30,2026,https://www.combien-coute.net/cigarette/japon/wakayama/,https://www.combien-coute.net/cigarette/japon/wakayama/,detail
Yokohama,ville,Japon,japon,Marlboro,2025-11-25,3.32,599,¥ (JPY),Yen,3.32,3.32,3.43,599,599,619,2025-11-25,2026,https://www.combien-coute.net/cigarette/japon/yokohama/,https://www.combien-coute.net/cigarette/japon/yokohama/,detail
Bandung,ville,Java,java,Marlboro,2026-04-14,2.38,47623,IDR,Monnaie,2.38,1.64,2.88,47623,32816,57628,2026-04-14,2026,https://www.combien-coute.net/cigarette/java/bandung/,https://www.combien-coute.net/cigarette/java/bandung/,detail
Bogor,ville,Java,java,Marlboro,2026-04-28,1.78,35935,IDR,Monnaie,1.78,1.63,2.87,35935,32906,57940,2026-04-28,2026,https://www.combien-coute.net/cigarette/java/bogor/,https://www.combien-coute.net/cigarette/java/bogor/,detail
Cirebon,ville,Java,java,Marlboro,2026-04-28,2.48,50066,IDR,Monnaie,2.48,2.13,2.97,50066,43000,59958,2026-04-28,2026,https://www.combien-coute.net/cigarette/java/cirebon/,https://www.combien-coute.net/cigarette/java/cirebon/,detail
Jakarta,ville,Java,java,Marlboro,2025-11-24,2.6,49915,IDR,Monnaie,2.6,2.19,2.86,49915,42044,54906,2025-11-24,2026,https://www.combien-coute.net/cigarette/java/jakarta/,https://www.combien-coute.net/cigarette/java/jakarta/,detail
Jember,ville,Java,java,Marlboro,2017-11-21,1.01,16000,IDR,Monnaie,1.01,1.01,1.01,16000,16000,16000,2017-11-21,2026,https://www.combien-coute.net/cigarette/java/jember/,https://www.combien-coute.net/cigarette/java/jember/,detail
Kediri,ville,Java,java,Marlboro,2026-04-30,1.73,35062,IDR,Monnaie,1.73,1.23,2.22,35062,24928,44993,2026-04-30,2026,https://www.combien-coute.net/cigarette/java/kediri/,https://www.combien-coute.net/cigarette/java/kediri/,detail
Madiun,ville,Java,java,Marlboro,2026-04-28,2.53,51076,IDR,Monnaie,2.53,2.48,2.97,51076,50066,59958,2026-04-28,2026,https://www.combien-coute.net/cigarette/java/madiun/,https://www.combien-coute.net/cigarette/java/madiun/,detail
Magelang,ville,Java,java,Marlboro,2026-04-17,1.73,35001,IDR,Monnaie,1.73,1.24,2.23,35001,25087,45117,2026-04-17,2026,https://www.combien-coute.net/cigarette/java/magelang/,https://www.combien-coute.net/cigarette/java/magelang/,detail
Malang,ville,Java,java,Marlboro,2026-04-27,2.37,47933,IDR,Monnaie,2.37,1.98,2.72,47933,40046,55012,2026-04-27,2026,https://www.combien-coute.net/cigarette/java/malang/,https://www.combien-coute.net/cigarette/java/malang/,detail
Mojokerto,ville,Java,java,Marlboro,2026-05-01,2.12,42995,IDR,Monnaie,2.12,2.12,2.85,42995,42995,57800,2026-05-01,2026,https://www.combien-coute.net/cigarette/java/mojokerto/,https://www.combien-coute.net/cigarette/java/mojokerto/,detail
Purwakarta,ville,Java,java,Marlboro,2026-04-30,2.47,50059,IDR,Monnaie,2.47,2.12,2.96,50059,42966,59990,2026-04-30,2026,https://www.combien-coute.net/cigarette/java/purwakarta/,https://www.combien-coute.net/cigarette/java/purwakarta/,detail
Salatiga,ville,Java,java,Marlboro,2026-04-28,1.73,34925,IDR,Monnaie,1.73,1.24,2.23,34925,25033,45019,2026-04-28,2026,https://www.combien-coute.net/cigarette/java/salatiga/,https://www.combien-coute.net/cigarette/java/salatiga/,detail
Semarang,ville,Java,java,Marlboro,2025-11-25,1.93,37105,IDR,Monnaie,1.93,1.3,2.61,37105,24993,50179,2025-11-25,2026,https://www.combien-coute.net/cigarette/java/semarang/,https://www.combien-coute.net/cigarette/java/semarang/,detail
Sukabumi,ville,Java,java,Marlboro,2026-04-30,2.47,50059,IDR,Monnaie,2.47,2.12,2.96,50059,42966,59990,2026-04-30,2026,https://www.combien-coute.net/cigarette/java/sukabumi/,https://www.combien-coute.net/cigarette/java/sukabumi/,detail
Surabaya,ville,Java,java,Marlboro,2026-04-27,1.73,34989,IDR,Monnaie,1.73,1.24,2.23,34989,25079,45102,2026-04-27,2026,https://www.combien-coute.net/cigarette/java/surabaya/,https://www.combien-coute.net/cigarette/java/surabaya/,detail
Surakarta,ville,Java,java,Marlboro,2025-11-25,1.82,34990,IDR,Monnaie,1.82,1.56,2.87,34990,29992,55177,2025-11-25,2026,https://www.combien-coute.net/cigarette/java/surakarta/,https://www.combien-coute.net/cigarette/java/surakarta/,detail
Wonosobo,ville,Java,java,Marlboro,2024-01-29,1.75,30000,IDR,Monnaie,1.75,1.75,2.04,30000,30000,35000,2024-01-29,2026,https://www.combien-coute.net/cigarette/java/wonosobo/,https://www.combien-coute.net/cigarette/java/wonosobo/,detail
Yogyakarta,ville,Java,java,Marlboro,2026-04-16,2.52,50906,IDR,Monnaie,2.52,2.47,2.87,50906,49895,57976,2026-04-16,2026,https://www.combien-coute.net/cigarette/java/yogyakarta/,https://www.combien-coute.net/cigarette/java/yogyakarta/,detail
Amman,ville,Jordanie,jordanie,Marlboro,2026-04-30,3.17,3,JOD,Dinar jordanien,3.17,3.02,3.62,3,3,3,2026-04-30,2026,https://www.combien-coute.net/cigarette/jordanie/amman/,https://www.combien-coute.net/cigarette/jordanie/amman/,detail
Aqaba,ville,Jordanie,jordanie,Marlboro,2026-04-21,3.14,3,JOD,Dinar jordanien,3.14,2.99,3.59,3,2,3,2026-04-21,2026,https://www.combien-coute.net/cigarette/jordanie/aqaba/,https://www.combien-coute.net/cigarette/jordanie/aqaba/,detail
Busayra,ville,Jordanie,jordanie,Marlboro,2026-05-01,3.16,3,JOD,Dinar jordanien,3.16,3,3.61,3,2,3,2026-05-01,2026,https://www.combien-coute.net/cigarette/jordanie/busayra/,https://www.combien-coute.net/cigarette/jordanie/busayra/,detail
Irbid,ville,Jordanie,jordanie,Marlboro,2026-04-26,3.01,3,JOD,Dinar jordanien,3.01,2.77,3.61,3,2,3,2026-04-26,2026,https://www.combien-coute.net/cigarette/jordanie/irbid/,https://www.combien-coute.net/cigarette/jordanie/irbid/,detail
Madaba,ville,Jordanie,jordanie,Marlboro,2026-04-27,1.81,2,JOD,Dinar jordanien,1.81,1.81,3.61,2,2,3,2026-04-27,2026,https://www.combien-coute.net/cigarette/jordanie/madaba/,https://www.combien-coute.net/cigarette/jordanie/madaba/,detail
Aktau,ville,Kazakhstan,kazakhstan,Marlboro,2026-04-26,2.21,1201,KZT,Tenge,2.21,1.75,2.39,1201,951,1299,2026-04-26,2026,https://www.combien-coute.net/cigarette/kazakhstan/aktau/,https://www.combien-coute.net/cigarette/kazakhstan/aktau/,detail
Almaty,ville,Kazakhstan,kazakhstan,Marlboro,2026-04-21,1.86,1030,KZT,Tenge,1.86,1.82,2.18,1030,1007,1207,2026-04-21,2026,https://www.combien-coute.net/cigarette/kazakhstan/almaty/,https://www.combien-coute.net/cigarette/kazakhstan/almaty/,detail
Astana,ville,Kazakhstan,kazakhstan,Marlboro,2026-04-24,1.84,1002,KZT,Tenge,1.84,1.57,2.03,1002,855,1105,2026-04-24,2026,https://www.combien-coute.net/cigarette/kazakhstan/astana/,https://www.combien-coute.net/cigarette/kazakhstan/astana/,detail
Atyraou,ville,Kazakhstan,kazakhstan,Marlboro,2026-04-30,2.03,1088,KZT,Tenge,2.03,1.85,2.13,1088,992,1142,2026-04-30,2026,https://www.combien-coute.net/cigarette/kazakhstan/atyraou/,https://www.combien-coute.net/cigarette/kazakhstan/atyraou/,detail
Chymkent,ville,Kazakhstan,kazakhstan,Marlboro,2026-04-30,2.03,1088,KZT,Tenge,2.03,1.85,2.31,1088,992,1239,2026-04-30,2026,https://www.combien-coute.net/cigarette/kazakhstan/chymkent/,https://www.combien-coute.net/cigarette/kazakhstan/chymkent/,detail
Ekibastouz,ville,Kazakhstan,kazakhstan,Marlboro,2026-04-12,1.81,1002,KZT,Tenge,1.81,1.54,1.99,1002,852,1101,2026-04-12,2026,https://www.combien-coute.net/cigarette/kazakhstan/ekibastouz/,https://www.combien-coute.net/cigarette/kazakhstan/ekibastouz/,detail
Kentaou,ville,Kazakhstan,kazakhstan,Marlboro,2017-11-21,0.9,350,KZT,Tenge,0.9,0.9,0.9,350,350,350,2017-11-21,2026,https://www.combien-coute.net/cigarette/kazakhstan/kentaou/,https://www.combien-coute.net/cigarette/kazakhstan/kentaou/,detail
Pavlodar,ville,Kazakhstan,kazakhstan,Marlboro,2026-05-01,2.02,1092,KZT,Tenge,2.02,2.02,4.41,1092,1092,2385,2026-05-01,2026,https://www.combien-coute.net/cigarette/kazakhstan/pavlodar/,https://www.combien-coute.net/cigarette/kazakhstan/pavlodar/,detail
Petropavl,ville,Kazakhstan,kazakhstan,Marlboro,2026-04-27,1.99,1082,KZT,Tenge,1.99,,,1082,,,2026-04-27,2026,https://www.combien-coute.net/cigarette/kazakhstan/petropavl/,https://www.combien-coute.net/cigarette/kazakhstan/petropavl/,detail
Ridder,ville,Kazakhstan,kazakhstan,Marlboro,2024-01-30,1.63,800,KZT,Tenge,1.63,1.63,1.63,800,800,800,2024-01-30,2026,https://www.combien-coute.net/cigarette/kazakhstan/ridder/,https://www.combien-coute.net/cigarette/kazakhstan/ridder/,detail
Semeï,ville,Kazakhstan,kazakhstan,Marlboro,2026-05-01,2.02,1092,KZT,Tenge,2.02,1.47,4.41,1092,795,2385,2026-05-01,2026,https://www.combien-coute.net/cigarette/kazakhstan/semei/,https://www.combien-coute.net/cigarette/kazakhstan/semei/,detail
Taldykourgan,ville,Kazakhstan,kazakhstan,Marlboro,2026-04-30,1.66,890,KZT,Tenge,1.66,1.48,2.4,890,794,1287,2026-04-30,2026,https://www.combien-coute.net/cigarette/kazakhstan/taldykourgan/,https://www.combien-coute.net/cigarette/kazakhstan/taldykourgan/,detail
Taraz,ville,Kazakhstan,kazakhstan,Marlboro,2017-11-21,0.9,350,KZT,Tenge,0.9,0.9,0.9,350,350,350,2017-11-21,2026,https://www.combien-coute.net/cigarette/kazakhstan/taraz/,https://www.combien-coute.net/cigarette/kazakhstan/taraz/,detail
Eldoret,ville,Kenya,kenya,Marlboro,2026-04-26,2.81,426,KES,Shilling kenyan,2.81,1.98,3.3,426,300,500,2026-04-26,2026,https://www.combien-coute.net/cigarette/kenya/eldoret/,https://www.combien-coute.net/cigarette/kenya/eldoret/,detail
Garissa,ville,Kenya,kenya,Marlboro,2026-02-12,1.96,301,KES,Shilling kenyan,1.96,,,301,,,2026-02-12,2026,https://www.combien-coute.net/cigarette/kenya/garissa/,https://www.combien-coute.net/cigarette/kenya/garissa/,detail
Kericho,ville,Kenya,kenya,Marlboro,2026-05-01,2.8,422,KES,Shilling kenyan,2.8,1.98,3.3,422,298,497,2026-05-01,2026,https://www.combien-coute.net/cigarette/kenya/kericho/,https://www.combien-coute.net/cigarette/kenya/kericho/,detail
Kilifi,ville,Kenya,kenya,Marlboro,2024-01-30,2.39,420,KES,Shilling kenyan,2.39,1.42,2.56,420,250,450,2024-01-30,2026,https://www.combien-coute.net/cigarette/kenya/kilifi/,https://www.combien-coute.net/cigarette/kenya/kilifi/,detail
Kisii,ville,Kenya,kenya,Marlboro,2023-11-21,0.6,100,KES,Shilling kenyan,0.6,0.6,0.6,100,100,100,2023-11-21,2026,https://www.combien-coute.net/cigarette/kenya/kisii/,https://www.combien-coute.net/cigarette/kenya/kisii/,detail
Kisumu,ville,Kenya,kenya,Marlboro,2026-04-21,2.63,399,KES,Shilling kenyan,2.63,1.97,3.29,399,299,500,2026-04-21,2026,https://www.combien-coute.net/cigarette/kenya/kisumu/,https://www.combien-coute.net/cigarette/kenya/kisumu/,detail
Kitale,ville,Kenya,kenya,Marlboro,2024-01-30,1.48,260,KES,Shilling kenyan,1.48,0.68,2.28,260,120,400,2024-01-30,2026,https://www.combien-coute.net/cigarette/kenya/kitale/,https://www.combien-coute.net/cigarette/kenya/kitale/,detail
Lake Nakuru National Park,ville,Kenya,kenya,Marlboro,2026-04-26,0.79,120,KES,Shilling kenyan,0.79,0.79,3.3,120,120,500,2026-04-26,2026,https://www.combien-coute.net/cigarette/kenya/nakuru/,https://www.combien-coute.net/cigarette/kenya/nakuru/,detail
Malindi,ville,Kenya,kenya,Marlboro,2024-01-20,1.7,300,KES,Shilling kenyan,1.7,1.7,1.7,300,300,300,2024-01-20,2026,https://www.combien-coute.net/cigarette/kenya/malindi/,https://www.combien-coute.net/cigarette/kenya/malindi/,detail
Mombasa,ville,Kenya,kenya,Marlboro,2026-04-21,2.86,434,KES,Shilling kenyan,2.86,1.97,3.94,434,299,598,2026-04-21,2026,https://www.combien-coute.net/cigarette/kenya/mombasa/,https://www.combien-coute.net/cigarette/kenya/mombasa/,detail
Nairobi,ville,Kenya,kenya,Marlboro,2025-11-23,2.85,424,KES,Shilling kenyan,2.85,2.01,3.36,424,299,500,2025-11-23,2026,https://www.combien-coute.net/cigarette/kenya/nairobi/,https://www.combien-coute.net/cigarette/kenya/nairobi/,detail
Nyeri,ville,Kenya,kenya,Marlboro,2026-05-01,1.32,199,KES,Shilling kenyan,1.32,1.32,3.3,199,199,497,2026-05-01,2026,https://www.combien-coute.net/cigarette/kenya/nyeri/,https://www.combien-coute.net/cigarette/kenya/nyeri/,detail
Thika,ville,Kenya,kenya,Marlboro,2026-05-01,2.34,353,KES,Shilling kenyan,2.34,1.98,3.3,353,298,497,2026-05-01,2026,https://www.combien-coute.net/cigarette/kenya/thika/,https://www.combien-coute.net/cigarette/kenya/thika/,detail
Cherthala,ville,Kerala,kerala,Marlboro,2026-04-28,1.63,180,Rs. (INR),Roupie indienne,1.63,1.63,4.89,180,180,540,2026-04-28,2026,https://www.combien-coute.net/cigarette/kerala/cherthala/,https://www.combien-coute.net/cigarette/kerala/cherthala/,detail
Cochin (Kochi),ville,Kerala,kerala,Marlboro,2026-04-13,3.35,366,Rs. (INR),Roupie indienne,3.35,3.31,4.6,366,361,502,2026-04-13,2026,https://www.combien-coute.net/cigarette/kerala/cochin-kochi/,https://www.combien-coute.net/cigarette/kerala/cochin-kochi/,detail
Kottayam,ville,Kerala,kerala,Marlboro,2026-04-17,3.28,361,Rs. (INR),Roupie indienne,3.28,3.19,4.93,361,351,543,2026-04-17,2026,https://www.combien-coute.net/cigarette/kerala/kottayam/,https://www.combien-coute.net/cigarette/kerala/kottayam/,detail
Kozhikode,ville,Kerala,kerala,Marlboro,2026-04-28,3.62,400,Rs. (INR),Roupie indienne,3.62,3.02,4.53,400,334,501,2026-04-28,2026,https://www.combien-coute.net/cigarette/kerala/kozhikode/,https://www.combien-coute.net/cigarette/kerala/kozhikode/,detail
Malappuram,ville,Kerala,kerala,Marlboro,2017-11-21,2.36,180,Rs. (INR),Roupie indienne,2.36,,,180,,,2017-11-21,2026,https://www.combien-coute.net/cigarette/kerala/malappuram/,https://www.combien-coute.net/cigarette/kerala/malappuram/,detail
Pathanamthitta,ville,Kerala,kerala,Marlboro,2026-04-17,3.32,366,Rs. (INR),Roupie indienne,3.32,3.28,4.56,366,361,502,2026-04-17,2026,https://www.combien-coute.net/cigarette/kerala/pathanamthitta/,https://www.combien-coute.net/cigarette/kerala/pathanamthitta/,detail
Quilon,ville,Kerala,kerala,Marlboro,2026-04-28,2.72,301,Rs. (INR),Roupie indienne,2.72,2.44,4.89,301,270,540,2026-04-28,2026,https://www.combien-coute.net/cigarette/kerala/quilon/,https://www.combien-coute.net/cigarette/kerala/quilon/,detail
Thiruvananthapuram,ville,Kerala,kerala,Marlboro,2026-04-28,3.29,364,Rs. (INR),Roupie indienne,3.29,2.26,3.29,364,250,364,2026-04-28,2026,https://www.combien-coute.net/cigarette/kerala/thiruvananthapuram/,https://www.combien-coute.net/cigarette/kerala/thiruvananthapuram/,detail
Batken,ville,Kirghizistan,kirghizistan,Marlboro,2017-11-21,0.8,65,KGS,som,0.8,0.8,0.8,65,65,65,2017-11-21,2026,https://www.combien-coute.net/cigarette/kirghizistan/batken/,https://www.combien-coute.net/cigarette/kirghizistan/batken/,detail
Bichkek,ville,Kirghizistan,kirghizistan,Marlboro,2026-04-29,1.56,159,KGS,som,1.56,1.46,2.44,159,149,249,2026-04-29,2026,https://www.combien-coute.net/cigarette/kirghizistan/bichkek/,https://www.combien-coute.net/cigarette/kirghizistan/bichkek/,detail
Naryn,ville,Kirghizistan,kirghizistan,Marlboro,2026-04-21,1.55,159,KGS,som,1.55,1.46,2.43,159,150,250,2026-04-21,2026,https://www.combien-coute.net/cigarette/kirghizistan/naryn/,https://www.combien-coute.net/cigarette/kirghizistan/naryn/,detail
Talas,ville,Kirghizistan,kirghizistan,Marlboro,2026-04-30,1.18,121,KGS,som,1.18,1.18,2.45,121,121,251,2026-04-30,2026,https://www.combien-coute.net/cigarette/kirghizistan/talas/,https://www.combien-coute.net/cigarette/kirghizistan/talas/,detail
Uzgen,ville,Kirghizistan,kirghizistan,Marlboro,2017-11-21,0.8,65,KGS,som,0.8,0.8,0.8,65,65,65,2017-11-21,2026,https://www.combien-coute.net/cigarette/kirghizistan/uzgen/,https://www.combien-coute.net/cigarette/kirghizistan/uzgen/,detail
Bayan,ville,Koweït,koweit,Marlboro,2017-11-21,2.11,1,KWD,Dinar koweïtien,2.11,2.11,2.11,1,1,1,2017-11-21,2026,https://www.combien-coute.net/cigarette/koweit/bayan/,https://www.combien-coute.net/cigarette/koweit/bayan/,detail
Hawalli,ville,Koweït,koweit,Marlboro,2026-04-24,2.36,1,KWD,Dinar koweïtien,2.36,2.09,2.78,1,1,1,2026-04-24,2026,https://www.combien-coute.net/cigarette/koweit/hawalli/,https://www.combien-coute.net/cigarette/koweit/hawalli/,detail
Ville de Koweït,ville,Koweït,koweit,Marlboro,2026-04-23,2.35,1,KWD,Dinar koweïtien,2.35,2.08,2.49,1,1,1,2026-04-23,2026,https://www.combien-coute.net/cigarette/koweit/ville-de-koweit/,https://www.combien-coute.net/cigarette/koweit/ville-de-koweit/,detail
Hossegor,ville,Landes,landes,Marlboro,2026-04-15,11.75,,,,11.75,11,14,,,,2026-04-15,2026,https://www.combien-coute.net/cigarette/landes/hossegor/,https://www.combien-coute.net/cigarette/landes/hossegor/,detail
Mont-de-Marsan,ville,Landes,landes,Marlboro,2026-04-27,11,,,,11,11,12.5,,,,2026-04-27,2026,https://www.combien-coute.net/cigarette/landes/mont-de-marsan/,https://www.combien-coute.net/cigarette/landes/mont-de-marsan/,detail
Montpellier (Hérault),ville,Languedoc-Roussillon (côte méditerranéenne),languedoc-roussillon,Marlboro,2026-04-24,12.5,,,,12.5,12,13.7,,,,2026-04-24,2026,https://www.combien-coute.net/cigarette/languedoc-roussillon/montpellier/,https://www.combien-coute.net/cigarette/languedoc-roussillon/montpellier/,detail
Nîmes (Gard),ville,Languedoc-Roussillon (côte méditerranéenne),languedoc-roussillon,Marlboro,2026-04-24,12.5,,,,12.5,11.5,13,,,,2026-04-24,2026,https://www.combien-coute.net/cigarette/languedoc-roussillon/nimes/,https://www.combien-coute.net/cigarette/languedoc-roussillon/nimes/,detail
Perpignan,ville,Languedoc-Roussillon (côte méditerranéenne),languedoc-roussillon,Marlboro,2026-04-22,12,,,,12,11,17,,,,2026-04-22,2026,https://www.combien-coute.net/cigarette/languedoc-roussillon/perpignan/,https://www.combien-coute.net/cigarette/languedoc-roussillon/perpignan/,detail
Luang Prabang,ville,Laos,laos,Marlboro,2026-04-29,1.71,43904,₭ (LAK),kip,1.71,,,43904,,,2026-04-29,2026,https://www.combien-coute.net/cigarette/laos/luang-prabang/,https://www.combien-coute.net/cigarette/laos/luang-prabang/,detail
Thakhek,ville,Laos,laos,Marlboro,2025-12-26,1.67,42561,₭ (LAK),kip,1.67,1.37,1.96,42561,34916,49952,2025-12-26,2026,https://www.combien-coute.net/cigarette/laos/thakhek/,https://www.combien-coute.net/cigarette/laos/thakhek/,detail
Vang Vieng,ville,Laos,laos,Marlboro,2026-04-15,1.7,44046,₭ (LAK),kip,1.7,,,44046,,,2026-04-15,2026,https://www.combien-coute.net/cigarette/laos/vang-vieng/,https://www.combien-coute.net/cigarette/laos/vang-vieng/,detail
Vientiane,ville,Laos,laos,Marlboro,2026-04-29,1.56,40053,₭ (LAK),kip,1.56,1.36,1.94,40053,34918,49810,2026-04-29,2026,https://www.combien-coute.net/cigarette/laos/vientiane/,https://www.combien-coute.net/cigarette/laos/vientiane/,detail
Luleå,ville,Laponie,laponie,Marlboro,2026-04-27,6.38,,,,6.38,5.92,6.65,,,,2026-04-27,2026,https://www.combien-coute.net/cigarette/laponie/lulea/,https://www.combien-coute.net/cigarette/laponie/lulea/,detail
Rovaniemi,ville,Laponie,laponie,Marlboro,2026-05-01,10.1,,,,10.1,9.7,12.5,,,,2026-05-01,2026,https://www.combien-coute.net/cigarette/laponie/rovaniemi/,https://www.combien-coute.net/cigarette/laponie/rovaniemi/,detail
Tromsö,ville,Laponie,laponie,Marlboro,2026-04-22,14.04,,,,14.04,13.31,15.22,,,,2026-04-22,2026,https://www.combien-coute.net/cigarette/laponie/troms/,https://www.combien-coute.net/cigarette/laponie/troms/,detail
Mafeteng,ville,Lesotho,lesotho,Marlboro,2017-11-21,2,33,LSL,Loti,2,1.58,2.42,33,26,40,2017-11-21,2026,https://www.combien-coute.net/cigarette/lesotho/mafeteng/,https://www.combien-coute.net/cigarette/lesotho/mafeteng/,detail
Maseru,ville,Lesotho,lesotho,Marlboro,2026-04-21,4.41,85,LSL,Loti,4.41,,,85,,,2026-04-21,2026,https://www.combien-coute.net/cigarette/lesotho/maseru/,https://www.combien-coute.net/cigarette/lesotho/maseru/,detail
Mokhotlong,ville,Lesotho,lesotho,Marlboro,2017-11-21,2,33,LSL,Loti,2,1.58,2.42,33,26,40,2017-11-21,2026,https://www.combien-coute.net/cigarette/lesotho/mokhotlong/,https://www.combien-coute.net/cigarette/lesotho/mokhotlong/,detail
Teyateyaneng,ville,Lesotho,lesotho,Marlboro,2017-11-21,2,33,LSL,Loti,2,1.58,2.42,33,26,40,2017-11-21,2026,https://www.combien-coute.net/cigarette/lesotho/teyateyaneng/,https://www.combien-coute.net/cigarette/lesotho/teyateyaneng/,detail
Aizkraukle,ville,Lettonie,lettonie,Marlboro,2024-01-30,4.2,,,,4.2,4.2,4.2,,,,2024-01-30,2026,https://www.combien-coute.net/cigarette/lettonie/aizkraukle/,https://www.combien-coute.net/cigarette/lettonie/aizkraukle/,detail
Aloja,ville,Lettonie,lettonie,Marlboro,2026-05-01,5,,,,5,4.9,6,,,,2026-05-01,2026,https://www.combien-coute.net/cigarette/lettonie/aloja/,https://www.combien-coute.net/cigarette/lettonie/aloja/,detail
Balvi,ville,Lettonie,lettonie,Marlboro,2026-04-30,5,,,,5,4.9,6,,,,2026-04-30,2026,https://www.combien-coute.net/cigarette/lettonie/balvi/,https://www.combien-coute.net/cigarette/lettonie/balvi/,detail
Bauska,ville,Lettonie,lettonie,Marlboro,2026-05-01,5,,,,5,4.9,6,,,,2026-05-01,2026,https://www.combien-coute.net/cigarette/lettonie/bauska/,https://www.combien-coute.net/cigarette/lettonie/bauska/,detail
Daugavpils,ville,Lettonie,lettonie,Marlboro,2026-04-24,4.2,,,,4.2,4,6,,,,2026-04-24,2026,https://www.combien-coute.net/cigarette/lettonie/daugavpils/,https://www.combien-coute.net/cigarette/lettonie/daugavpils/,detail
Dobele,ville,Lettonie,lettonie,Marlboro,2026-05-01,5,,,,5,4.9,6,,,,2026-05-01,2026,https://www.combien-coute.net/cigarette/lettonie/dobele/,https://www.combien-coute.net/cigarette/lettonie/dobele/,detail
Gulbene,ville,Lettonie,lettonie,Marlboro,2026-05-01,5,,,,5,4.9,6,,,,2026-05-01,2026,https://www.combien-coute.net/cigarette/lettonie/gulbene/,https://www.combien-coute.net/cigarette/lettonie/gulbene/,detail
Ilukste,ville,Lettonie,lettonie,Marlboro,2026-05-01,5,,,,5,4.9,6,,,,2026-05-01,2026,https://www.combien-coute.net/cigarette/lettonie/ilukste/,https://www.combien-coute.net/cigarette/lettonie/ilukste/,detail
Jelgava,ville,Lettonie,lettonie,Marlboro,2026-04-24,5,,,,5,4.9,6,,,,2026-04-24,2026,https://www.combien-coute.net/cigarette/lettonie/jelgava/,https://www.combien-coute.net/cigarette/lettonie/jelgava/,detail
Jurmala,ville,Lettonie,lettonie,Marlboro,2026-04-24,4.6,,,,4.6,4.2,6,,,,2026-04-24,2026,https://www.combien-coute.net/cigarette/lettonie/jurmala/,https://www.combien-coute.net/cigarette/lettonie/jurmala/,detail
Kandava,ville,Lettonie,lettonie,Marlboro,2026-05-01,5,,,,5,4.9,6,,,,2026-05-01,2026,https://www.combien-coute.net/cigarette/lettonie/kandava/,https://www.combien-coute.net/cigarette/lettonie/kandava/,detail
Liepaja,ville,Lettonie,lettonie,Marlboro,2026-04-21,5,,,,5,4.9,6,,,,2026-04-21,2026,https://www.combien-coute.net/cigarette/lettonie/liepaja/,https://www.combien-coute.net/cigarette/lettonie/liepaja/,detail
Ludza,ville,Lettonie,lettonie,Marlboro,2026-04-30,5,,,,5,4.9,6,,,,2026-04-30,2026,https://www.combien-coute.net/cigarette/lettonie/ludza/,https://www.combien-coute.net/cigarette/lettonie/ludza/,detail
Madona,ville,Lettonie,lettonie,Marlboro,2026-04-30,5,,,,5,4.9,6,,,,2026-04-30,2026,https://www.combien-coute.net/cigarette/lettonie/madona/,https://www.combien-coute.net/cigarette/lettonie/madona/,detail
Ogre,ville,Lettonie,lettonie,Marlboro,2026-05-01,5,,,,5,4.9,6,,,,2026-05-01,2026,https://www.combien-coute.net/cigarette/lettonie/ogre/,https://www.combien-coute.net/cigarette/lettonie/ogre/,detail
Olaine,ville,Lettonie,lettonie,Marlboro,2026-04-13,5.05,,,,5.05,4.9,6,,,,2026-04-13,2026,https://www.combien-coute.net/cigarette/lettonie/olaine/,https://www.combien-coute.net/cigarette/lettonie/olaine/,detail
Riga,ville,Lettonie,lettonie,Marlboro,2025-11-24,5,,,,5,4.85,6,,,,2025-11-24,2026,https://www.combien-coute.net/cigarette/lettonie/riga/,https://www.combien-coute.net/cigarette/lettonie/riga/,detail
Salaspils,ville,Lettonie,lettonie,Marlboro,2024-02-01,4.2,,,,4.2,4.2,4.5,,,,2024-02-01,2026,https://www.combien-coute.net/cigarette/lettonie/salaspils/,https://www.combien-coute.net/cigarette/lettonie/salaspils/,detail
Saldus,ville,Lettonie,lettonie,Marlboro,2026-05-01,5,,,,5,4.9,6,,,,2026-05-01,2026,https://www.combien-coute.net/cigarette/lettonie/saldus/,https://www.combien-coute.net/cigarette/lettonie/saldus/,detail
Saulkrasti,ville,Lettonie,lettonie,Marlboro,2026-04-30,5,,,,5,4.9,6,,,,2026-04-30,2026,https://www.combien-coute.net/cigarette/lettonie/saulkrasti/,https://www.combien-coute.net/cigarette/lettonie/saulkrasti/,detail
Sigulda,ville,Lettonie,lettonie,Marlboro,2026-04-24,5,,,,5,4.9,6,,,,2026-04-24,2026,https://www.combien-coute.net/cigarette/lettonie/sigulda/,https://www.combien-coute.net/cigarette/lettonie/sigulda/,detail
Skrunda,ville,Lettonie,lettonie,Marlboro,2026-05-01,5,,,,5,4.9,6,,,,2026-05-01,2026,https://www.combien-coute.net/cigarette/lettonie/skrunda/,https://www.combien-coute.net/cigarette/lettonie/skrunda/,detail
Talsi,ville,Lettonie,lettonie,Marlboro,2024-01-30,4.2,,,,4.2,4.2,4.5,,,,2024-01-30,2026,https://www.combien-coute.net/cigarette/lettonie/talsi/,https://www.combien-coute.net/cigarette/lettonie/talsi/,detail
Tukums,ville,Lettonie,lettonie,Marlboro,2026-05-01,5,,,,5,4.9,6,,,,2026-05-01,2026,https://www.combien-coute.net/cigarette/lettonie/tukums/,https://www.combien-coute.net/cigarette/lettonie/tukums/,detail
Valmiera,ville,Lettonie,lettonie,Marlboro,2026-05-01,4.2,,,,4.2,4.2,6,,,,2026-05-01,2026,https://www.combien-coute.net/cigarette/lettonie/valmiera/,https://www.combien-coute.net/cigarette/lettonie/valmiera/,detail
Ventspils,ville,Lettonie,lettonie,Marlboro,2026-04-25,4.2,,,,4.2,4.2,6,,,,2026-04-25,2026,https://www.combien-coute.net/cigarette/lettonie/ventspils/,https://www.combien-coute.net/cigarette/lettonie/ventspils/,detail
Zilupe,ville,Lettonie,lettonie,Marlboro,2026-04-30,5,,,,5,4.9,6,,,,2026-04-30,2026,https://www.combien-coute.net/cigarette/lettonie/zilupe/,https://www.combien-coute.net/cigarette/lettonie/zilupe/,detail
Beyrouth,ville,Liban,liban,Marlboro,2026-04-30,2.57,269238,£ (LBP),Livre libanaise,2.57,2.14,3.43,269238,224191,359334,2026-04-30,2026,https://www.combien-coute.net/cigarette/liban/beyrouth/,https://www.combien-coute.net/cigarette/liban/beyrouth/,detail
Halba,ville,Liban,liban,Marlboro,2026-05-01,2.56,267489,£ (LBP),Livre libanaise,2.56,2.13,3.41,267489,222559,356304,2026-05-01,2026,https://www.combien-coute.net/cigarette/liban/halba/,https://www.combien-coute.net/cigarette/liban/halba/,detail
Sidon,ville,Liban,liban,Marlboro,2026-05-01,2.56,267489,£ (LBP),Livre libanaise,2.56,2.13,3.41,267489,222559,356304,2026-05-01,2026,https://www.combien-coute.net/cigarette/liban/sidon/,https://www.combien-coute.net/cigarette/liban/sidon/,detail
Tripoli (Liban),ville,Liban,liban,Marlboro,2026-04-25,2.13,222630,£ (LBP),Livre libanaise,2.13,1.71,3.41,222630,178731,356417,2026-04-25,2026,https://www.combien-coute.net/cigarette/liban/tripoli/,https://www.combien-coute.net/cigarette/liban/tripoli/,detail
Benghazi,ville,Libye,libye,Marlboro,2026-04-22,1.89,14,LYD,Dinar libyen,1.89,,,14,,,2026-04-22,2026,https://www.combien-coute.net/cigarette/libye/benghazi/,https://www.combien-coute.net/cigarette/libye/benghazi/,detail
Misratah,ville,Libye,libye,Marlboro,2026-05-01,1.61,12,LYD,Dinar libyen,1.61,1.34,2.68,12,10,20,2026-05-01,2026,https://www.combien-coute.net/cigarette/libye/misratah/,https://www.combien-coute.net/cigarette/libye/misratah/,detail
Limoges (Haute-Vienne),ville,Limousin,limousin,Marlboro,2026-04-27,12.5,,,,12.5,12,13,,,,2026-04-27,2026,https://www.combien-coute.net/cigarette/limousin/limoges/,https://www.combien-coute.net/cigarette/limousin/limoges/,detail
Alytus,ville,Lituanie,lituanie,Marlboro,2026-05-01,5,,,,5,4.5,6,,,,2026-05-01,2026,https://www.combien-coute.net/cigarette/lituanie/alytus/,https://www.combien-coute.net/cigarette/lituanie/alytus/,detail
Druskininkai,ville,Lituanie,lituanie,Marlboro,2026-04-26,5.08,,,,5.08,4.5,6,,,,2026-04-26,2026,https://www.combien-coute.net/cigarette/lituanie/druskininkai/,https://www.combien-coute.net/cigarette/lituanie/druskininkai/,detail
Jonava,ville,Lituanie,lituanie,Marlboro,2026-05-01,5.25,,,,5.25,4.5,6,,,,2026-05-01,2026,https://www.combien-coute.net/cigarette/lituanie/jonava/,https://www.combien-coute.net/cigarette/lituanie/jonava/,detail
Kaunas,ville,Lituanie,lituanie,Marlboro,2026-04-23,5.4,,,,5.4,5,7.99,,,,2026-04-23,2026,https://www.combien-coute.net/cigarette/lituanie/kaunas/,https://www.combien-coute.net/cigarette/lituanie/kaunas/,detail
Klaipeda,ville,Lituanie,lituanie,Marlboro,2026-04-21,5.25,,,,5.25,4.5,6,,,,2026-04-21,2026,https://www.combien-coute.net/cigarette/lituanie/klaipeda/,https://www.combien-coute.net/cigarette/lituanie/klaipeda/,detail
Palanga,ville,Lituanie,lituanie,Marlboro,2026-04-25,5.25,,,,5.25,4.9,6,,,,2026-04-25,2026,https://www.combien-coute.net/cigarette/lituanie/palanga/,https://www.combien-coute.net/cigarette/lituanie/palanga/,detail
Raseiniai,ville,Lituanie,lituanie,Marlboro,2026-05-01,5.45,,,,5.45,5,6,,,,2026-05-01,2026,https://www.combien-coute.net/cigarette/lituanie/raseiniai/,https://www.combien-coute.net/cigarette/lituanie/raseiniai/,detail
Ukmerge,ville,Lituanie,lituanie,Marlboro,2026-05-01,5.25,,,,5.25,4.5,6,,,,2026-05-01,2026,https://www.combien-coute.net/cigarette/lituanie/ukmerge/,https://www.combien-coute.net/cigarette/lituanie/ukmerge/,detail
Utena,ville,Lituanie,lituanie,Marlboro,2026-04-12,5.25,,,,5.25,4.5,6,,,,2026-04-12,2026,https://www.combien-coute.net/cigarette/lituanie/utena/,https://www.combien-coute.net/cigarette/lituanie/utena/,detail
Varena,ville,Lituanie,lituanie,Marlboro,2026-05-01,5.25,,,,5.25,4.5,6,,,,2026-05-01,2026,https://www.combien-coute.net/cigarette/lituanie/varena/,https://www.combien-coute.net/cigarette/lituanie/varena/,detail
Vilnius,ville,Lituanie,lituanie,Marlboro,2025-11-24,5.1,,,,5.1,4.85,6,,,,2025-11-24,2026,https://www.combien-coute.net/cigarette/lituanie/vilnius/,https://www.combien-coute.net/cigarette/lituanie/vilnius/,detail
Visaginas,ville,Lituanie,lituanie,Marlboro,2026-05-01,5,,,,5,5,7.99,,,,2026-05-01,2026,https://www.combien-coute.net/cigarette/lituanie/visaginas/,https://www.combien-coute.net/cigarette/lituanie/visaginas/,detail
Longwy,ville,Lorraine,lorraine,Marlboro,2024-01-30,9.5,,,,9.5,9,10,,,,2024-01-30,2026,https://www.combien-coute.net/cigarette/lorraine/longwy/,https://www.combien-coute.net/cigarette/lorraine/longwy/,detail
Metz (Moselle),ville,Lorraine,lorraine,Marlboro,2026-04-23,13,,,,13,12,14,,,,2026-04-23,2026,https://www.combien-coute.net/cigarette/lorraine/metz/,https://www.combien-coute.net/cigarette/lorraine/metz/,detail
Nancy (Meurthe-et-Moselle),ville,Lorraine,lorraine,Marlboro,2026-04-23,12.25,,,,12.25,11,16,,,,2026-04-23,2026,https://www.combien-coute.net/cigarette/lorraine/nancy/,https://www.combien-coute.net/cigarette/lorraine/nancy/,detail
Thionville,ville,Lorraine,lorraine,Marlboro,2026-04-30,12,,,,12,11,16,,,,2026-04-30,2026,https://www.combien-coute.net/cigarette/lorraine/thionville/,https://www.combien-coute.net/cigarette/lorraine/thionville/,detail
Bâton-Rouge,ville,Louisiane,louisiane,Marlboro,2026-04-15,7.52,9,$ (USD),dollar américain,7.52,7.52,9.33,9,9,11,2026-04-15,2026,https://www.combien-coute.net/cigarette/louisiane/b-ton-rouge/,https://www.combien-coute.net/cigarette/louisiane/b-ton-rouge/,detail
La Nouvelle Orléans,ville,Louisiane,louisiane,Marlboro,2025-11-25,7.81,9,$ (USD),dollar américain,7.81,7.38,9.02,9,9,10,2025-11-25,2026,https://www.combien-coute.net/cigarette/louisiane/nouvelle-orleans/,https://www.combien-coute.net/cigarette/louisiane/nouvelle-orleans/,detail
Lake Charles,ville,Louisiane,louisiane,Marlboro,2026-04-15,7.21,9,$ (USD),dollar américain,7.21,7.21,8.82,9,9,10,2026-04-15,2026,https://www.combien-coute.net/cigarette/louisiane/lake-charles/,https://www.combien-coute.net/cigarette/louisiane/lake-charles/,detail
Shreveport,ville,Louisiane,louisiane,Marlboro,2026-04-14,8.06,9,$ (USD),dollar américain,8.06,6.8,10.21,9,8,12,2026-04-14,2026,https://www.combien-coute.net/cigarette/louisiane/shreveport/,https://www.combien-coute.net/cigarette/louisiane/shreveport/,detail
Diekirch,ville,Luxembourg,luxembourg,Marlboro,2026-04-13,6.63,,,,6.63,6.5,9,,,,2026-04-13,2026,https://www.combien-coute.net/cigarette/luxembourg/diekirch/,https://www.combien-coute.net/cigarette/luxembourg/diekirch/,detail
Differdange,ville,Luxembourg,luxembourg,Marlboro,2024-09-18,5.6,,,,5.6,5.4,6.5,,,,2024-09-18,2026,https://www.combien-coute.net/cigarette/luxembourg/differdange/,https://www.combien-coute.net/cigarette/luxembourg/differdange/,detail
Echternach,ville,Luxembourg,luxembourg,Marlboro,2017-11-21,6,,,,6,6,6,,,,2017-11-21,2026,https://www.combien-coute.net/cigarette/luxembourg/echternach/,https://www.combien-coute.net/cigarette/luxembourg/echternach/,detail
Esch-sur-Alzette,ville,Luxembourg,luxembourg,Marlboro,2026-04-14,6,,,,6,5.8,6.5,,,,2026-04-14,2026,https://www.combien-coute.net/cigarette/luxembourg/esch-sur-alzette/,https://www.combien-coute.net/cigarette/luxembourg/esch-sur-alzette/,detail
Ettelbruck,ville,Luxembourg,luxembourg,Marlboro,2026-04-13,5.5,,,,5.5,5.5,9,,,,2026-04-13,2026,https://www.combien-coute.net/cigarette/luxembourg/ettelbruck/,https://www.combien-coute.net/cigarette/luxembourg/ettelbruck/,detail
Luxembourg-Ville,ville,Luxembourg,luxembourg,Marlboro,2025-11-24,6.5,,,,6.5,6,7.8,,,,2025-11-24,2026,https://www.combien-coute.net/cigarette/luxembourg/luxembourg/,https://www.combien-coute.net/cigarette/luxembourg/luxembourg/,detail
Wiltz,ville,Luxembourg,luxembourg,Marlboro,2026-04-13,6.63,,,,6.63,6.5,9,,,,2026-04-13,2026,https://www.combien-coute.net/cigarette/luxembourg/wiltz/,https://www.combien-coute.net/cigarette/luxembourg/wiltz/,detail
Lyon,ville,"Lyonnais (Rhône, Loire, Ain)",france,Marlboro,2026-04-25,12.5,,,,12.5,12,13,,,,2026-04-25,2026,https://www.combien-coute.net/cigarette/france/lyon/,https://www.combien-coute.net/cigarette/france/lyon/,detail
Lyon,ville,"Lyonnais (Rhône, Loire, Ain)",lyonnais,Marlboro,2026-04-25,12.5,,,,12.5,12,13,,,,2026-04-25,2026,https://www.combien-coute.net/cigarette/lyonnais/lyon/,https://www.combien-coute.net/cigarette/lyonnais/lyon/,detail
Saint-Étienne,ville,"Lyonnais (Rhône, Loire, Ain)",lyonnais,Marlboro,2026-04-24,11,,,,11,11,13.7,,,,2026-04-24,2026,https://www.combien-coute.net/cigarette/lyonnais/saint-etienne/,https://www.combien-coute.net/cigarette/lyonnais/saint-etienne/,detail
Villeurbanne,ville,"Lyonnais (Rhône, Loire, Ain)",lyonnais,Marlboro,2026-04-22,12.5,,,,12.5,12,13.7,,,,2026-04-22,2026,https://www.combien-coute.net/cigarette/lyonnais/villeurbanne/,https://www.combien-coute.net/cigarette/lyonnais/villeurbanne/,detail
Berovo,ville,Macédoine du Nord,macedoine,Marlboro,2026-04-25,2.92,180,MKD,Denar,2.92,2.6,3.24,180,160,200,2026-04-25,2026,https://www.combien-coute.net/cigarette/macedoine/berovo/,https://www.combien-coute.net/cigarette/macedoine/berovo/,detail
Bitola,ville,Macédoine du Nord,macedoine,Marlboro,2026-04-24,2.59,160,MKD,Denar,2.59,2.57,3.24,160,158,200,2026-04-24,2026,https://www.combien-coute.net/cigarette/macedoine/bitola/,https://www.combien-coute.net/cigarette/macedoine/bitola/,detail
Debar,ville,Macédoine du Nord,macedoine,Marlboro,2026-04-16,2.92,180,MKD,Denar,2.92,2.6,3.25,180,160,200,2026-04-16,2026,https://www.combien-coute.net/cigarette/macedoine/debar/,https://www.combien-coute.net/cigarette/macedoine/debar/,detail
Gostivar,ville,Macédoine du Nord,macedoine,Marlboro,2026-04-24,2.43,150,MKD,Denar,2.43,2.43,3.24,150,150,200,2026-04-24,2026,https://www.combien-coute.net/cigarette/macedoine/gostivar/,https://www.combien-coute.net/cigarette/macedoine/gostivar/,detail
Kavadartsi,ville,Macédoine du Nord,macedoine,Marlboro,2026-05-01,2.76,170,MKD,Denar,2.76,2.6,3.24,170,160,200,2026-05-01,2026,https://www.combien-coute.net/cigarette/macedoine/kavadartsi/,https://www.combien-coute.net/cigarette/macedoine/kavadartsi/,detail
Kitchevo,ville,Macédoine du Nord,macedoine,Marlboro,2026-05-01,2.6,160,MKD,Denar,2.6,2.6,3.24,160,160,200,2026-05-01,2026,https://www.combien-coute.net/cigarette/macedoine/kitchevo/,https://www.combien-coute.net/cigarette/macedoine/kitchevo/,detail
Koumanovo,ville,Macédoine du Nord,macedoine,Marlboro,2026-05-01,2.72,168,MKD,Denar,2.72,2.43,3.24,168,150,200,2026-05-01,2026,https://www.combien-coute.net/cigarette/macedoine/koumanovo/,https://www.combien-coute.net/cigarette/macedoine/koumanovo/,detail
Ohrid,ville,Macédoine du Nord,macedoine,Marlboro,2025-11-24,2.93,180,MKD,Denar,2.93,2.44,3.25,180,150,200,2025-11-24,2026,https://www.combien-coute.net/cigarette/macedoine/ohrid/,https://www.combien-coute.net/cigarette/macedoine/ohrid/,detail
Prilep,ville,Macédoine du Nord,macedoine,Marlboro,2026-04-13,2.61,161,MKD,Denar,2.61,2.45,3.26,161,151,201,2026-04-13,2026,https://www.combien-coute.net/cigarette/macedoine/prilep/,https://www.combien-coute.net/cigarette/macedoine/prilep/,detail
Resen,ville,Macédoine du Nord,macedoine,Marlboro,2026-04-13,2.93,181,MKD,Denar,2.93,2.61,3.26,181,161,201,2026-04-13,2026,https://www.combien-coute.net/cigarette/macedoine/resen/,https://www.combien-coute.net/cigarette/macedoine/resen/,detail
Skopje,ville,Macédoine du Nord,macedoine,Marlboro,2025-11-24,2.93,180,MKD,Denar,2.93,2.5,3.25,180,154,200,2025-11-24,2026,https://www.combien-coute.net/cigarette/macedoine/skopje/,https://www.combien-coute.net/cigarette/macedoine/skopje/,detail
Struga,ville,Macédoine du Nord,macedoine,Marlboro,2026-05-01,2.92,180,MKD,Denar,2.92,2.6,3.24,180,160,200,2026-05-01,2026,https://www.combien-coute.net/cigarette/macedoine/struga/,https://www.combien-coute.net/cigarette/macedoine/struga/,detail
Strumica,ville,Macédoine du Nord,macedoine,Marlboro,2026-05-01,2.43,150,MKD,Denar,2.43,2.27,3.24,150,140,200,2026-05-01,2026,https://www.combien-coute.net/cigarette/macedoine/strumica/,https://www.combien-coute.net/cigarette/macedoine/strumica/,detail
Tetovo,ville,Macédoine du Nord,macedoine,Marlboro,2026-04-25,2.68,165,MKD,Denar,2.68,2.43,3.24,165,150,200,2026-04-25,2026,https://www.combien-coute.net/cigarette/macedoine/tetovo/,https://www.combien-coute.net/cigarette/macedoine/tetovo/,detail
Vélès,ville,Macédoine du Nord,macedoine,Marlboro,2026-05-01,2.92,180,MKD,Denar,2.92,2.6,3.24,180,160,200,2026-05-01,2026,https://www.combien-coute.net/cigarette/macedoine/veles/,https://www.combien-coute.net/cigarette/macedoine/veles/,detail
Antananarivo (Tananarive),ville,Madagascar,madagascar,Marlboro,2025-11-23,1.44,7478,MGA,Ariary (depuis 2004),1.44,1.35,2.89,7478,7011,15008,2025-11-23,2026,https://www.combien-coute.net/cigarette/madagascar/antananarivo/,https://www.combien-coute.net/cigarette/madagascar/antananarivo/,detail
Antsirabe,ville,Madagascar,madagascar,Marlboro,2025-12-24,1.39,7349,MGA,Ariary (depuis 2004),1.39,1.3,2.79,7349,6873,14751,2025-12-24,2026,https://www.combien-coute.net/cigarette/madagascar/antsirabe/,https://www.combien-coute.net/cigarette/madagascar/antsirabe/,detail
Funchal,ville,Madère,madere,Marlboro,2026-05-01,5,,,,5,4.95,5.1,,,,2026-05-01,2026,https://www.combien-coute.net/cigarette/madere/funchal/,https://www.combien-coute.net/cigarette/madere/funchal/,detail
Batu Pahat,ville,Malaisie,malaisie,Marlboro,2026-05-01,3.86,18,MYR,Ringgit,3.86,3.86,4.29,18,18,20,2026-05-01,2026,https://www.combien-coute.net/cigarette/malaisie/batu-pahat/,https://www.combien-coute.net/cigarette/malaisie/batu-pahat/,detail
Bintulu,ville,Malaisie,malaisie,Marlboro,2026-05-01,3.65,17,MYR,Ringgit,3.65,,,17,,,2026-05-01,2026,https://www.combien-coute.net/cigarette/malaisie/bintulu/,https://www.combien-coute.net/cigarette/malaisie/bintulu/,detail
George Town,ville,Malaisie,malaisie,Marlboro,2026-04-14,3.96,18,MYR,Ringgit,3.96,3.64,5.56,18,17,26,2026-04-14,2026,https://www.combien-coute.net/cigarette/malaisie/george-town/,https://www.combien-coute.net/cigarette/malaisie/george-town/,detail
Ipoh,ville,Malaisie,malaisie,Marlboro,2026-04-13,3.89,18,MYR,Ringgit,3.89,3.76,4.75,18,17,22,2026-04-13,2026,https://www.combien-coute.net/cigarette/malaisie/ipoh/,https://www.combien-coute.net/cigarette/malaisie/ipoh/,detail
Johor Bahru,ville,Malaisie,malaisie,Marlboro,2026-04-26,3.74,17,MYR,Ringgit,3.74,3.23,3.87,17,15,18,2026-04-26,2026,https://www.combien-coute.net/cigarette/malaisie/johor-bahru/,https://www.combien-coute.net/cigarette/malaisie/johor-bahru/,detail
Kluang,ville,Malaisie,malaisie,Marlboro,2026-05-01,3.86,18,MYR,Ringgit,3.86,3.86,4.29,18,18,20,2026-05-01,2026,https://www.combien-coute.net/cigarette/malaisie/kluang/,https://www.combien-coute.net/cigarette/malaisie/kluang/,detail
Kota Bharu,ville,Malaisie,malaisie,Marlboro,2026-04-19,3.01,14,MYR,Ringgit,3.01,3.01,5.59,14,14,26,2026-04-19,2026,https://www.combien-coute.net/cigarette/malaisie/kota-bharu/,https://www.combien-coute.net/cigarette/malaisie/kota-bharu/,detail
Kota Kinabalu,ville,Malaisie,malaisie,Marlboro,2026-04-26,4.03,19,MYR,Ringgit,4.03,3.4,5.16,19,16,24,2026-04-26,2026,https://www.combien-coute.net/cigarette/malaisie/kota-kinabalu/,https://www.combien-coute.net/cigarette/malaisie/kota-kinabalu/,detail
Kuala Lumpur,ville,Malaisie,malaisie,Marlboro,2026-04-29,3.89,18,MYR,Ringgit,3.89,3.76,4.75,18,17,22,2026-04-29,2026,https://www.combien-coute.net/cigarette/malaisie/kuala-lumpur/,https://www.combien-coute.net/cigarette/malaisie/kuala-lumpur/,detail
Kuala Terengganu,ville,Malaisie,malaisie,Marlboro,2026-04-14,3.83,18,MYR,Ringgit,3.83,,,18,,,2026-04-14,2026,https://www.combien-coute.net/cigarette/malaisie/kuala-terengganu/,https://www.combien-coute.net/cigarette/malaisie/kuala-terengganu/,detail
Kuantan,ville,Malaisie,malaisie,Marlboro,2025-11-25,3.65,17,MYR,Ringgit,3.65,3.65,6.29,17,17,30,2025-11-25,2026,https://www.combien-coute.net/cigarette/malaisie/kuantan/,https://www.combien-coute.net/cigarette/malaisie/kuantan/,detail
Kuching,ville,Malaisie,malaisie,Marlboro,2026-04-21,4.08,19,MYR,Ringgit,4.08,3.84,4.29,19,18,20,2026-04-21,2026,https://www.combien-coute.net/cigarette/malaisie/kuching/,https://www.combien-coute.net/cigarette/malaisie/kuching/,detail
Malacca,ville,Malaisie,malaisie,Marlboro,2026-04-27,3.75,17,MYR,Ringgit,3.75,3.23,3.88,17,15,18,2026-04-27,2026,https://www.combien-coute.net/cigarette/malaisie/malacca/,https://www.combien-coute.net/cigarette/malaisie/malacca/,detail
Miri,ville,Malaisie,malaisie,Marlboro,2025-11-25,3.71,18,MYR,Ringgit,3.71,,,18,,,2025-11-25,2026,https://www.combien-coute.net/cigarette/malaisie/miri/,https://www.combien-coute.net/cigarette/malaisie/miri/,detail
Pangkor,ville,Malaisie,malaisie,Marlboro,2026-04-19,3.87,18,MYR,Ringgit,3.87,3.74,4.73,18,17,22,2026-04-19,2026,https://www.combien-coute.net/cigarette/malaisie/ile-de-pangkor/,https://www.combien-coute.net/cigarette/malaisie/ile-de-pangkor/,detail
Penang,ville,Malaisie,malaisie,Marlboro,2026-04-29,4.04,19,MYR,Ringgit,4.04,3.67,5.62,19,17,26,2026-04-29,2026,https://www.combien-coute.net/cigarette/malaisie/ile-de-penang/,https://www.combien-coute.net/cigarette/malaisie/ile-de-penang/,detail
Sibu,ville,Malaisie,malaisie,Marlboro,2026-04-13,3.67,17,MYR,Ringgit,3.67,,,17,,,2026-04-13,2026,https://www.combien-coute.net/cigarette/malaisie/sibu/,https://www.combien-coute.net/cigarette/malaisie/sibu/,detail
Sungai Petani,ville,Malaisie,malaisie,Marlboro,2026-04-13,3.76,17,MYR,Ringgit,3.76,3.67,5.62,17,17,26,2026-04-13,2026,https://www.combien-coute.net/cigarette/malaisie/sungai-petani/,https://www.combien-coute.net/cigarette/malaisie/sungai-petani/,detail
Taiping,ville,Malaisie,malaisie,Marlboro,2026-04-14,3.85,18,MYR,Ringgit,3.85,3.72,5.35,18,17,25,2026-04-14,2026,https://www.combien-coute.net/cigarette/malaisie/taiping/,https://www.combien-coute.net/cigarette/malaisie/taiping/,detail
les Cameron Highlands,ville,Malaisie,malaisie,Marlboro,2026-05-01,4.02,19,MYR,Ringgit,4.02,3.65,5.58,19,17,26,2026-05-01,2026,https://www.combien-coute.net/cigarette/malaisie/cameron-highlands/,https://www.combien-coute.net/cigarette/malaisie/cameron-highlands/,detail
Blantyre,ville,Malawi,malawi,Marlboro,2026-04-26,2.03,4120,MWK,Kwacha du Malawi,2.03,,,4120,,,2026-04-26,2026,https://www.combien-coute.net/cigarette/malawi/blantyre/,https://www.combien-coute.net/cigarette/malawi/blantyre/,detail
Lilongwe,ville,Malawi,malawi,Marlboro,2026-04-22,1.35,2753,MWK,Kwacha du Malawi,1.35,0.63,2.07,2753,1285,4222,2026-04-22,2026,https://www.combien-coute.net/cigarette/malawi/lilongwe/,https://www.combien-coute.net/cigarette/malawi/lilongwe/,detail
Malé,ville,Maldives,maldives,Marlboro,2026-04-30,12.89,233,MVR,Rufiyaa,12.89,11.09,13.71,233,200,248,2026-04-30,2026,https://www.combien-coute.net/cigarette/maldives/male/,https://www.combien-coute.net/cigarette/maldives/male/,detail
Bamako,ville,Mali,mali,Marlboro,2025-11-24,0.81,531,F CFA (XOF),Franc CFA-BCEAO,0.81,,,531,,,2025-11-24,2026,https://www.combien-coute.net/cigarette/mali/bamako/,https://www.combien-coute.net/cigarette/mali/bamako/,detail
Sikasso,ville,Mali,mali,Marlboro,2024-01-27,1.12,736,F CFA (XOF),Franc CFA-BCEAO,1.12,0.86,1.38,736,564,907,2024-01-27,2026,https://www.combien-coute.net/cigarette/mali/sikasso/,https://www.combien-coute.net/cigarette/mali/sikasso/,detail
Birkirkara,ville,Malte,malte,Marlboro,2026-04-14,5.85,,,,5.85,5.5,9,,,,2026-04-14,2026,https://www.combien-coute.net/cigarette/malte/birkirkara/,https://www.combien-coute.net/cigarette/malte/birkirkara/,detail
Gozo,ville,Malte,malte,Marlboro,2026-04-13,5.7,,,,5.7,5.5,6.1,,,,2026-04-13,2026,https://www.combien-coute.net/cigarette/malte/gozo/,https://www.combien-coute.net/cigarette/malte/gozo/,detail
La Valette,ville,Malte,malte,Marlboro,2025-11-24,5.65,,,,5.65,5,6.1,,,,2025-11-24,2026,https://www.combien-coute.net/cigarette/malte/la-valette/,https://www.combien-coute.net/cigarette/malte/la-valette/,detail
Luqa,ville,Malte,malte,Marlboro,2026-04-13,6.06,,,,6.06,6,6.95,,,,2026-04-13,2026,https://www.combien-coute.net/cigarette/malte/luqa/,https://www.combien-coute.net/cigarette/malte/luqa/,detail
Marsaxlokk,ville,Malte,malte,Marlboro,2026-04-14,6.06,,,,6.06,6,6.06,,,,2026-04-14,2026,https://www.combien-coute.net/cigarette/malte/marsaxlokk/,https://www.combien-coute.net/cigarette/malte/marsaxlokk/,detail
Mellieha,ville,Malte,malte,Marlboro,2017-11-21,5.85,,,,5.85,5.85,5.85,,,,2017-11-21,2026,https://www.combien-coute.net/cigarette/malte/mellieha/,https://www.combien-coute.net/cigarette/malte/mellieha/,detail
Mgarr,ville,Malte,malte,Marlboro,2026-04-14,5.7,,,,5.7,5.57,6.1,,,,2026-04-14,2026,https://www.combien-coute.net/cigarette/malte/mgarr/,https://www.combien-coute.net/cigarette/malte/mgarr/,detail
Mosta,ville,Malte,malte,Marlboro,2026-04-13,5.7,,,,5.7,5.57,6.1,,,,2026-04-13,2026,https://www.combien-coute.net/cigarette/malte/mosta/,https://www.combien-coute.net/cigarette/malte/mosta/,detail
Qormi,ville,Malte,malte,Marlboro,2026-04-15,5.65,,,,5.65,5.57,6.1,,,,2026-04-15,2026,https://www.combien-coute.net/cigarette/malte/qormi/,https://www.combien-coute.net/cigarette/malte/qormi/,detail
San Giljan,ville,Malte,malte,Marlboro,2025-11-24,5.65,,,,5.65,5,6.1,,,,2025-11-24,2026,https://www.combien-coute.net/cigarette/malte/san-giljan/,https://www.combien-coute.net/cigarette/malte/san-giljan/,detail
San Lawrenz,ville,Malte,malte,Marlboro,2025-11-24,5.65,,,,5.65,5,6.1,,,,2025-11-24,2026,https://www.combien-coute.net/cigarette/malte/san-lawrenz/,https://www.combien-coute.net/cigarette/malte/san-lawrenz/,detail
Siggiewi,ville,Malte,malte,Marlboro,2026-04-13,6.06,,,,6.06,6,6.06,,,,2026-04-13,2026,https://www.combien-coute.net/cigarette/malte/siggiewi/,https://www.combien-coute.net/cigarette/malte/siggiewi/,detail
Swieqi,ville,Malte,malte,Marlboro,2026-04-13,5.6,,,,5.6,5.57,6.1,,,,2026-04-13,2026,https://www.combien-coute.net/cigarette/malte/swieqi/,https://www.combien-coute.net/cigarette/malte/swieqi/,detail
Ta' Sannat,ville,Malte,malte,Marlboro,2026-04-15,5.7,,,,5.7,5.57,6.1,,,,2026-04-15,2026,https://www.combien-coute.net/cigarette/malte/ta-sannat/,https://www.combien-coute.net/cigarette/malte/ta-sannat/,detail
Tas-Sliema,ville,Malte,malte,Marlboro,2026-04-13,6.06,,,,6.06,6,6.06,,,,2026-04-13,2026,https://www.combien-coute.net/cigarette/malte/tas-sliema/,https://www.combien-coute.net/cigarette/malte/tas-sliema/,detail
Zabbar,ville,Malte,malte,Marlboro,2017-11-21,5.75,,,,5.75,5.5,6,,,,2017-11-21,2026,https://www.combien-coute.net/cigarette/malte/zabbar/,https://www.combien-coute.net/cigarette/malte/zabbar/,detail
Zebbug,ville,Malte,malte,Marlboro,2026-04-13,5.7,,,,5.7,5.57,6.1,,,,2026-04-13,2026,https://www.combien-coute.net/cigarette/malte/zebbug/,https://www.combien-coute.net/cigarette/malte/zebbug/,detail
Zurrieq,ville,Malte,malte,Marlboro,2026-04-13,6.06,,,,6.06,6,6.06,,,,2026-04-13,2026,https://www.combien-coute.net/cigarette/malte/zurrieq/,https://www.combien-coute.net/cigarette/malte/zurrieq/,detail
Agadir,ville,Maroc,maroc,Marlboro,2026-04-16,3.67,40,MAD,Dirham marocain,3.67,3.21,4.13,40,35,45,2026-04-16,2026,https://www.combien-coute.net/cigarette/maroc/agadir/,https://www.combien-coute.net/cigarette/maroc/agadir/,detail
Al Hoceima,ville,Maroc,maroc,Marlboro,2026-04-13,3.69,40,MAD,Dirham marocain,3.69,3.6,4.61,40,39,50,2026-04-13,2026,https://www.combien-coute.net/cigarette/maroc/al-hoceima/,https://www.combien-coute.net/cigarette/maroc/al-hoceima/,detail
Beni Mellal,ville,Maroc,maroc,Marlboro,2026-04-24,3.51,38,MAD,Dirham marocain,3.51,3.42,3.83,38,37,42,2026-04-24,2026,https://www.combien-coute.net/cigarette/maroc/beni-mellal/,https://www.combien-coute.net/cigarette/maroc/beni-mellal/,detail
Berkane,ville,Maroc,maroc,Marlboro,2026-04-18,3.5,38,MAD,Dirham marocain,3.5,,,38,,,2026-04-18,2026,https://www.combien-coute.net/cigarette/maroc/berkane/,https://www.combien-coute.net/cigarette/maroc/berkane/,detail
Berrechid,ville,Maroc,maroc,Marlboro,2026-04-14,3.49,38,MAD,Dirham marocain,3.49,3.21,3.95,38,35,43,2026-04-14,2026,https://www.combien-coute.net/cigarette/maroc/berrechid/,https://www.combien-coute.net/cigarette/maroc/berrechid/,detail
Casablanca,ville,Maroc,maroc,Marlboro,2026-04-16,3.67,40,MAD,Dirham marocain,3.67,3.67,3.94,40,40,43,2026-04-16,2026,https://www.combien-coute.net/cigarette/maroc/casablanca/,https://www.combien-coute.net/cigarette/maroc/casablanca/,detail
Chefchaouen,ville,Maroc,maroc,Marlboro,2026-04-16,3.67,40,MAD,Dirham marocain,3.67,3.58,4.59,40,39,50,2026-04-16,2026,https://www.combien-coute.net/cigarette/maroc/chefchaouen/,https://www.combien-coute.net/cigarette/maroc/chefchaouen/,detail
El Jadida,ville,Maroc,maroc,Marlboro,2026-04-23,3.35,36,MAD,Dirham marocain,3.35,2.31,3.7,36,25,40,2026-04-23,2026,https://www.combien-coute.net/cigarette/maroc/el-jadida/,https://www.combien-coute.net/cigarette/maroc/el-jadida/,detail
Errachidia,ville,Maroc,maroc,Marlboro,2017-11-21,2.25,25,MAD,Dirham marocain,2.25,2.25,2.25,25,25,25,2017-11-21,2026,https://www.combien-coute.net/cigarette/maroc/errachidia/,https://www.combien-coute.net/cigarette/maroc/errachidia/,detail
Essaouira,ville,Maroc,maroc,Marlboro,2017-11-21,2.97,33,MAD,Dirham marocain,2.97,,,33,,,2017-11-21,2026,https://www.combien-coute.net/cigarette/maroc/essaouira/,https://www.combien-coute.net/cigarette/maroc/essaouira/,detail
Fès,ville,Maroc,maroc,Marlboro,2026-04-17,3.54,39,MAD,Dirham marocain,3.54,3.22,5.06,39,35,55,2026-04-17,2026,https://www.combien-coute.net/cigarette/maroc/fes/,https://www.combien-coute.net/cigarette/maroc/fes/,detail
Guelmim,ville,Maroc,maroc,Marlboro,2026-04-13,3.69,40,MAD,Dirham marocain,3.69,3.23,4.15,40,35,45,2026-04-13,2026,https://www.combien-coute.net/cigarette/maroc/guelmim/,https://www.combien-coute.net/cigarette/maroc/guelmim/,detail
Khemisset,ville,Maroc,maroc,Marlboro,2026-04-13,3.67,40,MAD,Dirham marocain,3.67,2.91,4.61,40,32,50,2026-04-13,2026,https://www.combien-coute.net/cigarette/maroc/khemisset/,https://www.combien-coute.net/cigarette/maroc/khemisset/,detail
Khouribga,ville,Maroc,maroc,Marlboro,2026-04-13,3.23,35,MAD,Dirham marocain,3.23,2.68,3.78,35,29,41,2026-04-13,2026,https://www.combien-coute.net/cigarette/maroc/khouribga/,https://www.combien-coute.net/cigarette/maroc/khouribga/,detail
Ksar El Kebir,ville,Maroc,maroc,Marlboro,2026-04-13,3.69,40,MAD,Dirham marocain,3.69,3.69,3.97,40,40,43,2026-04-13,2026,https://www.combien-coute.net/cigarette/maroc/ksar-el-kebir/,https://www.combien-coute.net/cigarette/maroc/ksar-el-kebir/,detail
Kénitra,ville,Maroc,maroc,Marlboro,2026-04-13,3.51,38,MAD,Dirham marocain,3.51,3.23,3.69,38,35,40,2026-04-13,2026,https://www.combien-coute.net/cigarette/maroc/kenitra/,https://www.combien-coute.net/cigarette/maroc/kenitra/,detail
Larache,ville,Maroc,maroc,Marlboro,2026-04-13,3.69,40,MAD,Dirham marocain,3.69,3.69,3.97,40,40,43,2026-04-13,2026,https://www.combien-coute.net/cigarette/maroc/larache/,https://www.combien-coute.net/cigarette/maroc/larache/,detail
Marrakech,ville,Maroc,maroc,Marlboro,2026-05-01,3.69,40,MAD,Dirham marocain,3.69,3.23,3.97,40,35,43,2026-05-01,2026,https://www.combien-coute.net/cigarette/maroc/marrakech/,https://www.combien-coute.net/cigarette/maroc/marrakech/,detail
Meknès,ville,Maroc,maroc,Marlboro,2026-04-23,3.51,38,MAD,Dirham marocain,3.51,3.14,4.16,38,34,45,2026-04-23,2026,https://www.combien-coute.net/cigarette/maroc/meknes/,https://www.combien-coute.net/cigarette/maroc/meknes/,detail
Mohammédia,ville,Maroc,maroc,Marlboro,2026-04-14,3.67,40,MAD,Dirham marocain,3.67,3.58,3.95,40,39,43,2026-04-14,2026,https://www.combien-coute.net/cigarette/maroc/mohammedia/,https://www.combien-coute.net/cigarette/maroc/mohammedia/,detail
Nador,ville,Maroc,maroc,Marlboro,2026-04-23,3.42,37,MAD,Dirham marocain,3.42,3.14,3.7,37,34,40,2026-04-23,2026,https://www.combien-coute.net/cigarette/maroc/nador/,https://www.combien-coute.net/cigarette/maroc/nador/,detail
Ouarzazate,ville,Maroc,maroc,Marlboro,2026-04-23,3.7,40,MAD,Dirham marocain,3.7,3.24,3.98,40,35,43,2026-04-23,2026,https://www.combien-coute.net/cigarette/maroc/ouarzazate/,https://www.combien-coute.net/cigarette/maroc/ouarzazate/,detail
Oued Zem,ville,Maroc,maroc,Marlboro,2026-04-13,3.74,41,MAD,Dirham marocain,3.74,3.6,3.83,41,39,42,2026-04-13,2026,https://www.combien-coute.net/cigarette/maroc/oued-zem/,https://www.combien-coute.net/cigarette/maroc/oued-zem/,detail
Oujda,ville,Maroc,maroc,Marlboro,2026-04-24,3.56,39,MAD,Dirham marocain,3.56,3.51,3.6,39,38,39,2026-04-24,2026,https://www.combien-coute.net/cigarette/maroc/oujda/,https://www.combien-coute.net/cigarette/maroc/oujda/,detail
Rabat,ville,Maroc,maroc,Marlboro,2026-04-21,3.73,41,MAD,Dirham marocain,3.73,3.58,3.81,41,39,42,2026-04-21,2026,https://www.combien-coute.net/cigarette/maroc/rabat/,https://www.combien-coute.net/cigarette/maroc/rabat/,detail
Safi,ville,Maroc,maroc,Marlboro,2026-04-24,3.42,37,MAD,Dirham marocain,3.42,3.23,4.16,37,35,45,2026-04-24,2026,https://www.combien-coute.net/cigarette/maroc/safi/,https://www.combien-coute.net/cigarette/maroc/safi/,detail
Settat,ville,Maroc,maroc,Marlboro,2026-04-23,3.7,40,MAD,Dirham marocain,3.7,3.24,3.98,40,35,43,2026-04-23,2026,https://www.combien-coute.net/cigarette/maroc/settat/,https://www.combien-coute.net/cigarette/maroc/settat/,detail
Sidi Slimane,ville,Maroc,maroc,Marlboro,2024-01-31,3.6,39,MAD,Dirham marocain,3.6,2.77,3.69,39,30,40,2024-01-31,2026,https://www.combien-coute.net/cigarette/maroc/sidi-slimane/,https://www.combien-coute.net/cigarette/maroc/sidi-slimane/,detail
Tanger,ville,Maroc,maroc,Marlboro,2026-04-17,3.68,40,MAD,Dirham marocain,3.68,3.58,4.6,40,39,50,2026-04-17,2026,https://www.combien-coute.net/cigarette/maroc/tanger/,https://www.combien-coute.net/cigarette/maroc/tanger/,detail
Taounate,ville,Maroc,maroc,Marlboro,2026-04-13,3.74,41,MAD,Dirham marocain,3.74,3.6,3.83,41,39,42,2026-04-13,2026,https://www.combien-coute.net/cigarette/maroc/taounate/,https://www.combien-coute.net/cigarette/maroc/taounate/,detail
Taza,ville,Maroc,maroc,Marlboro,2026-04-13,3.74,41,MAD,Dirham marocain,3.74,3.6,4.15,41,39,45,2026-04-13,2026,https://www.combien-coute.net/cigarette/maroc/taza/,https://www.combien-coute.net/cigarette/maroc/taza/,detail
Tetouan,ville,Maroc,maroc,Marlboro,2026-04-25,3.41,37,MAD,Dirham marocain,3.41,3.14,3.69,37,34,40,2026-04-25,2026,https://www.combien-coute.net/cigarette/maroc/tetouan/,https://www.combien-coute.net/cigarette/maroc/tetouan/,detail
Tiznit,ville,Maroc,maroc,Marlboro,2026-04-13,3.69,40,MAD,Dirham marocain,3.69,3.23,3.97,40,35,43,2026-04-13,2026,https://www.combien-coute.net/cigarette/maroc/tiznit/,https://www.combien-coute.net/cigarette/maroc/tiznit/,detail
Fort-de-France,ville,Martinique,martinique,Marlboro,2026-04-24,10.6,,,,10.6,10.2,11,,,,2026-04-24,2026,https://www.combien-coute.net/cigarette/martinique/fort-de-france/,https://www.combien-coute.net/cigarette/martinique/fort-de-france/,detail
Nouakchott,ville,Mauritanie,mauritanie,Marlboro,2026-04-17,2.13,100,MRU,Ouguiya,2.13,2.13,2.15,100,100,101,2026-04-17,2026,https://www.combien-coute.net/cigarette/mauritanie/nouakchott/,https://www.combien-coute.net/cigarette/mauritanie/nouakchott/,detail
Acapulco,ville,Mexique,mexique,Marlboro,2026-04-21,7.35,150,MXN,Nouveau Peso mexicain,7.35,,,150,,,2026-04-21,2026,https://www.combien-coute.net/cigarette/mexique/acapulco/,https://www.combien-coute.net/cigarette/mexique/acapulco/,detail
Aguascalientes,ville,Mexique,mexique,Marlboro,2026-04-13,3.93,80,MXN,Nouveau Peso mexicain,3.93,3.93,4.37,80,80,89,2026-04-13,2026,https://www.combien-coute.net/cigarette/mexique/aguascalientes/,https://www.combien-coute.net/cigarette/mexique/aguascalientes/,detail
Campeche,ville,Mexique,mexique,Marlboro,2017-11-21,2.06,46,MXN,Nouveau Peso mexicain,2.06,2.06,2.06,46,46,46,2017-11-21,2026,https://www.combien-coute.net/cigarette/mexique/campeche/,https://www.combien-coute.net/cigarette/mexique/campeche/,detail
Cancún,ville,Mexique,mexique,Marlboro,2026-04-18,3.83,78,MXN,Nouveau Peso mexicain,3.83,3.43,3.93,78,70,80,2026-04-18,2026,https://www.combien-coute.net/cigarette/mexique/cancun/,https://www.combien-coute.net/cigarette/mexique/cancun/,detail
Chihuahua,ville,Mexique,mexique,Marlboro,2026-04-22,3.93,80,MXN,Nouveau Peso mexicain,3.93,3.44,3.93,80,70,80,2026-04-22,2026,https://www.combien-coute.net/cigarette/mexique/chihuahua/,https://www.combien-coute.net/cigarette/mexique/chihuahua/,detail
Ciudad Victoria,ville,Mexique,mexique,Marlboro,2026-04-13,4.09,83,MXN,Nouveau Peso mexicain,4.09,3.93,5.9,83,80,120,2026-04-13,2026,https://www.combien-coute.net/cigarette/mexique/ciudad-victoria/,https://www.combien-coute.net/cigarette/mexique/ciudad-victoria/,detail
Ciudad del Carmen,ville,Mexique,mexique,Marlboro,2024-05-04,5.49,100,MXN,Nouveau Peso mexicain,5.49,,,100,,,2024-05-04,2026,https://www.combien-coute.net/cigarette/mexique/ciudad-del-carmen/,https://www.combien-coute.net/cigarette/mexique/ciudad-del-carmen/,detail
Coatzacoalcos,ville,Mexique,mexique,Marlboro,2024-02-01,5.39,100,MXN,Nouveau Peso mexicain,5.39,5.39,5.39,100,100,100,2024-02-01,2026,https://www.combien-coute.net/cigarette/mexique/coatzacoalcos/,https://www.combien-coute.net/cigarette/mexique/coatzacoalcos/,detail
Colima,ville,Mexique,mexique,Marlboro,2026-04-13,3.32,67,MXN,Nouveau Peso mexicain,3.32,3.19,7.37,67,65,150,2026-04-13,2026,https://www.combien-coute.net/cigarette/mexique/colima/,https://www.combien-coute.net/cigarette/mexique/colima/,detail
Cozumel,ville,Mexique,mexique,Marlboro,2026-05-01,3.93,81,MXN,Nouveau Peso mexicain,3.93,3.42,4.78,81,70,98,2026-05-01,2026,https://www.combien-coute.net/cigarette/mexique/cozumel/,https://www.combien-coute.net/cigarette/mexique/cozumel/,detail
Durango,ville,Mexique,mexique,Marlboro,2026-04-18,3.31,67,MXN,Nouveau Peso mexicain,3.31,2.94,3.68,67,60,75,2026-04-18,2026,https://www.combien-coute.net/cigarette/mexique/durango/,https://www.combien-coute.net/cigarette/mexique/durango/,detail
Ensenada,ville,Mexique,mexique,Marlboro,2026-04-13,3.69,75,MXN,Nouveau Peso mexicain,3.69,3.4,4.03,75,69,82,2026-04-13,2026,https://www.combien-coute.net/cigarette/mexique/ensenada/,https://www.combien-coute.net/cigarette/mexique/ensenada/,detail
Guadalajara,ville,Mexique,mexique,Marlboro,2026-04-19,4.2,86,MXN,Nouveau Peso mexicain,4.2,3.93,5.35,86,80,109,2026-04-19,2026,https://www.combien-coute.net/cigarette/mexique/guadalajara/,https://www.combien-coute.net/cigarette/mexique/guadalajara/,detail
Hermosillo,ville,Mexique,mexique,Marlboro,2026-04-13,3.93,80,MXN,Nouveau Peso mexicain,3.93,3.69,4.18,80,75,85,2026-04-13,2026,https://www.combien-coute.net/cigarette/mexique/hermosillo/,https://www.combien-coute.net/cigarette/mexique/hermosillo/,detail
Isla Mujeres,ville,Mexique,mexique,Marlboro,2024-08-27,3.61,78,MXN,Nouveau Peso mexicain,3.61,3.17,3.96,78,68,85,2024-08-27,2026,https://www.combien-coute.net/cigarette/mexique/isla-mujeres/,https://www.combien-coute.net/cigarette/mexique/isla-mujeres/,detail
La Paz (Basse Californie du Sud),ville,Mexique,mexique,Marlboro,2017-11-21,1.83,15,MXN,Nouveau Peso mexicain,1.83,1.22,2.19,15,10,18,2017-11-21,2026,https://www.combien-coute.net/cigarette/mexique/la-paz-basse-californie-du-sud/,https://www.combien-coute.net/cigarette/mexique/la-paz-basse-californie-du-sud/,detail
Manzanillo,ville,Mexique,mexique,Marlboro,2026-04-13,5.06,103,MXN,Nouveau Peso mexicain,5.06,4.92,7.37,103,100,150,2026-04-13,2026,https://www.combien-coute.net/cigarette/mexique/manzanillo/,https://www.combien-coute.net/cigarette/mexique/manzanillo/,detail
Mexico,ville,Mexique,mexique,Marlboro,2026-04-18,4.27,87,MXN,Nouveau Peso mexicain,4.27,3.93,5.89,87,80,120,2026-04-18,2026,https://www.combien-coute.net/cigarette/mexique/mexico/,https://www.combien-coute.net/cigarette/mexique/mexico/,detail
Monclova,ville,Mexique,mexique,Marlboro,2026-04-14,4.09,83,MXN,Nouveau Peso mexicain,4.09,3.93,5.9,83,80,120,2026-04-14,2026,https://www.combien-coute.net/cigarette/mexique/monclova/,https://www.combien-coute.net/cigarette/mexique/monclova/,detail
Monterrey,ville,Mexique,mexique,Marlboro,2026-04-14,4.09,83,MXN,Nouveau Peso mexicain,4.09,3.93,5.9,83,80,120,2026-04-14,2026,https://www.combien-coute.net/cigarette/mexique/monterrey/,https://www.combien-coute.net/cigarette/mexique/monterrey/,detail
Morelia,ville,Mexique,mexique,Marlboro,2026-04-13,3.48,71,MXN,Nouveau Peso mexicain,3.48,2.79,5.36,71,57,109,2026-04-13,2026,https://www.combien-coute.net/cigarette/mexique/morelia/,https://www.combien-coute.net/cigarette/mexique/morelia/,detail
Mérida (Yucatan),ville,Mexique,mexique,Marlboro,2026-04-14,3.95,80,MXN,Nouveau Peso mexicain,3.95,3.44,4.81,80,70,98,2026-04-14,2026,https://www.combien-coute.net/cigarette/mexique/merida-yucatan/,https://www.combien-coute.net/cigarette/mexique/merida-yucatan/,detail
Nuevo Casas Grandes,ville,Mexique,mexique,Marlboro,2025-12-12,3.78,80,MXN,Nouveau Peso mexicain,3.78,3.3,3.78,80,70,80,2025-12-12,2026,https://www.combien-coute.net/cigarette/mexique/nuevo-casas-grandes/,https://www.combien-coute.net/cigarette/mexique/nuevo-casas-grandes/,detail
Nuevo Laredo,ville,Mexique,mexique,Marlboro,2024-11-27,3.43,74,MXN,Nouveau Peso mexicain,3.43,,,74,,,2024-11-27,2026,https://www.combien-coute.net/cigarette/mexique/nuevo-laredo/,https://www.combien-coute.net/cigarette/mexique/nuevo-laredo/,detail
Pachuca,ville,Mexique,mexique,Marlboro,2025-11-24,3.76,80,MXN,Nouveau Peso mexicain,3.76,3.53,7.06,80,75,150,2025-11-24,2026,https://www.combien-coute.net/cigarette/mexique/pachuca/,https://www.combien-coute.net/cigarette/mexique/pachuca/,detail
Playa del Carmen,ville,Mexique,mexique,Marlboro,2026-04-24,3.83,78,MXN,Nouveau Peso mexicain,3.83,3.44,3.93,78,70,80,2026-04-24,2026,https://www.combien-coute.net/cigarette/mexique/playa-del-carmen/,https://www.combien-coute.net/cigarette/mexique/playa-del-carmen/,detail
Puebla,ville,Mexique,mexique,Marlboro,2026-04-20,4.66,95,MXN,Nouveau Peso mexicain,4.66,3.93,5.16,95,80,105,2026-04-20,2026,https://www.combien-coute.net/cigarette/mexique/puebla/,https://www.combien-coute.net/cigarette/mexique/puebla/,detail
Puerto Escondido,ville,Mexique,mexique,Marlboro,2026-04-13,4.92,100,MXN,Nouveau Peso mexicain,4.92,,,100,,,2026-04-13,2026,https://www.combien-coute.net/cigarette/mexique/puerto-escondido/,https://www.combien-coute.net/cigarette/mexique/puerto-escondido/,detail
Puerto Vallarta,ville,Mexique,mexique,Marlboro,2026-05-01,3.85,79,MXN,Nouveau Peso mexicain,3.85,3.66,3.9,79,75,80,2026-05-01,2026,https://www.combien-coute.net/cigarette/mexique/puerto-vallarta/,https://www.combien-coute.net/cigarette/mexique/puerto-vallarta/,detail
Reynosa,ville,Mexique,mexique,Marlboro,2026-04-13,3.44,70,MXN,Nouveau Peso mexicain,3.44,2.95,3.93,70,60,80,2026-04-13,2026,https://www.combien-coute.net/cigarette/mexique/reynosa/,https://www.combien-coute.net/cigarette/mexique/reynosa/,detail
Riviera Maya,ville,Mexique,mexique,Marlboro,2026-05-01,3.81,78,MXN,Nouveau Peso mexicain,3.81,3.42,3.9,78,70,80,2026-05-01,2026,https://www.combien-coute.net/cigarette/mexique/riviera-maya/,https://www.combien-coute.net/cigarette/mexique/riviera-maya/,detail
Rosarito,ville,Mexique,mexique,Marlboro,2026-04-14,3.93,80,MXN,Nouveau Peso mexicain,3.93,3.42,4.03,80,70,82,2026-04-14,2026,https://www.combien-coute.net/cigarette/mexique/rosarito/,https://www.combien-coute.net/cigarette/mexique/rosarito/,detail
Saltillo,ville,Mexique,mexique,Marlboro,2026-04-13,3.93,80,MXN,Nouveau Peso mexicain,3.93,3.93,4.72,80,80,96,2026-04-13,2026,https://www.combien-coute.net/cigarette/mexique/saltillo/,https://www.combien-coute.net/cigarette/mexique/saltillo/,detail
Tampico,ville,Mexique,mexique,Marlboro,2026-04-14,4.32,88,MXN,Nouveau Peso mexicain,4.32,,,88,,,2026-04-14,2026,https://www.combien-coute.net/cigarette/mexique/tampico/,https://www.combien-coute.net/cigarette/mexique/tampico/,detail
Tapachula,ville,Mexique,mexique,Marlboro,2024-04-21,4.11,75,MXN,Nouveau Peso mexicain,4.11,,,75,,,2024-04-21,2026,https://www.combien-coute.net/cigarette/mexique/tapachula/,https://www.combien-coute.net/cigarette/mexique/tapachula/,detail
Tepic,ville,Mexique,mexique,Marlboro,2026-04-13,3.93,80,MXN,Nouveau Peso mexicain,3.93,3.93,5.36,80,80,109,2026-04-13,2026,https://www.combien-coute.net/cigarette/mexique/tepic/,https://www.combien-coute.net/cigarette/mexique/tepic/,detail
Tijuana,ville,Mexique,mexique,Marlboro,2026-04-14,3.93,80,MXN,Nouveau Peso mexicain,3.93,3.4,4.03,80,69,82,2026-04-14,2026,https://www.combien-coute.net/cigarette/mexique/tijuana/,https://www.combien-coute.net/cigarette/mexique/tijuana/,detail
Tulum,ville,Mexique,mexique,Marlboro,2026-04-24,3.95,80,MXN,Nouveau Peso mexicain,3.95,3.44,4.81,80,70,98,2026-04-24,2026,https://www.combien-coute.net/cigarette/mexique/tulum/,https://www.combien-coute.net/cigarette/mexique/tulum/,detail
Tuxpan,ville,Mexique,mexique,Marlboro,2024-02-03,3.77,70,MXN,Nouveau Peso mexicain,3.77,3.23,4.04,70,60,75,2024-02-03,2026,https://www.combien-coute.net/cigarette/mexique/tuxpan/,https://www.combien-coute.net/cigarette/mexique/tuxpan/,detail
Veracruz,ville,Mexique,mexique,Marlboro,2026-04-13,3.93,80,MXN,Nouveau Peso mexicain,3.93,1.97,5.16,80,40,105,2026-04-13,2026,https://www.combien-coute.net/cigarette/mexique/veracruz/,https://www.combien-coute.net/cigarette/mexique/veracruz/,detail
Villahermosa,ville,Mexique,mexique,Marlboro,2026-04-13,5.9,120,MXN,Nouveau Peso mexicain,5.9,,,120,,,2026-04-13,2026,https://www.combien-coute.net/cigarette/mexique/villahermosa/,https://www.combien-coute.net/cigarette/mexique/villahermosa/,detail
Castres,ville,Midi-Toulousain,midi-toulousain,Marlboro,2026-05-01,11.75,,,,11.75,11,14,,,,2026-05-01,2026,https://www.combien-coute.net/cigarette/midi-toulousain/castres/,https://www.combien-coute.net/cigarette/midi-toulousain/castres/,detail
Fumel,ville,Midi-Toulousain,midi-toulousain,Marlboro,2026-04-17,11.75,,,,11.75,11,14,,,,2026-04-17,2026,https://www.combien-coute.net/cigarette/midi-toulousain/fumel/,https://www.combien-coute.net/cigarette/midi-toulousain/fumel/,detail
Toulouse (Haute-Garonne),ville,Midi-Toulousain,midi-toulousain,Marlboro,2026-04-25,12.49,,,,12.49,12.48,12.5,,,,2026-04-25,2026,https://www.combien-coute.net/cigarette/midi-toulousain/toulouse/,https://www.combien-coute.net/cigarette/midi-toulousain/toulouse/,detail
Villeneuve-sur-Lot,ville,Midi-Toulousain,midi-toulousain,Marlboro,2026-04-27,12.49,,,,12.49,12.48,12.5,,,,2026-04-27,2026,https://www.combien-coute.net/cigarette/midi-toulousain/villeneuve-sur-lot/,https://www.combien-coute.net/cigarette/midi-toulousain/villeneuve-sur-lot/,detail
Balti,ville,Moldavie,moldavie,Marlboro,2026-04-13,2.87,58,MDL,Leu,2.87,2.74,2.99,58,55,60,2026-04-13,2026,https://www.combien-coute.net/cigarette/moldavie/balti/,https://www.combien-coute.net/cigarette/moldavie/balti/,detail
Briceni,ville,Moldavie,moldavie,Marlboro,2025-12-12,2.88,57,MDL,Leu,2.88,2.5,3.76,57,49,74,2025-12-12,2026,https://www.combien-coute.net/cigarette/moldavie/briceni/,https://www.combien-coute.net/cigarette/moldavie/briceni/,detail
Cahul,ville,Moldavie,moldavie,Marlboro,2025-12-12,2.88,57,MDL,Leu,2.88,2.5,3.76,57,49,74,2025-12-12,2026,https://www.combien-coute.net/cigarette/moldavie/cahul/,https://www.combien-coute.net/cigarette/moldavie/cahul/,detail
Cantemir,ville,Moldavie,moldavie,Marlboro,2025-12-11,2.9,57,MDL,Leu,2.9,2.52,3.79,57,50,75,2025-12-11,2026,https://www.combien-coute.net/cigarette/moldavie/cantemir/,https://www.combien-coute.net/cigarette/moldavie/cantemir/,detail
Chisinau,ville,Moldavie,moldavie,Marlboro,2026-04-21,2.97,60,MDL,Leu,2.97,2.67,3.72,60,54,75,2026-04-21,2026,https://www.combien-coute.net/cigarette/moldavie/chisinau/,https://www.combien-coute.net/cigarette/moldavie/chisinau/,detail
Comrat,ville,Moldavie,moldavie,Marlboro,2026-01-01,2.92,58,MDL,Leu,2.92,2.54,3.81,58,50,75,2026-01-01,2026,https://www.combien-coute.net/cigarette/moldavie/comrat/,https://www.combien-coute.net/cigarette/moldavie/comrat/,detail
Drochia,ville,Moldavie,moldavie,Marlboro,2022-01-01,1.74,35,MDL,Leu,1.74,1.74,1.74,35,35,35,2022-01-01,2026,https://www.combien-coute.net/cigarette/moldavie/drochia/,https://www.combien-coute.net/cigarette/moldavie/drochia/,detail
Glodeni,ville,Moldavie,moldavie,Marlboro,2026-01-01,2.92,58,MDL,Leu,2.92,2.54,3.81,58,50,75,2026-01-01,2026,https://www.combien-coute.net/cigarette/moldavie/glodeni/,https://www.combien-coute.net/cigarette/moldavie/glodeni/,detail
Nisporeni,ville,Moldavie,moldavie,Marlboro,2026-01-01,2.92,58,MDL,Leu,2.92,2.54,3.81,58,50,75,2026-01-01,2026,https://www.combien-coute.net/cigarette/moldavie/nisporeni/,https://www.combien-coute.net/cigarette/moldavie/nisporeni/,detail
Orhei,ville,Moldavie,moldavie,Marlboro,2026-01-01,2.92,58,MDL,Leu,2.92,2.54,3.81,58,50,75,2026-01-01,2026,https://www.combien-coute.net/cigarette/moldavie/orhei/,https://www.combien-coute.net/cigarette/moldavie/orhei/,detail
Soroca,ville,Moldavie,moldavie,Marlboro,2026-01-01,2.92,58,MDL,Leu,2.92,2.54,3.81,58,50,75,2026-01-01,2026,https://www.combien-coute.net/cigarette/moldavie/soroca/,https://www.combien-coute.net/cigarette/moldavie/soroca/,detail
Taraclia,ville,Moldavie,moldavie,Marlboro,2024-11-04,2.31,45,MDL,Leu,2.31,,,45,,,2024-11-04,2026,https://www.combien-coute.net/cigarette/moldavie/taraclia/,https://www.combien-coute.net/cigarette/moldavie/taraclia/,detail
Tiraspol,ville,Moldavie,moldavie,Marlboro,2026-04-13,2.99,60,MDL,Leu,2.99,2.69,3.74,60,54,75,2026-04-13,2026,https://www.combien-coute.net/cigarette/moldavie/tiraspol/,https://www.combien-coute.net/cigarette/moldavie/tiraspol/,detail
Ungheni,ville,Moldavie,moldavie,Marlboro,2026-04-13,2.99,60,MDL,Leu,2.99,2.99,2.99,60,60,60,2026-04-13,2026,https://www.combien-coute.net/cigarette/moldavie/ungheni/,https://www.combien-coute.net/cigarette/moldavie/ungheni/,detail
Vulcanesti,ville,Moldavie,moldavie,Marlboro,2024-11-27,3.04,58,MDL,Leu,3.04,,,58,,,2024-11-27,2026,https://www.combien-coute.net/cigarette/moldavie/vulcanesti/,https://www.combien-coute.net/cigarette/moldavie/vulcanesti/,detail
Choyr,ville,Mongolie,mongolie,Marlboro,2026-04-13,1.32,5541,₮ (MNT),Tugrik,1.32,1.2,1.56,5541,5037,6548,2026-04-13,2026,https://www.combien-coute.net/cigarette/mongolie/choyr/,https://www.combien-coute.net/cigarette/mongolie/choyr/,detail
Oulan-Bator,ville,Mongolie,mongolie,Marlboro,2026-04-29,1.53,6396,₮ (MNT),Tugrik,1.53,1.2,1.67,6396,5016,6981,2026-04-29,2026,https://www.combien-coute.net/cigarette/mongolie/oulan-bator/,https://www.combien-coute.net/cigarette/mongolie/oulan-bator/,detail
Bar,ville,Monténégro,montenegro,Marlboro,2026-04-25,4,,,,4,3.25,5,,,,2026-04-25,2026,https://www.combien-coute.net/cigarette/montenegro/bar/,https://www.combien-coute.net/cigarette/montenegro/bar/,detail
Budva,ville,Monténégro,montenegro,Marlboro,2026-04-24,3.7,,,,3.7,3.3,4,,,,2026-04-24,2026,https://www.combien-coute.net/cigarette/montenegro/budva/,https://www.combien-coute.net/cigarette/montenegro/budva/,detail
Cetinje,ville,Monténégro,montenegro,Marlboro,2026-04-25,3.5,,,,3.5,3,4,,,,2026-04-25,2026,https://www.combien-coute.net/cigarette/montenegro/cetinje/,https://www.combien-coute.net/cigarette/montenegro/cetinje/,detail
Danilovgrad,ville,Monténégro,montenegro,Marlboro,2026-04-14,3.5,,,,3.5,3,4,,,,2026-04-14,2026,https://www.combien-coute.net/cigarette/montenegro/danilovgrad/,https://www.combien-coute.net/cigarette/montenegro/danilovgrad/,detail
Herceg Novi,ville,Monténégro,montenegro,Marlboro,2026-04-24,3.5,,,,3.5,3,4,,,,2026-04-24,2026,https://www.combien-coute.net/cigarette/montenegro/herceg-novi/,https://www.combien-coute.net/cigarette/montenegro/herceg-novi/,detail
Kotor,ville,Monténégro,montenegro,Marlboro,2026-04-21,3.7,,,,3.7,3.3,4,,,,2026-04-21,2026,https://www.combien-coute.net/cigarette/montenegro/kotor/,https://www.combien-coute.net/cigarette/montenegro/kotor/,detail
Podgorica,ville,Monténégro,montenegro,Marlboro,2025-11-24,3.7,,,,3.7,3.3,4,,,,2025-11-24,2026,https://www.combien-coute.net/cigarette/montenegro/podgorica/,https://www.combien-coute.net/cigarette/montenegro/podgorica/,detail
Tivat,ville,Monténégro,montenegro,Marlboro,2026-04-24,3.7,,,,3.7,3.3,4,,,,2026-04-24,2026,https://www.combien-coute.net/cigarette/montenegro/tivat/,https://www.combien-coute.net/cigarette/montenegro/tivat/,detail
Ulcinj,ville,Monténégro,montenegro,Marlboro,2026-04-24,3.5,,,,3.5,3,4,,,,2026-04-24,2026,https://www.combien-coute.net/cigarette/montenegro/ulcinj/,https://www.combien-coute.net/cigarette/montenegro/ulcinj/,detail
Maputo,ville,Mozambique,mozambique,Marlboro,2026-04-16,2.19,165,MZN,Metical,2.19,1.99,2.65,165,150,200,2026-04-16,2026,https://www.combien-coute.net/cigarette/mozambique/maputo/,https://www.combien-coute.net/cigarette/mozambique/maputo/,detail
Tete,ville,Mozambique,mozambique,Marlboro,2017-11-21,2.11,150,MZN,Metical,2.11,,,150,,,2017-11-21,2026,https://www.combien-coute.net/cigarette/mozambique/tete/,https://www.combien-coute.net/cigarette/mozambique/tete/,detail
Gobabis,ville,Namibie,namibie,Marlboro,2026-04-14,2.65,51,$ (NAD),Dollar namibien,2.65,2.18,3.32,51,42,64,2026-04-14,2026,https://www.combien-coute.net/cigarette/namibie/gobabis/,https://www.combien-coute.net/cigarette/namibie/gobabis/,detail
Okahandja,ville,Namibie,namibie,Marlboro,2026-04-16,2.64,51,$ (NAD),Dollar namibien,2.64,2.17,3.31,51,42,64,2026-04-16,2026,https://www.combien-coute.net/cigarette/namibie/okahandja/,https://www.combien-coute.net/cigarette/namibie/okahandja/,detail
Otjiwarongo,ville,Namibie,namibie,Marlboro,2026-04-13,2.66,51,$ (NAD),Dollar namibien,2.66,2.19,3.34,51,42,64,2026-04-13,2026,https://www.combien-coute.net/cigarette/namibie/otjiwarongo/,https://www.combien-coute.net/cigarette/namibie/otjiwarongo/,detail
Outjo,ville,Namibie,namibie,Marlboro,2026-04-13,2.66,51,$ (NAD),Dollar namibien,2.66,2.19,3.34,51,42,64,2026-04-13,2026,https://www.combien-coute.net/cigarette/namibie/outjo/,https://www.combien-coute.net/cigarette/namibie/outjo/,detail
Swakopmund,ville,Namibie,namibie,Marlboro,2026-04-26,2.83,55,$ (NAD),Dollar namibien,2.83,,,55,,,2026-04-26,2026,https://www.combien-coute.net/cigarette/namibie/swakopmund/,https://www.combien-coute.net/cigarette/namibie/swakopmund/,detail
Usakos,ville,Namibie,namibie,Marlboro,2026-04-14,2.65,51,$ (NAD),Dollar namibien,2.65,2.18,3.32,51,42,64,2026-04-14,2026,https://www.combien-coute.net/cigarette/namibie/usakos/,https://www.combien-coute.net/cigarette/namibie/usakos/,detail
Walvis Bay,ville,Namibie,namibie,Marlboro,2025-01-12,2.57,50,$ (NAD),Dollar namibien,2.57,,,50,,,2025-01-12,2026,https://www.combien-coute.net/cigarette/namibie/walvis-bay/,https://www.combien-coute.net/cigarette/namibie/walvis-bay/,detail
Windhoek,ville,Namibie,namibie,Marlboro,2026-04-16,2.64,51,$ (NAD),Dollar namibien,2.64,2.17,3.31,51,42,64,2026-04-16,2026,https://www.combien-coute.net/cigarette/namibie/windhoek/,https://www.combien-coute.net/cigarette/namibie/windhoek/,detail
Bluefields,ville,Nicaragua,nicaragua,Marlboro,2017-11-21,1.21,1,NIO,Cordoba,1.21,,,1,,,2017-11-21,2026,https://www.combien-coute.net/cigarette/nicaragua/bluefields/,https://www.combien-coute.net/cigarette/nicaragua/bluefields/,detail
Boaco,ville,Nicaragua,nicaragua,Marlboro,2026-04-15,2.25,97,NIO,Cordoba,2.25,2.1,2.31,97,91,100,2026-04-15,2026,https://www.combien-coute.net/cigarette/nicaragua/boaco/,https://www.combien-coute.net/cigarette/nicaragua/boaco/,detail
Chichigalpa,ville,Nicaragua,nicaragua,Marlboro,2026-04-14,2.26,97,NIO,Cordoba,2.26,2.1,2.32,97,90,100,2026-04-14,2026,https://www.combien-coute.net/cigarette/nicaragua/chichigalpa/,https://www.combien-coute.net/cigarette/nicaragua/chichigalpa/,detail
Chinandega,ville,Nicaragua,nicaragua,Marlboro,2026-04-13,2.28,98,NIO,Cordoba,2.28,2.12,2.34,98,91,101,2026-04-13,2026,https://www.combien-coute.net/cigarette/nicaragua/chinandega/,https://www.combien-coute.net/cigarette/nicaragua/chinandega/,detail
Esteli,ville,Nicaragua,nicaragua,Marlboro,2026-04-15,2.25,97,NIO,Cordoba,2.25,2.1,2.31,97,91,100,2026-04-15,2026,https://www.combien-coute.net/cigarette/nicaragua/esteli/,https://www.combien-coute.net/cigarette/nicaragua/esteli/,detail
Granada,ville,Nicaragua,nicaragua,Marlboro,2017-11-20,5,5,NIO,Cordoba,5,5,5,5,5,5,2017-11-20,2026,https://www.combien-coute.net/cigarette/nicaragua/granada/,https://www.combien-coute.net/cigarette/nicaragua/granada/,detail
Jinotega,ville,Nicaragua,nicaragua,Marlboro,2026-04-29,2.86,123,NIO,Cordoba,2.86,,,123,,,2026-04-29,2026,https://www.combien-coute.net/cigarette/nicaragua/jinotega/,https://www.combien-coute.net/cigarette/nicaragua/jinotega/,detail
Managua,ville,Nicaragua,nicaragua,Marlboro,2026-04-18,2.26,98,NIO,Cordoba,2.26,2.1,2.32,98,91,101,2026-04-18,2026,https://www.combien-coute.net/cigarette/nicaragua/managua/,https://www.combien-coute.net/cigarette/nicaragua/managua/,detail
Masaya,ville,Nicaragua,nicaragua,Marlboro,2025-12-11,2.27,97,NIO,Cordoba,2.27,2.12,2.33,97,91,100,2025-12-11,2026,https://www.combien-coute.net/cigarette/nicaragua/masaya/,https://www.combien-coute.net/cigarette/nicaragua/masaya/,detail
Matagalpa,ville,Nicaragua,nicaragua,Marlboro,2026-04-15,2.25,97,NIO,Cordoba,2.25,2.1,2.54,97,91,110,2026-04-15,2026,https://www.combien-coute.net/cigarette/nicaragua/matagalpa/,https://www.combien-coute.net/cigarette/nicaragua/matagalpa/,detail
Nandaime,ville,Nicaragua,nicaragua,Marlboro,2026-04-18,2.26,98,NIO,Cordoba,2.26,2.1,2.32,98,91,101,2026-04-18,2026,https://www.combien-coute.net/cigarette/nicaragua/nandaime/,https://www.combien-coute.net/cigarette/nicaragua/nandaime/,detail
Rivas,ville,Nicaragua,nicaragua,Marlboro,2026-04-13,2.28,98,NIO,Cordoba,2.28,2.12,2.34,98,91,101,2026-04-13,2026,https://www.combien-coute.net/cigarette/nicaragua/rivas/,https://www.combien-coute.net/cigarette/nicaragua/rivas/,detail
San Juan del Sur,ville,Nicaragua,nicaragua,Marlboro,2026-04-24,2.28,99,NIO,Cordoba,2.28,2.12,3.07,99,92,133,2026-04-24,2026,https://www.combien-coute.net/cigarette/nicaragua/san-juan-del-sur/,https://www.combien-coute.net/cigarette/nicaragua/san-juan-del-sur/,detail
San Marcos (Masaya),ville,Nicaragua,nicaragua,Marlboro,2017-11-21,5.11,6,NIO,Cordoba,5.11,3.41,5.97,6,4,7,2017-11-21,2026,https://www.combien-coute.net/cigarette/nicaragua/san-marcos-masaya/,https://www.combien-coute.net/cigarette/nicaragua/san-marcos-masaya/,detail
Niamey,ville,Niger,niger,Marlboro,2025-11-25,2.29,1502,F CFA (XOF),Franc CFA-BCEAO,2.29,2.29,2.29,1502,1502,1502,2025-11-25,2026,https://www.combien-coute.net/cigarette/niger/niamey/,https://www.combien-coute.net/cigarette/niger/niamey/,detail
Lille,ville,Nord de la France,france,Marlboro,2026-04-27,12.5,,,,12.5,12,18,,,,2026-04-27,2026,https://www.combien-coute.net/cigarette/france/lille/,https://www.combien-coute.net/cigarette/france/lille/,detail
Lille,ville,Nord de la France,nord-pas-de-calais,Marlboro,2026-04-27,12.5,,,,12.5,12,18,,,,2026-04-27,2026,https://www.combien-coute.net/cigarette/nord-pas-de-calais/lille/,https://www.combien-coute.net/cigarette/nord-pas-de-calais/lille/,detail
Valenciennes,ville,Nord de la France,nord-pas-de-calais,Marlboro,2026-04-28,12.5,,,,12.5,11,18,,,,2026-04-28,2026,https://www.combien-coute.net/cigarette/nord-pas-de-calais/valenciennes/,https://www.combien-coute.net/cigarette/nord-pas-de-calais/valenciennes/,detail
Caen (Calvados),ville,Normandie,normandie,Marlboro,2026-04-25,11.5,,,,11.5,11.5,13,,,,2026-04-25,2026,https://www.combien-coute.net/cigarette/normandie/caen/,https://www.combien-coute.net/cigarette/normandie/caen/,detail
Rouen (Seine-Maritime),ville,Normandie,normandie,Marlboro,2026-04-27,11.75,,,,11.75,10,13,,,,2026-04-27,2026,https://www.combien-coute.net/cigarette/normandie/rouen/,https://www.combien-coute.net/cigarette/normandie/rouen/,detail
le Havre,ville,Normandie,normandie,Marlboro,2026-04-23,10.3,,,,10.3,9.5,13,,,,2026-04-23,2026,https://www.combien-coute.net/cigarette/normandie/havre/,https://www.combien-coute.net/cigarette/normandie/havre/,detail
Arendal,ville,Norvège,norvege,Marlboro,2026-04-14,14.97,166,NOK,Couronne norvégienne,14.97,13.5,26.1,166,150,290,2026-04-14,2026,https://www.combien-coute.net/cigarette/norvege/arendal/,https://www.combien-coute.net/cigarette/norvege/arendal/,detail
Bergen,ville,Norvège,norvege,Marlboro,2026-04-21,15.16,167,NOK,Couronne norvégienne,15.16,13.66,18.22,167,151,201,2026-04-21,2026,https://www.combien-coute.net/cigarette/norvege/bergen/,https://www.combien-coute.net/cigarette/norvege/bergen/,detail
Drammen,ville,Norvège,norvege,Marlboro,2026-04-13,14.28,160,NOK,Couronne norvégienne,14.28,12.54,17.02,160,140,190,2026-04-13,2026,https://www.combien-coute.net/cigarette/norvege/drammen/,https://www.combien-coute.net/cigarette/norvege/drammen/,detail
Drobak,ville,Norvège,norvege,Marlboro,2026-04-14,15.75,175,NOK,Couronne norvégienne,15.75,14.4,17.1,175,160,190,2026-04-14,2026,https://www.combien-coute.net/cigarette/norvege/drobak/,https://www.combien-coute.net/cigarette/norvege/drobak/,detail
Egersund,ville,Norvège,norvege,Marlboro,2026-04-17,13.59,150,NOK,Couronne norvégienne,13.59,13.59,15.95,150,150,177,2026-04-17,2026,https://www.combien-coute.net/cigarette/norvege/egersund/,https://www.combien-coute.net/cigarette/norvege/egersund/,detail
Farsund,ville,Norvège,norvege,Marlboro,2026-04-14,9,100,NOK,Couronne norvégienne,9,9,15.84,100,100,176,2026-04-14,2026,https://www.combien-coute.net/cigarette/norvege/farsund/,https://www.combien-coute.net/cigarette/norvege/farsund/,detail
Flekkefjord,ville,Norvège,norvege,Marlboro,2026-04-15,14.93,166,NOK,Couronne norvégienne,14.93,14.35,15.79,166,160,176,2026-04-15,2026,https://www.combien-coute.net/cigarette/norvege/flekkefjord/,https://www.combien-coute.net/cigarette/norvege/flekkefjord/,detail
Forde,ville,Norvège,norvege,Marlboro,2017-11-21,10.27,100,NOK,Couronne norvégienne,10.27,,,100,,,2017-11-21,2026,https://www.combien-coute.net/cigarette/norvege/forde/,https://www.combien-coute.net/cigarette/norvege/forde/,detail
Fredrikstad,ville,Norvège,norvege,Marlboro,2026-04-15,13.37,149,NOK,Couronne norvégienne,13.37,13.19,15.7,149,147,175,2026-04-15,2026,https://www.combien-coute.net/cigarette/norvege/fredrikstad/,https://www.combien-coute.net/cigarette/norvege/fredrikstad/,detail
Geilo,ville,Norvège,norvege,Marlboro,2026-04-15,14.86,166,NOK,Couronne norvégienne,14.86,13.46,17.94,166,150,200,2026-04-15,2026,https://www.combien-coute.net/cigarette/norvege/geilo/,https://www.combien-coute.net/cigarette/norvege/geilo/,detail
Halden,ville,Norvège,norvege,Marlboro,2026-04-15,13.01,145,NOK,Couronne norvégienne,13.01,13.01,17.04,145,145,190,2026-04-15,2026,https://www.combien-coute.net/cigarette/norvege/halden/,https://www.combien-coute.net/cigarette/norvege/halden/,detail
Hamar,ville,Norvège,norvege,Marlboro,2026-04-16,15.79,176,NOK,Couronne norvégienne,15.79,14.44,17.15,176,161,191,2026-04-16,2026,https://www.combien-coute.net/cigarette/norvege/hamar/,https://www.combien-coute.net/cigarette/norvege/hamar/,detail
Harstad,ville,Norvège,norvege,Marlboro,2026-04-13,13.79,154,NOK,Couronne norvégienne,13.79,13.08,14.96,154,146,167,2026-04-13,2026,https://www.combien-coute.net/cigarette/norvege/harstad/,https://www.combien-coute.net/cigarette/norvege/harstad/,detail
Haugesund,ville,Norvège,norvege,Marlboro,2026-04-13,14.42,161,NOK,Couronne norvégienne,14.42,13.43,17.91,161,150,200,2026-04-13,2026,https://www.combien-coute.net/cigarette/norvege/haugesund/,https://www.combien-coute.net/cigarette/norvege/haugesund/,detail
Hemsedal,ville,Norvège,norvege,Marlboro,2026-04-30,15.29,167,NOK,Couronne norvégienne,15.29,13.78,18.37,167,150,201,2026-04-30,2026,https://www.combien-coute.net/cigarette/norvege/hemsedal/,https://www.combien-coute.net/cigarette/norvege/hemsedal/,detail
Honefoss,ville,Norvège,norvege,Marlboro,2026-04-15,13.46,150,NOK,Couronne norvégienne,13.46,13.46,17.04,150,150,190,2026-04-15,2026,https://www.combien-coute.net/cigarette/norvege/honefoss/,https://www.combien-coute.net/cigarette/norvege/honefoss/,detail
Horten,ville,Norvège,norvege,Marlboro,2026-04-15,15.7,175,NOK,Couronne norvégienne,15.7,14.35,17.04,175,160,190,2026-04-15,2026,https://www.combien-coute.net/cigarette/norvege/horten/,https://www.combien-coute.net/cigarette/norvege/horten/,detail
Jessheim,ville,Norvège,norvege,Marlboro,2026-04-15,15.7,175,NOK,Couronne norvégienne,15.7,14.35,17.04,175,160,190,2026-04-15,2026,https://www.combien-coute.net/cigarette/norvege/jessheim/,https://www.combien-coute.net/cigarette/norvege/jessheim/,detail
Kongsberg,ville,Norvège,norvege,Marlboro,2026-04-14,15.3,170,NOK,Couronne norvégienne,15.3,13.5,17.1,170,150,190,2026-04-14,2026,https://www.combien-coute.net/cigarette/norvege/kongsberg/,https://www.combien-coute.net/cigarette/norvege/kongsberg/,detail
Kongsvinger,ville,Norvège,norvege,Marlboro,2018-04-19,11.66,112,NOK,Couronne norvégienne,11.66,,,112,,,2018-04-19,2026,https://www.combien-coute.net/cigarette/norvege/kongsvinger/,https://www.combien-coute.net/cigarette/norvege/kongsvinger/,detail
Kristiansand,ville,Norvège,norvege,Marlboro,2026-04-26,14.65,160,NOK,Couronne norvégienne,14.65,12.82,18.31,160,140,200,2026-04-26,2026,https://www.combien-coute.net/cigarette/norvege/kristiansand/,https://www.combien-coute.net/cigarette/norvege/kristiansand/,detail
Kristiansund,ville,Norvège,norvege,Marlboro,2026-04-14,15.03,167,NOK,Couronne norvégienne,15.03,,,167,,,2026-04-14,2026,https://www.combien-coute.net/cigarette/norvege/kristiansund/,https://www.combien-coute.net/cigarette/norvege/kristiansund/,detail
Larvik,ville,Norvège,norvege,Marlboro,2026-04-17,12.69,141,NOK,Couronne norvégienne,12.69,12.69,17.22,141,141,191,2026-04-17,2026,https://www.combien-coute.net/cigarette/norvege/larvik/,https://www.combien-coute.net/cigarette/norvege/larvik/,detail
Lillehammer,ville,Norvège,norvege,Marlboro,2026-04-16,12.63,141,NOK,Couronne norvégienne,12.63,12.63,15.79,141,141,176,2026-04-16,2026,https://www.combien-coute.net/cigarette/norvege/lillehammer/,https://www.combien-coute.net/cigarette/norvege/lillehammer/,detail
Mandal,ville,Norvège,norvege,Marlboro,2026-04-13,14.9,166,NOK,Couronne norvégienne,14.9,14.33,15.76,166,160,176,2026-04-13,2026,https://www.combien-coute.net/cigarette/norvege/mandal/,https://www.combien-coute.net/cigarette/norvege/mandal/,detail
Molde,ville,Norvège,norvege,Marlboro,2026-04-14,16.2,180,NOK,Couronne norvégienne,16.2,,,180,,,2026-04-14,2026,https://www.combien-coute.net/cigarette/norvege/molde/,https://www.combien-coute.net/cigarette/norvege/molde/,detail
Moss,ville,Norvège,norvege,Marlboro,2026-04-14,13.05,145,NOK,Couronne norvégienne,13.05,12.6,17.1,145,140,190,2026-04-14,2026,https://www.combien-coute.net/cigarette/norvege/moss/,https://www.combien-coute.net/cigarette/norvege/moss/,detail
Namsos,ville,Norvège,norvege,Marlboro,2017-11-21,10.27,100,NOK,Couronne norvégienne,10.27,,,100,,,2017-11-21,2026,https://www.combien-coute.net/cigarette/norvege/namsos/,https://www.combien-coute.net/cigarette/norvege/namsos/,detail
Narvik,ville,Norvège,norvege,Marlboro,2026-04-27,14.09,154,NOK,Couronne norvégienne,14.09,13.35,18.29,154,146,200,2026-04-27,2026,https://www.combien-coute.net/cigarette/norvege/narvik/,https://www.combien-coute.net/cigarette/norvege/narvik/,detail
Notodden,ville,Norvège,norvege,Marlboro,2017-11-21,10.27,100,NOK,Couronne norvégienne,10.27,,,100,,,2017-11-21,2026,https://www.combien-coute.net/cigarette/norvege/notodden/,https://www.combien-coute.net/cigarette/norvege/notodden/,detail
Oslo,ville,Norvège,norvege,Marlboro,2025-11-24,14.4,170,NOK,Couronne norvégienne,14.4,13.3,15.42,170,157,182,2025-11-24,2026,https://www.combien-coute.net/cigarette/norvege/oslo/,https://www.combien-coute.net/cigarette/norvege/oslo/,detail
Porsgrunn,ville,Norvège,norvege,Marlboro,2026-04-14,15.75,175,NOK,Couronne norvégienne,15.75,14.4,17.1,175,160,190,2026-04-14,2026,https://www.combien-coute.net/cigarette/norvege/porsgrunn/,https://www.combien-coute.net/cigarette/norvege/porsgrunn/,detail
Sandefjord,ville,Norvège,norvege,Marlboro,2026-04-15,13.81,154,NOK,Couronne norvégienne,13.81,13.46,17.04,154,150,190,2026-04-15,2026,https://www.combien-coute.net/cigarette/norvege/sandefjord/,https://www.combien-coute.net/cigarette/norvege/sandefjord/,detail
Sarpsborg,ville,Norvège,norvege,Marlboro,2024-11-27,11.95,139,NOK,Couronne norvégienne,11.95,,,139,,,2024-11-27,2026,https://www.combien-coute.net/cigarette/norvege/sarpsborg/,https://www.combien-coute.net/cigarette/norvege/sarpsborg/,detail
Skien,ville,Norvège,norvege,Marlboro,2026-04-13,15.67,175,NOK,Couronne norvégienne,15.67,14.33,18.63,175,160,208,2026-04-13,2026,https://www.combien-coute.net/cigarette/norvege/skien/,https://www.combien-coute.net/cigarette/norvege/skien/,detail
Stavanger,ville,Norvège,norvege,Marlboro,2026-05-01,15.31,167,NOK,Couronne norvégienne,15.31,14.72,16.19,167,160,176,2026-05-01,2026,https://www.combien-coute.net/cigarette/norvege/stavanger/,https://www.combien-coute.net/cigarette/norvege/stavanger/,detail
Trondheim,ville,Norvège,norvege,Marlboro,2026-05-01,15.31,167,NOK,Couronne norvégienne,15.31,12.88,16.1,167,140,176,2026-05-01,2026,https://www.combien-coute.net/cigarette/norvege/trondheim/,https://www.combien-coute.net/cigarette/norvege/trondheim/,detail
Bouloupari,ville,Nouvelle-Calédonie,nouvelle-caledonie,Marlboro,2024-01-11,16.76,2000,F CFP (XPF),franc pacifique,16.76,14.25,18.44,2000,1700,2200,2024-01-11,2026,https://www.combien-coute.net/cigarette/nouvelle-caledonie/bouloupari/,https://www.combien-coute.net/cigarette/nouvelle-caledonie/bouloupari/,detail
Bourail,ville,Nouvelle-Calédonie,nouvelle-caledonie,Marlboro,2017-11-21,9.22,1100,F CFP (XPF),franc pacifique,9.22,9.22,9.22,1100,1100,1100,2017-11-21,2026,https://www.combien-coute.net/cigarette/nouvelle-caledonie/bourail/,https://www.combien-coute.net/cigarette/nouvelle-caledonie/bourail/,detail
Dumbea,ville,Nouvelle-Calédonie,nouvelle-caledonie,Marlboro,2024-02-01,16.76,2000,F CFP (XPF),franc pacifique,16.76,14.25,18.44,2000,1700,2200,2024-02-01,2026,https://www.combien-coute.net/cigarette/nouvelle-caledonie/dumbea/,https://www.combien-coute.net/cigarette/nouvelle-caledonie/dumbea/,detail
Farino,ville,Nouvelle-Calédonie,nouvelle-caledonie,Marlboro,2024-01-19,16.76,2000,F CFP (XPF),franc pacifique,16.76,14.25,18.44,2000,1700,2200,2024-01-19,2026,https://www.combien-coute.net/cigarette/nouvelle-caledonie/farino/,https://www.combien-coute.net/cigarette/nouvelle-caledonie/farino/,detail
Nouméa,ville,Nouvelle-Calédonie,nouvelle-caledonie,Marlboro,2026-04-30,17.43,2085,F CFP (XPF),franc pacifique,17.43,15.08,19.69,2085,1804,2355,2026-04-30,2026,https://www.combien-coute.net/cigarette/nouvelle-caledonie/noumea/,https://www.combien-coute.net/cigarette/nouvelle-caledonie/noumea/,detail
Paita,ville,Nouvelle-Calédonie,nouvelle-caledonie,Marlboro,2024-01-11,16.76,2000,F CFP (XPF),franc pacifique,16.76,14.25,18.44,2000,1700,2200,2024-01-11,2026,https://www.combien-coute.net/cigarette/nouvelle-caledonie/paita/,https://www.combien-coute.net/cigarette/nouvelle-caledonie/paita/,detail
Ashburton,ville,Nouvelle-Zélande,nouvelle-zelande,Marlboro,2026-04-16,21.17,42,$ (NZD),dollar néo-zélandais,21.17,20.04,22.54,42,40,45,2026-04-16,2026,https://www.combien-coute.net/cigarette/nouvelle-zelande/ashburton/,https://www.combien-coute.net/cigarette/nouvelle-zelande/ashburton/,detail
Auckland,ville,Nouvelle-Zélande,nouvelle-zelande,Marlboro,2026-04-29,22.6,45,$ (NZD),dollar néo-zélandais,22.6,17.83,25.12,45,35,50,2026-04-29,2026,https://www.combien-coute.net/cigarette/nouvelle-zelande/auckland/,https://www.combien-coute.net/cigarette/nouvelle-zelande/auckland/,detail
Blenheim,ville,Nouvelle-Zélande,nouvelle-zelande,Marlboro,2026-04-15,21.01,42,$ (NZD),dollar néo-zélandais,21.01,20.01,22.51,42,40,45,2026-04-15,2026,https://www.combien-coute.net/cigarette/nouvelle-zelande/blenheim/,https://www.combien-coute.net/cigarette/nouvelle-zelande/blenheim/,detail
Christchurch (île du sud),ville,Nouvelle-Zélande,nouvelle-zelande,Marlboro,2026-04-30,21.12,42,$ (NZD),dollar néo-zélandais,21.12,19.99,22.49,42,40,45,2026-04-30,2026,https://www.combien-coute.net/cigarette/nouvelle-zelande/christchurch/,https://www.combien-coute.net/cigarette/nouvelle-zelande/christchurch/,detail
Dargaville,ville,Nouvelle-Zélande,nouvelle-zelande,Marlboro,2024-11-28,20.66,37,$ (NZD),dollar néo-zélandais,20.66,,,37,,,2024-11-28,2026,https://www.combien-coute.net/cigarette/nouvelle-zelande/dargaville/,https://www.combien-coute.net/cigarette/nouvelle-zelande/dargaville/,detail
Dunedin,ville,Nouvelle-Zélande,nouvelle-zelande,Marlboro,2026-04-26,20.06,40,$ (NZD),dollar néo-zélandais,20.06,20.06,22.52,40,40,45,2026-04-26,2026,https://www.combien-coute.net/cigarette/nouvelle-zelande/dunedin/,https://www.combien-coute.net/cigarette/nouvelle-zelande/dunedin/,detail
Gisborne,ville,Nouvelle-Zélande,nouvelle-zelande,Marlboro,2024-11-28,21.27,38,$ (NZD),dollar néo-zélandais,21.27,20.15,22.39,38,36,40,2024-11-28,2026,https://www.combien-coute.net/cigarette/nouvelle-zelande/gisborne/,https://www.combien-coute.net/cigarette/nouvelle-zelande/gisborne/,detail
Greymouth,ville,Nouvelle-Zélande,nouvelle-zelande,Marlboro,2026-04-14,21.11,42,$ (NZD),dollar néo-zélandais,21.11,19.97,22.47,42,40,45,2026-04-14,2026,https://www.combien-coute.net/cigarette/nouvelle-zelande/greymouth/,https://www.combien-coute.net/cigarette/nouvelle-zelande/greymouth/,detail
Hamilton,ville,Nouvelle-Zélande,nouvelle-zelande,Marlboro,2026-04-16,22.77,45,$ (NZD),dollar néo-zélandais,22.77,22.54,23.8,45,45,48,2026-04-16,2026,https://www.combien-coute.net/cigarette/nouvelle-zelande/hamilton/,https://www.combien-coute.net/cigarette/nouvelle-zelande/hamilton/,detail
Hastings,ville,Nouvelle-Zélande,nouvelle-zelande,Marlboro,2026-04-14,17.48,35,$ (NZD),dollar néo-zélandais,17.48,13.98,25.97,35,28,52,2026-04-14,2026,https://www.combien-coute.net/cigarette/nouvelle-zelande/hastings/,https://www.combien-coute.net/cigarette/nouvelle-zelande/hastings/,detail
Invercargill,ville,Nouvelle-Zélande,nouvelle-zelande,Marlboro,2026-04-22,15.53,31,$ (NZD),dollar néo-zélandais,15.53,12.55,22.53,31,25,45,2026-04-22,2026,https://www.combien-coute.net/cigarette/nouvelle-zelande/invercargill/,https://www.combien-coute.net/cigarette/nouvelle-zelande/invercargill/,detail
Lac Taupo,ville,Nouvelle-Zélande,nouvelle-zelande,Marlboro,2026-04-14,22.47,45,$ (NZD),dollar néo-zélandais,22.47,17.73,24.97,45,36,50,2026-04-14,2026,https://www.combien-coute.net/cigarette/nouvelle-zelande/lac-taupo/,https://www.combien-coute.net/cigarette/nouvelle-zelande/lac-taupo/,detail
Levin,ville,Nouvelle-Zélande,nouvelle-zelande,Marlboro,2026-04-14,16.23,33,$ (NZD),dollar néo-zélandais,16.23,16.23,25.97,33,33,52,2026-04-14,2026,https://www.combien-coute.net/cigarette/nouvelle-zelande/levin/,https://www.combien-coute.net/cigarette/nouvelle-zelande/levin/,detail
Masterton,ville,Nouvelle-Zélande,nouvelle-zelande,Marlboro,2026-04-14,17.48,35,$ (NZD),dollar néo-zélandais,17.48,17.48,25.97,35,35,52,2026-04-14,2026,https://www.combien-coute.net/cigarette/nouvelle-zelande/masterton/,https://www.combien-coute.net/cigarette/nouvelle-zelande/masterton/,detail
Nelson,ville,Nouvelle-Zélande,nouvelle-zelande,Marlboro,2026-04-26,22.57,45,$ (NZD),dollar néo-zélandais,22.57,19.86,27.59,45,40,55,2026-04-26,2026,https://www.combien-coute.net/cigarette/nouvelle-zelande/nelson/,https://www.combien-coute.net/cigarette/nouvelle-zelande/nelson/,detail
New Plymouth,ville,Nouvelle-Zélande,nouvelle-zelande,Marlboro,2026-04-14,19.97,40,$ (NZD),dollar néo-zélandais,19.97,17.48,21.97,40,35,44,2026-04-14,2026,https://www.combien-coute.net/cigarette/nouvelle-zelande/new-plymouth/,https://www.combien-coute.net/cigarette/nouvelle-zelande/new-plymouth/,detail
Palmerston North,ville,Nouvelle-Zélande,nouvelle-zelande,Marlboro,2026-04-14,19.97,40,$ (NZD),dollar néo-zélandais,19.97,19.77,25.97,40,40,52,2026-04-14,2026,https://www.combien-coute.net/cigarette/nouvelle-zelande/palmerston-north/,https://www.combien-coute.net/cigarette/nouvelle-zelande/palmerston-north/,detail
Porirua,ville,Nouvelle-Zélande,nouvelle-zelande,Marlboro,2026-04-17,22.51,45,$ (NZD),dollar néo-zélandais,22.51,19.81,26.01,45,40,52,2026-04-17,2026,https://www.combien-coute.net/cigarette/nouvelle-zelande/porirua/,https://www.combien-coute.net/cigarette/nouvelle-zelande/porirua/,detail
Queenstown,ville,Nouvelle-Zélande,nouvelle-zelande,Marlboro,2026-04-28,24.19,48,$ (NZD),dollar néo-zélandais,24.19,24.19,35.27,48,48,70,2026-04-28,2026,https://www.combien-coute.net/cigarette/nouvelle-zelande/queenstown/,https://www.combien-coute.net/cigarette/nouvelle-zelande/queenstown/,detail
Rotorua,ville,Nouvelle-Zélande,nouvelle-zelande,Marlboro,2026-04-26,20.29,41,$ (NZD),dollar néo-zélandais,20.29,17.81,25.08,41,36,50,2026-04-26,2026,https://www.combien-coute.net/cigarette/nouvelle-zelande/rotorua/,https://www.combien-coute.net/cigarette/nouvelle-zelande/rotorua/,detail
Tauranga,ville,Nouvelle-Zélande,nouvelle-zelande,Marlboro,2026-04-14,19.97,40,$ (NZD),dollar néo-zélandais,19.97,17.73,24.97,40,36,50,2026-04-14,2026,https://www.combien-coute.net/cigarette/nouvelle-zelande/tauranga/,https://www.combien-coute.net/cigarette/nouvelle-zelande/tauranga/,detail
Thames,ville,Nouvelle-Zélande,nouvelle-zelande,Marlboro,2026-04-15,22.51,45,$ (NZD),dollar néo-zélandais,22.51,17.76,25.01,45,35,50,2026-04-15,2026,https://www.combien-coute.net/cigarette/nouvelle-zelande/thames/,https://www.combien-coute.net/cigarette/nouvelle-zelande/thames/,detail
Timaru,ville,Nouvelle-Zélande,nouvelle-zelande,Marlboro,2026-04-15,20.01,40,$ (NZD),dollar néo-zélandais,20.01,20.01,22.46,40,40,45,2026-04-15,2026,https://www.combien-coute.net/cigarette/nouvelle-zelande/timaru/,https://www.combien-coute.net/cigarette/nouvelle-zelande/timaru/,detail
Wanaka,ville,Nouvelle-Zélande,nouvelle-zelande,Marlboro,2026-04-15,20.01,40,$ (NZD),dollar néo-zélandais,20.01,20.01,22.46,40,40,45,2026-04-15,2026,https://www.combien-coute.net/cigarette/nouvelle-zelande/wanaka/,https://www.combien-coute.net/cigarette/nouvelle-zelande/wanaka/,detail
Wanganui,ville,Nouvelle-Zélande,nouvelle-zelande,Marlboro,2026-04-14,22.47,45,$ (NZD),dollar néo-zélandais,22.47,19.77,34.95,45,40,70,2026-04-14,2026,https://www.combien-coute.net/cigarette/nouvelle-zelande/wanganui/,https://www.combien-coute.net/cigarette/nouvelle-zelande/wanganui/,detail
Wellington (île du nord),ville,Nouvelle-Zélande,nouvelle-zelande,Marlboro,2026-04-29,22.6,45,$ (NZD),dollar néo-zélandais,22.6,19.89,26.12,45,40,52,2026-04-29,2026,https://www.combien-coute.net/cigarette/nouvelle-zelande/wellington/,https://www.combien-coute.net/cigarette/nouvelle-zelande/wellington/,detail
Westport (NZ),ville,Nouvelle-Zélande,nouvelle-zelande,Marlboro,2026-04-14,21.11,42,$ (NZD),dollar néo-zélandais,21.11,19.97,22.47,42,40,45,2026-04-14,2026,https://www.combien-coute.net/cigarette/nouvelle-zelande/westport-nz/,https://www.combien-coute.net/cigarette/nouvelle-zelande/westport-nz/,detail
Whakatane,ville,Nouvelle-Zélande,nouvelle-zelande,Marlboro,2026-04-14,22.47,45,$ (NZD),dollar néo-zélandais,22.47,17.73,24.97,45,36,50,2026-04-14,2026,https://www.combien-coute.net/cigarette/nouvelle-zelande/whakatane/,https://www.combien-coute.net/cigarette/nouvelle-zelande/whakatane/,detail
Whangarei,ville,Nouvelle-Zélande,nouvelle-zelande,Marlboro,2026-04-14,22.47,45,$ (NZD),dollar néo-zélandais,22.47,17.43,24.22,45,35,49,2026-04-14,2026,https://www.combien-coute.net/cigarette/nouvelle-zelande/whangarei/,https://www.combien-coute.net/cigarette/nouvelle-zelande/whangarei/,detail
Baglung,ville,Népal,nepal,Marlboro,2026-04-13,2.31,402,NPR,Roupie népalaise,2.31,1.97,4.62,402,342,803,2026-04-13,2026,https://www.combien-coute.net/cigarette/nepal/baglung/,https://www.combien-coute.net/cigarette/nepal/baglung/,detail
Banepa,ville,Népal,nepal,Marlboro,2026-04-16,2.27,399,NPR,Roupie népalaise,2.27,1.93,2.84,399,339,499,2026-04-16,2026,https://www.combien-coute.net/cigarette/nepal/banepa/,https://www.combien-coute.net/cigarette/nepal/banepa/,detail
Bhaktapur,ville,Népal,nepal,Marlboro,2026-04-30,2.26,400,NPR,Roupie népalaise,2.26,1.92,2.82,400,340,499,2026-04-30,2026,https://www.combien-coute.net/cigarette/nepal/bhaktapur/,https://www.combien-coute.net/cigarette/nepal/bhaktapur/,detail
Bharatpur,ville,Népal,nepal,Marlboro,2026-04-16,2.27,399,NPR,Roupie népalaise,2.27,1.93,2.84,399,339,499,2026-04-16,2026,https://www.combien-coute.net/cigarette/nepal/bharatpur/,https://www.combien-coute.net/cigarette/nepal/bharatpur/,detail
Biratnagar,ville,Népal,nepal,Marlboro,2026-04-14,2.28,396,NPR,Roupie népalaise,2.28,2.28,2.28,396,396,396,2026-04-14,2026,https://www.combien-coute.net/cigarette/nepal/biratnagar/,https://www.combien-coute.net/cigarette/nepal/biratnagar/,detail
Dhangadhi,ville,Népal,nepal,Marlboro,2023-12-09,1.74,250,NPR,Roupie népalaise,1.74,,,250,,,2023-12-09,2026,https://www.combien-coute.net/cigarette/nepal/dhangadhi/,https://www.combien-coute.net/cigarette/nepal/dhangadhi/,detail
Dhankuta,ville,Népal,nepal,Marlboro,2024-02-01,2.43,350,NPR,Roupie népalaise,2.43,2.43,2.78,350,350,400,2024-02-01,2026,https://www.combien-coute.net/cigarette/nepal/dhankuta/,https://www.combien-coute.net/cigarette/nepal/dhankuta/,detail
Ilam,ville,Népal,nepal,Marlboro,2024-02-01,2.43,350,NPR,Roupie népalaise,2.43,2.43,2.43,350,350,350,2024-02-01,2026,https://www.combien-coute.net/cigarette/nepal/ilam/,https://www.combien-coute.net/cigarette/nepal/ilam/,detail
Janakpur,ville,Népal,nepal,Marlboro,2026-04-30,1.98,350,NPR,Roupie népalaise,1.98,1.92,2.82,350,340,499,2026-04-30,2026,https://www.combien-coute.net/cigarette/nepal/janakpur/,https://www.combien-coute.net/cigarette/nepal/janakpur/,detail
Katmandou,ville,Népal,nepal,Marlboro,2026-04-29,2.26,399,NPR,Roupie népalaise,2.26,1.92,2.82,399,339,498,2026-04-29,2026,https://www.combien-coute.net/cigarette/nepal/katmandou/,https://www.combien-coute.net/cigarette/nepal/katmandou/,detail
Lalitpur (Patan),ville,Népal,nepal,Marlboro,2026-04-26,2.27,400,NPR,Roupie népalaise,2.27,1.93,2.83,400,340,499,2026-04-26,2026,https://www.combien-coute.net/cigarette/nepal/patan/,https://www.combien-coute.net/cigarette/nepal/patan/,detail
Nepalganj,ville,Népal,nepal,Marlboro,2023-11-29,2.4,350,NPR,Roupie népalaise,2.4,1.92,4.11,350,280,600,2023-11-29,2026,https://www.combien-coute.net/cigarette/nepal/nepalganj/,https://www.combien-coute.net/cigarette/nepal/nepalganj/,detail
Pokhara,ville,Népal,nepal,Marlboro,2026-04-25,2.26,397,NPR,Roupie népalaise,2.26,1.13,2.83,397,199,497,2026-04-25,2026,https://www.combien-coute.net/cigarette/nepal/pokhara/,https://www.combien-coute.net/cigarette/nepal/pokhara/,detail
Mascate,ville,Oman,oman,Marlboro,2026-04-30,5.57,3,OMR,Rial omani,5.57,4.46,6.68,3,2,3,2026-04-30,2026,https://www.combien-coute.net/cigarette/oman/mascate/,https://www.combien-coute.net/cigarette/oman/mascate/,detail
Nizwa,ville,Oman,oman,Marlboro,2017-11-21,2.21,1,OMR,Rial omani,2.21,2.21,2.21,1,1,1,2017-11-21,2026,https://www.combien-coute.net/cigarette/oman/nizwa/,https://www.combien-coute.net/cigarette/oman/nizwa/,detail
Salalah,ville,Oman,oman,Marlboro,2026-04-21,4.97,2,OMR,Rial omani,4.97,4.86,5.08,2,2,2,2026-04-21,2026,https://www.combien-coute.net/cigarette/oman/salalah/,https://www.combien-coute.net/cigarette/oman/salalah/,detail
Sohar,ville,Oman,oman,Marlboro,2026-04-26,5.1,2,OMR,Rial omani,5.1,5.1,5.55,2,2,3,2026-04-26,2026,https://www.combien-coute.net/cigarette/oman/sohar/,https://www.combien-coute.net/cigarette/oman/sohar/,detail
Sur,ville,Oman,oman,Marlboro,2026-05-01,5.54,2,OMR,Rial omani,5.54,4.43,6.65,2,2,3,2026-05-01,2026,https://www.combien-coute.net/cigarette/oman/sur/,https://www.combien-coute.net/cigarette/oman/sur/,detail
Entebbe,ville,Ouganda,ouganda,Marlboro,2026-04-26,2.41,10508,UGX,Shilling ougandais,2.41,2.3,4.59,10508,10029,20014,2026-04-26,2026,https://www.combien-coute.net/cigarette/ouganda/entebbe/,https://www.combien-coute.net/cigarette/ouganda/entebbe/,detail
Gulu,ville,Ouganda,ouganda,Marlboro,2017-11-21,1.63,7000,UGX,Shilling ougandais,1.63,,,7000,,,2017-11-21,2026,https://www.combien-coute.net/cigarette/ouganda/gulu/,https://www.combien-coute.net/cigarette/ouganda/gulu/,detail
Kampala,ville,Ouganda,ouganda,Marlboro,2026-04-21,2.4,10492,UGX,Shilling ougandais,2.4,2.29,4.58,10492,10011,20022,2026-04-21,2026,https://www.combien-coute.net/cigarette/ouganda/kampala/,https://www.combien-coute.net/cigarette/ouganda/kampala/,detail
Kasese,ville,Ouganda,ouganda,Marlboro,2023-02-18,1.41,5500,UGX,Shilling ougandais,1.41,1.28,1.54,5500,5000,6000,2023-02-18,2026,https://www.combien-coute.net/cigarette/ouganda/kasese/,https://www.combien-coute.net/cigarette/ouganda/kasese/,detail
Soroti,ville,Ouganda,ouganda,Marlboro,2026-04-25,2.41,10472,UGX,Shilling ougandais,2.41,2.29,4.59,10472,9950,19944,2026-04-25,2026,https://www.combien-coute.net/cigarette/ouganda/soroti/,https://www.combien-coute.net/cigarette/ouganda/soroti/,detail
Tachkent,ville,Ouzbékistan,ouzbekistan,Marlboro,2026-04-29,1.77,25038,UZS,Sum,1.77,1.42,2.48,25038,20087,35082,2026-04-29,2026,https://www.combien-coute.net/cigarette/ouzbekistan/tachkent/,https://www.combien-coute.net/cigarette/ouzbekistan/tachkent/,detail
Abbottabad,ville,Pakistan,pakistan,Marlboro,2026-04-15,1.4,20064,UZS,Sum,1.4,1.28,2.43,20064,18344,34826,2026-04-15,2026,https://www.combien-coute.net/cigarette/pakistan/abbottabad/,https://www.combien-coute.net/cigarette/pakistan/abbottabad/,detail
Dera Ghazi Khan,ville,Pakistan,pakistan,Marlboro,2017-11-21,1.05,130,UZS,Sum,1.05,1.05,1.17,130,130,145,2017-11-21,2026,https://www.combien-coute.net/cigarette/pakistan/dera-ghazi-khan/,https://www.combien-coute.net/cigarette/pakistan/dera-ghazi-khan/,detail
Faisalabad,ville,Pakistan,pakistan,Marlboro,2026-04-17,1.6,22962,UZS,Sum,1.6,0.91,3.04,22962,13060,43629,2026-04-17,2026,https://www.combien-coute.net/cigarette/pakistan/faisalabad/,https://www.combien-coute.net/cigarette/pakistan/faisalabad/,detail
Gujranwala,ville,Pakistan,pakistan,Marlboro,2026-04-16,1.76,25202,UZS,Sum,1.76,1.67,2.43,25202,23913,34796,2026-04-16,2026,https://www.combien-coute.net/cigarette/pakistan/gujranwala/,https://www.combien-coute.net/cigarette/pakistan/gujranwala/,detail
Gujrat,ville,Pakistan,pakistan,Marlboro,2026-04-15,1.6,22930,UZS,Sum,1.6,0.91,3.04,22930,13042,43568,2026-04-15,2026,https://www.combien-coute.net/cigarette/pakistan/gujrat/,https://www.combien-coute.net/cigarette/pakistan/gujrat/,detail
Hafizabad,ville,Pakistan,pakistan,Marlboro,2026-04-16,1.9,27206,UZS,Sum,1.9,1.67,2.43,27206,23913,34796,2026-04-16,2026,https://www.combien-coute.net/cigarette/pakistan/hafizabad/,https://www.combien-coute.net/cigarette/pakistan/hafizabad/,detail
Hyderâbâd (Sind),ville,Pakistan,pakistan,Marlboro,2026-04-17,1.83,26263,UZS,Sum,1.83,1.22,3.04,26263,17509,43629,2026-04-17,2026,https://www.combien-coute.net/cigarette/pakistan/hyder-b-d/,https://www.combien-coute.net/cigarette/pakistan/hyder-b-d/,detail
Islamabad,ville,Pakistan,pakistan,Marlboro,2026-04-29,1.87,26453,UZS,Sum,1.87,1.53,2.45,26453,21643,34658,2026-04-29,2026,https://www.combien-coute.net/cigarette/pakistan/islamabad/,https://www.combien-coute.net/cigarette/pakistan/islamabad/,detail
Jhelum,ville,Pakistan,pakistan,Marlboro,2026-04-13,0.77,10964,UZS,Sum,0.77,0.77,3.07,10964,10964,43714,2026-04-13,2026,https://www.combien-coute.net/cigarette/pakistan/jhelum/,https://www.combien-coute.net/cigarette/pakistan/jhelum/,detail
Karachi,ville,Pakistan,pakistan,Marlboro,2026-04-21,1.83,26215,UZS,Sum,1.83,1.22,3.04,26215,17476,43548,2026-04-21,2026,https://www.combien-coute.net/cigarette/pakistan/karachi/,https://www.combien-coute.net/cigarette/pakistan/karachi/,detail
Larkana,ville,Pakistan,pakistan,Marlboro,2017-11-21,1.29,160,UZS,Sum,1.29,0.65,1.45,160,80,180,2017-11-21,2026,https://www.combien-coute.net/cigarette/pakistan/larkana/,https://www.combien-coute.net/cigarette/pakistan/larkana/,detail
Mardan,ville,Pakistan,pakistan,Marlboro,2017-11-21,1.05,130,UZS,Sum,1.05,0.48,1.21,130,60,150,2017-11-21,2026,https://www.combien-coute.net/cigarette/pakistan/mardan/,https://www.combien-coute.net/cigarette/pakistan/mardan/,detail
Mianwali,ville,Pakistan,pakistan,Marlboro,2026-04-16,0.91,13030,UZS,Sum,0.91,0.91,2.13,13030,13030,30500,2026-04-16,2026,https://www.combien-coute.net/cigarette/pakistan/mianwali/,https://www.combien-coute.net/cigarette/pakistan/mianwali/,detail
Mirpur Khas,ville,Pakistan,pakistan,Marlboro,2026-04-14,1.83,26053,UZS,Sum,1.83,1.22,3.05,26053,17369,43422,2026-04-14,2026,https://www.combien-coute.net/cigarette/pakistan/mirpur-khas/,https://www.combien-coute.net/cigarette/pakistan/mirpur-khas/,detail
Multan,ville,Pakistan,pakistan,Marlboro,2026-04-17,1.67,23967,UZS,Sum,1.67,1.22,2.43,23967,17509,34874,2026-04-17,2026,https://www.combien-coute.net/cigarette/pakistan/multan/,https://www.combien-coute.net/cigarette/pakistan/multan/,detail
Nawabshah,ville,Pakistan,pakistan,Marlboro,2017-11-21,1.21,150,UZS,Sum,1.21,0.65,1.45,150,80,180,2017-11-21,2026,https://www.combien-coute.net/cigarette/pakistan/nawabshah/,https://www.combien-coute.net/cigarette/pakistan/nawabshah/,detail
Okara,ville,Pakistan,pakistan,Marlboro,2017-11-21,1.05,130,UZS,Sum,1.05,0.4,1.17,130,50,145,2017-11-21,2026,https://www.combien-coute.net/cigarette/pakistan/okara/,https://www.combien-coute.net/cigarette/pakistan/okara/,detail
Peshawar,ville,Pakistan,pakistan,Marlboro,2026-04-21,1.52,21774,UZS,Sum,1.52,1.52,2.43,21774,21774,34810,2026-04-21,2026,https://www.combien-coute.net/cigarette/pakistan/peshawar/,https://www.combien-coute.net/cigarette/pakistan/peshawar/,detail
Quetta,ville,Pakistan,pakistan,Marlboro,2026-04-21,2.43,34810,UZS,Sum,2.43,,,34810,,,2026-04-21,2026,https://www.combien-coute.net/cigarette/pakistan/quetta/,https://www.combien-coute.net/cigarette/pakistan/quetta/,detail
Rawalpindi,ville,Pakistan,pakistan,Marlboro,2026-04-14,1.68,23918,UZS,Sum,1.68,1.68,1.83,23918,23918,26053,2026-04-14,2026,https://www.combien-coute.net/cigarette/pakistan/rawalpindi/,https://www.combien-coute.net/cigarette/pakistan/rawalpindi/,detail
Sadiqabad,ville,Pakistan,pakistan,Marlboro,2017-11-21,1.41,175,UZS,Sum,1.41,1.21,1.61,175,150,200,2017-11-21,2026,https://www.combien-coute.net/cigarette/pakistan/sadiqabad/,https://www.combien-coute.net/cigarette/pakistan/sadiqabad/,detail
Sargodha,ville,Pakistan,pakistan,Marlboro,2026-04-15,1.9,27230,UZS,Sum,1.9,1.67,2.43,27230,23934,34826,2026-04-15,2026,https://www.combien-coute.net/cigarette/pakistan/sargodha/,https://www.combien-coute.net/cigarette/pakistan/sargodha/,detail
Sialkot,ville,Pakistan,pakistan,Marlboro,2026-04-15,1.9,27230,UZS,Sum,1.9,1.67,2.43,27230,23934,34826,2026-04-15,2026,https://www.combien-coute.net/cigarette/pakistan/sialkot/,https://www.combien-coute.net/cigarette/pakistan/sialkot/,detail
Skardu,ville,Pakistan,pakistan,Marlboro,2022-06-11,0.93,10909,UZS,Sum,0.93,,,10909,,,2022-06-11,2026,https://www.combien-coute.net/cigarette/pakistan/skardu/,https://www.combien-coute.net/cigarette/pakistan/skardu/,detail
Sukkur,ville,Pakistan,pakistan,Marlboro,2024-06-20,1.34,18127,UZS,Sum,1.34,,,18127,,,2024-06-20,2026,https://www.combien-coute.net/cigarette/pakistan/sukkur/,https://www.combien-coute.net/cigarette/pakistan/sukkur/,detail
El Nido,ville,Palawan,palawan,Marlboro,2024-01-24,2.13,130,₱ (PHP),Peso philippin,2.13,1.64,2.62,130,100,160,2024-01-24,2026,https://www.combien-coute.net/cigarette/palawan/el-nido/,https://www.combien-coute.net/cigarette/palawan/el-nido/,detail
Puerto Princesa,ville,Palawan,palawan,Marlboro,2026-04-30,2.5,180,₱ (PHP),Peso philippin,2.5,2.22,2.78,180,160,201,2026-04-30,2026,https://www.combien-coute.net/cigarette/palawan/puerto-princesa/,https://www.combien-coute.net/cigarette/palawan/puerto-princesa/,detail
Aguadulce,ville,Panama,panama,Marlboro,2026-04-15,5.09,6,PAB,Balboa,5.09,4.96,5.51,6,6,7,2026-04-15,2026,https://www.combien-coute.net/cigarette/panama/aguadulce/,https://www.combien-coute.net/cigarette/panama/aguadulce/,detail
Boquete,ville,Panama,panama,Marlboro,2026-04-18,4.46,5,PAB,Balboa,4.46,4.25,4.67,5,5,6,2026-04-18,2026,https://www.combien-coute.net/cigarette/panama/boquete/,https://www.combien-coute.net/cigarette/panama/boquete/,detail
David,ville,Panama,panama,Marlboro,2024-06-20,11.16,12,PAB,Balboa,11.16,,,12,,,2024-06-20,2026,https://www.combien-coute.net/cigarette/panama/david/,https://www.combien-coute.net/cigarette/panama/david/,detail
La Chorrera,ville,Panama,panama,Marlboro,2017-11-21,3.62,4,PAB,Balboa,3.62,3.62,3.62,4,4,4,2017-11-21,2026,https://www.combien-coute.net/cigarette/panama/la-chorrera/,https://www.combien-coute.net/cigarette/panama/la-chorrera/,detail
San Miguelito,ville,Panama,panama,Marlboro,2026-04-16,5.09,6,PAB,Balboa,5.09,4.96,5.51,6,6,7,2026-04-16,2026,https://www.combien-coute.net/cigarette/panama/san-miguelito/,https://www.combien-coute.net/cigarette/panama/san-miguelito/,detail
Soná,ville,Panama,panama,Marlboro,2017-11-21,6.82,8,PAB,Balboa,6.82,5.97,7.67,8,7,9,2017-11-21,2026,https://www.combien-coute.net/cigarette/panama/san-francisco-panama/,https://www.combien-coute.net/cigarette/panama/san-francisco-panama/,detail
Ville de Panama,ville,Panama,panama,Marlboro,2026-04-18,5.1,6,PAB,Balboa,5.1,4.97,5.52,6,6,7,2026-04-18,2026,https://www.combien-coute.net/cigarette/panama/ville-de-panama/,https://www.combien-coute.net/cigarette/panama/ville-de-panama/,detail
Goroka,ville,Papouasie-Nouvelle-Guinée,papouasie-nouvelle-guinee,Marlboro,2017-11-21,5.29,20,PGK,kina,5.29,5.29,5.29,20,20,20,2017-11-21,2026,https://www.combien-coute.net/cigarette/papouasie-nouvelle-guinee/goroka/,https://www.combien-coute.net/cigarette/papouasie-nouvelle-guinee/goroka/,detail
Kerema,ville,Papouasie-Nouvelle-Guinée,papouasie-nouvelle-guinee,Marlboro,2025-12-12,5.52,27,PGK,kina,5.52,4.02,9.44,27,20,47,2025-12-12,2026,https://www.combien-coute.net/cigarette/papouasie-nouvelle-guinee/kerema/,https://www.combien-coute.net/cigarette/papouasie-nouvelle-guinee/kerema/,detail
Lae,ville,Papouasie-Nouvelle-Guinée,papouasie-nouvelle-guinee,Marlboro,2019-01-05,5.2,20,PGK,kina,5.2,,,20,,,2019-01-05,2026,https://www.combien-coute.net/cigarette/papouasie-nouvelle-guinee/lae/,https://www.combien-coute.net/cigarette/papouasie-nouvelle-guinee/lae/,detail
Madang,ville,Papouasie-Nouvelle-Guinée,papouasie-nouvelle-guinee,Marlboro,2017-11-21,5.29,6,PGK,kina,5.29,5.29,5.29,6,6,6,2017-11-21,2026,https://www.combien-coute.net/cigarette/papouasie-nouvelle-guinee/madang/,https://www.combien-coute.net/cigarette/papouasie-nouvelle-guinee/madang/,detail
Port Moresby,ville,Papouasie-Nouvelle-Guinée,papouasie-nouvelle-guinee,Marlboro,2026-04-22,5.68,29,PGK,kina,5.68,4.23,9.21,29,22,48,2026-04-22,2026,https://www.combien-coute.net/cigarette/papouasie-nouvelle-guinee/port-moresby/,https://www.combien-coute.net/cigarette/papouasie-nouvelle-guinee/port-moresby/,detail
Asuncion,ville,Paraguay,paraguay,Marlboro,2026-04-17,1.6,12039,₲ (PYG),Guarani,1.6,1.33,2,12039,10008,15049,2026-04-17,2026,https://www.combien-coute.net/cigarette/paraguay/asuncion/,https://www.combien-coute.net/cigarette/paraguay/asuncion/,detail
Ciudad Del Este,ville,Paraguay,paraguay,Marlboro,2026-04-25,1.08,7987,₲ (PYG),Guarani,1.08,1.08,2.15,7987,7987,15900,2026-04-25,2026,https://www.combien-coute.net/cigarette/paraguay/ciudad-del-este/,https://www.combien-coute.net/cigarette/paraguay/ciudad-del-este/,detail
San Bernardino,ville,Paraguay,paraguay,Marlboro,2017-11-21,5.11,6,₲ (PYG),Guarani,5.11,4.26,5.95,6,5,7,2017-11-21,2026,https://www.combien-coute.net/cigarette/paraguay/san-bernardino-pa/,https://www.combien-coute.net/cigarette/paraguay/san-bernardino-pa/,detail
Santa Rosa,ville,Paraguay,paraguay,Marlboro,2017-11-21,5.79,7,₲ (PYG),Guarani,5.79,4.26,7.66,7,5,9,2017-11-21,2026,https://www.combien-coute.net/cigarette/paraguay/santa-rosa/,https://www.combien-coute.net/cigarette/paraguay/santa-rosa/,detail
Biarritz,ville,Pays Basque,pays-basque,Marlboro,2026-04-19,11.75,,,,11.75,11,14,,,,2026-04-19,2026,https://www.combien-coute.net/cigarette/pays-basque/biarritz/,https://www.combien-coute.net/cigarette/pays-basque/biarritz/,detail
Aberystwyth,ville,Pays de Galles,pays-de-galles,Marlboro,2026-04-16,18.39,16,£ (GBP),livre sterling,18.39,14.94,28.74,16,13,25,2026-04-16,2026,https://www.combien-coute.net/cigarette/pays-de-galles/aberystwyth/,https://www.combien-coute.net/cigarette/pays-de-galles/aberystwyth/,detail
Cardiff,ville,Pays de Galles,pays-de-galles,Marlboro,2025-11-24,17.41,15,£ (GBP),livre sterling,17.41,14.74,20.48,15,13,18,2025-11-24,2026,https://www.combien-coute.net/cigarette/pays-de-galles/cardiff/,https://www.combien-coute.net/cigarette/pays-de-galles/cardiff/,detail
Swansea,ville,Pays de Galles,pays-de-galles,Marlboro,2026-04-13,20.38,18,£ (GBP),livre sterling,20.38,17.23,20.67,18,15,18,2026-04-13,2026,https://www.combien-coute.net/cigarette/pays-de-galles/swansea/,https://www.combien-coute.net/cigarette/pays-de-galles/swansea/,detail
Angers,ville,Pays de la Loire,pays-de-la-loire,Marlboro,2026-04-25,12,,,,12,12,14,,,,2026-04-25,2026,https://www.combien-coute.net/cigarette/pays-de-la-loire/angers/,https://www.combien-coute.net/cigarette/pays-de-la-loire/angers/,detail
Châteaubriant,ville,Pays de la Loire,pays-de-la-loire,Marlboro,2017-11-21,6.58,,,,6.58,6,7.15,,,,2017-11-21,2026,https://www.combien-coute.net/cigarette/pays-de-la-loire/ch-teaubriant/,https://www.combien-coute.net/cigarette/pays-de-la-loire/ch-teaubriant/,detail
Mayenne,ville,Pays de la Loire,pays-de-la-loire,Marlboro,2026-04-15,12,,,,12,12,13,,,,2026-04-15,2026,https://www.combien-coute.net/cigarette/pays-de-la-loire/mayenne/,https://www.combien-coute.net/cigarette/pays-de-la-loire/mayenne/,detail
Nantes,ville,Pays de la Loire,france,Marlboro,2026-04-27,11.75,,,,11.75,11,14,,,,2026-04-27,2026,https://www.combien-coute.net/cigarette/france/nantes/,https://www.combien-coute.net/cigarette/france/nantes/,detail
Nantes,ville,Pays de la Loire,pays-de-la-loire,Marlboro,2026-04-27,11.75,,,,11.75,11,14,,,,2026-04-27,2026,https://www.combien-coute.net/cigarette/pays-de-la-loire/nantes/,https://www.combien-coute.net/cigarette/pays-de-la-loire/nantes/,detail
le Mans (Sarthe),ville,Pays de la Loire,pays-de-la-loire,Marlboro,2026-04-23,12.5,,,,12.5,12,14,,,,2026-04-23,2026,https://www.combien-coute.net/cigarette/pays-de-la-loire/mans-sarthe/,https://www.combien-coute.net/cigarette/pays-de-la-loire/mans-sarthe/,detail
Alkmaar,ville,Pays-Bas,pays-bas,Marlboro,2026-04-15,11.5,,,,11.5,8.4,12.5,,,,2026-04-15,2026,https://www.combien-coute.net/cigarette/pays-bas/alkmaar/,https://www.combien-coute.net/cigarette/pays-bas/alkmaar/,detail
Almelo,ville,Pays-Bas,pays-bas,Marlboro,2026-04-17,12.5,,,,12.5,12,13.5,,,,2026-04-17,2026,https://www.combien-coute.net/cigarette/pays-bas/almelo/,https://www.combien-coute.net/cigarette/pays-bas/almelo/,detail
Amersfoort,ville,Pays-Bas,pays-bas,Marlboro,2026-04-16,11.55,,,,11.55,10,12.5,,,,2026-04-16,2026,https://www.combien-coute.net/cigarette/pays-bas/amersfoort/,https://www.combien-coute.net/cigarette/pays-bas/amersfoort/,detail
Amsterdam,ville,Pays-Bas,pays-bas,Marlboro,2025-11-24,12.5,,,,12.5,12.5,13.5,,,,2025-11-24,2026,https://www.combien-coute.net/cigarette/pays-bas/amsterdam/,https://www.combien-coute.net/cigarette/pays-bas/amsterdam/,detail
Apeldoorn,ville,Pays-Bas,pays-bas,Marlboro,2026-04-15,12,,,,12,8.8,15,,,,2026-04-15,2026,https://www.combien-coute.net/cigarette/pays-bas/apeldoorn/,https://www.combien-coute.net/cigarette/pays-bas/apeldoorn/,detail
Arnhem,ville,Pays-Bas,pays-bas,Marlboro,2026-04-16,12.5,,,,12.5,10,12.5,,,,2026-04-16,2026,https://www.combien-coute.net/cigarette/pays-bas/arnhem/,https://www.combien-coute.net/cigarette/pays-bas/arnhem/,detail
Bois-le-Duc,ville,Pays-Bas,pays-bas,Marlboro,2026-04-15,10.25,,,,10.25,8.2,12.5,,,,2026-04-15,2026,https://www.combien-coute.net/cigarette/pays-bas/bois-le-duc/,https://www.combien-coute.net/cigarette/pays-bas/bois-le-duc/,detail
Bréda,ville,Pays-Bas,pays-bas,Marlboro,2026-04-16,12.5,,,,12.5,10.5,13,,,,2026-04-16,2026,https://www.combien-coute.net/cigarette/pays-bas/breda/,https://www.combien-coute.net/cigarette/pays-bas/breda/,detail
Delft,ville,Pays-Bas,pays-bas,Marlboro,2026-05-01,12.5,,,,12.5,12,20,,,,2026-05-01,2026,https://www.combien-coute.net/cigarette/pays-bas/delft/,https://www.combien-coute.net/cigarette/pays-bas/delft/,detail
Den Helder,ville,Pays-Bas,pays-bas,Marlboro,2026-04-25,12.75,,,,12.75,12,13,,,,2026-04-25,2026,https://www.combien-coute.net/cigarette/pays-bas/den-helder/,https://www.combien-coute.net/cigarette/pays-bas/den-helder/,detail
Deventer,ville,Pays-Bas,pays-bas,Marlboro,2026-04-16,12.5,,,,12.5,11,15,,,,2026-04-16,2026,https://www.combien-coute.net/cigarette/pays-bas/deventer/,https://www.combien-coute.net/cigarette/pays-bas/deventer/,detail
Dordrecht,ville,Pays-Bas,pays-bas,Marlboro,2026-04-16,12,,,,12,9,12.5,,,,2026-04-16,2026,https://www.combien-coute.net/cigarette/pays-bas/dordrecht/,https://www.combien-coute.net/cigarette/pays-bas/dordrecht/,detail
Drachten,ville,Pays-Bas,pays-bas,Marlboro,2026-04-15,8.2,,,,8.2,8.2,12.5,,,,2026-04-15,2026,https://www.combien-coute.net/cigarette/pays-bas/drachten/,https://www.combien-coute.net/cigarette/pays-bas/drachten/,detail
Eindhoven,ville,Pays-Bas,pays-bas,Marlboro,2026-04-26,12.5,,,,12.5,11,15,,,,2026-04-26,2026,https://www.combien-coute.net/cigarette/pays-bas/eindhoven/,https://www.combien-coute.net/cigarette/pays-bas/eindhoven/,detail
Emmen,ville,Pays-Bas,pays-bas,Marlboro,2026-04-15,11,,,,11,11,13.5,,,,2026-04-15,2026,https://www.combien-coute.net/cigarette/pays-bas/emmen/,https://www.combien-coute.net/cigarette/pays-bas/emmen/,detail
Enkhuizen,ville,Pays-Bas,pays-bas,Marlboro,2017-11-21,6.4,,,,6.4,,,,,,2017-11-21,2026,https://www.combien-coute.net/cigarette/pays-bas/enkhuizen/,https://www.combien-coute.net/cigarette/pays-bas/enkhuizen/,detail
Enschede,ville,Pays-Bas,pays-bas,Marlboro,2026-04-16,12.5,,,,12.5,12.5,14,,,,2026-04-16,2026,https://www.combien-coute.net/cigarette/pays-bas/enschede/,https://www.combien-coute.net/cigarette/pays-bas/enschede/,detail
Goes,ville,Pays-Bas,pays-bas,Marlboro,2026-04-17,12.5,,,,12.5,12.5,12.5,,,,2026-04-17,2026,https://www.combien-coute.net/cigarette/pays-bas/goes/,https://www.combien-coute.net/cigarette/pays-bas/goes/,detail
Gouda,ville,Pays-Bas,pays-bas,Marlboro,2026-04-30,12,,,,12,9,12.5,,,,2026-04-30,2026,https://www.combien-coute.net/cigarette/pays-bas/gouda/,https://www.combien-coute.net/cigarette/pays-bas/gouda/,detail
Groningen,ville,Pays-Bas,pays-bas,Marlboro,2026-04-25,13,,,,13,12.5,14,,,,2026-04-25,2026,https://www.combien-coute.net/cigarette/pays-bas/groningen/,https://www.combien-coute.net/cigarette/pays-bas/groningen/,detail
Harlingen,ville,Pays-Bas,pays-bas,Marlboro,2025-12-13,8.2,,,,8.2,8.06,8.34,,,,2025-12-13,2026,https://www.combien-coute.net/cigarette/pays-bas/harlingen/,https://www.combien-coute.net/cigarette/pays-bas/harlingen/,detail
La Haye,ville,Pays-Bas,pays-bas,Marlboro,2026-04-26,12.5,,,,12.5,12,13,,,,2026-04-26,2026,https://www.combien-coute.net/cigarette/pays-bas/la-haye/,https://www.combien-coute.net/cigarette/pays-bas/la-haye/,detail
Leeuwarden,ville,Pays-Bas,pays-bas,Marlboro,2026-04-17,12.5,,,,12.5,9,13,,,,2026-04-17,2026,https://www.combien-coute.net/cigarette/pays-bas/leeuwarden/,https://www.combien-coute.net/cigarette/pays-bas/leeuwarden/,detail
Lelystad,ville,Pays-Bas,pays-bas,Marlboro,2026-04-18,8.7,,,,8.7,8.7,12.5,,,,2026-04-18,2026,https://www.combien-coute.net/cigarette/pays-bas/lelystad/,https://www.combien-coute.net/cigarette/pays-bas/lelystad/,detail
Maastricht,ville,Pays-Bas,pays-bas,Marlboro,2026-04-22,12.5,,,,12.5,12.5,12.5,,,,2026-04-22,2026,https://www.combien-coute.net/cigarette/pays-bas/maastricht/,https://www.combien-coute.net/cigarette/pays-bas/maastricht/,detail
Nimègue,ville,Pays-Bas,pays-bas,Marlboro,2026-04-15,12.5,,,,12.5,11.1,14.8,,,,2026-04-15,2026,https://www.combien-coute.net/cigarette/pays-bas/nimegue/,https://www.combien-coute.net/cigarette/pays-bas/nimegue/,detail
Rotterdam,ville,Pays-Bas,pays-bas,Marlboro,2025-11-24,12.5,,,,12.5,11.2,13,,,,2025-11-24,2026,https://www.combien-coute.net/cigarette/pays-bas/rotterdam/,https://www.combien-coute.net/cigarette/pays-bas/rotterdam/,detail
Ruremonde,ville,Pays-Bas,pays-bas,Marlboro,2026-04-15,12.5,,,,12.5,9.5,13.5,,,,2026-04-15,2026,https://www.combien-coute.net/cigarette/pays-bas/ruremonde/,https://www.combien-coute.net/cigarette/pays-bas/ruremonde/,detail
Tilburg,ville,Pays-Bas,pays-bas,Marlboro,2026-04-15,12.5,,,,12.5,12.5,16,,,,2026-04-15,2026,https://www.combien-coute.net/cigarette/pays-bas/tilburg/,https://www.combien-coute.net/cigarette/pays-bas/tilburg/,detail
Utrecht,ville,Pays-Bas,pays-bas,Marlboro,2026-04-25,12.75,,,,12.75,12,13,,,,2026-04-25,2026,https://www.combien-coute.net/cigarette/pays-bas/utrecht/,https://www.combien-coute.net/cigarette/pays-bas/utrecht/,detail
Venlo,ville,Pays-Bas,pays-bas,Marlboro,2026-04-16,12.5,,,,12.5,8.2,13,,,,2026-04-16,2026,https://www.combien-coute.net/cigarette/pays-bas/venlo/,https://www.combien-coute.net/cigarette/pays-bas/venlo/,detail
Zandvoort,ville,Pays-Bas,pays-bas,Marlboro,2026-04-26,12.5,,,,12.5,12,13,,,,2026-04-26,2026,https://www.combien-coute.net/cigarette/pays-bas/zandvoort/,https://www.combien-coute.net/cigarette/pays-bas/zandvoort/,detail
Zwolle,ville,Pays-Bas,pays-bas,Marlboro,2026-04-17,12.5,,,,12.5,10,12.5,,,,2026-04-17,2026,https://www.combien-coute.net/cigarette/pays-bas/zwolle/,https://www.combien-coute.net/cigarette/pays-bas/zwolle/,detail
Angeles City,ville,Philippines,philippines,Marlboro,2026-04-13,2.57,180,₱ (PHP),Peso philippin,2.57,1.72,2.86,180,121,201,2026-04-13,2026,https://www.combien-coute.net/cigarette/philippines/angeles-city/,https://www.combien-coute.net/cigarette/philippines/angeles-city/,detail
Bacolod,ville,Philippines,philippines,Marlboro,2026-04-14,2.41,170,₱ (PHP),Peso philippin,2.41,,,170,,,2026-04-14,2026,https://www.combien-coute.net/cigarette/philippines/bacolod/,https://www.combien-coute.net/cigarette/philippines/bacolod/,detail
Baguio,ville,Philippines,philippines,Marlboro,2026-04-13,2.65,186,₱ (PHP),Peso philippin,2.65,2.4,2.86,186,169,201,2026-04-13,2026,https://www.combien-coute.net/cigarette/philippines/baguio/,https://www.combien-coute.net/cigarette/philippines/baguio/,detail
Batangas,ville,Philippines,philippines,Marlboro,2026-04-18,2.28,161,₱ (PHP),Peso philippin,2.28,1.99,3.56,161,141,252,2026-04-18,2026,https://www.combien-coute.net/cigarette/philippines/batangas/,https://www.combien-coute.net/cigarette/philippines/batangas/,detail
Bayombong,ville,Philippines,philippines,Marlboro,2025-12-12,2.31,159,₱ (PHP),Peso philippin,2.31,2.17,2.46,159,150,170,2025-12-12,2026,https://www.combien-coute.net/cigarette/philippines/bayombong/,https://www.combien-coute.net/cigarette/philippines/bayombong/,detail
Binangonan,ville,Philippines,philippines,Marlboro,2025-11-23,2.81,190,₱ (PHP),Peso philippin,2.81,2.07,2.95,190,140,200,2025-11-23,2026,https://www.combien-coute.net/cigarette/philippines/binangonan/,https://www.combien-coute.net/cigarette/philippines/binangonan/,detail
Boracay,ville,Philippines,philippines,Marlboro,2026-04-30,2.64,190,₱ (PHP),Peso philippin,2.64,2.01,2.78,190,145,201,2026-04-30,2026,https://www.combien-coute.net/cigarette/philippines/ile-de-panay/,https://www.combien-coute.net/cigarette/philippines/ile-de-panay/,detail
Butuan,ville,Philippines,philippines,Marlboro,2026-04-17,2.12,150,₱ (PHP),Peso philippin,2.12,2.12,2.21,150,150,156,2026-04-17,2026,https://www.combien-coute.net/cigarette/philippines/butuan/,https://www.combien-coute.net/cigarette/philippines/butuan/,detail
Calamba,ville,Philippines,philippines,Marlboro,2025-11-23,2.44,165,₱ (PHP),Peso philippin,2.44,1.77,2.95,165,120,200,2025-11-23,2026,https://www.combien-coute.net/cigarette/philippines/calamba/,https://www.combien-coute.net/cigarette/philippines/calamba/,detail
Davao,ville,Philippines,philippines,Marlboro,2026-04-13,2.15,151,₱ (PHP),Peso philippin,2.15,2.15,2.23,151,151,157,2026-04-13,2026,https://www.combien-coute.net/cigarette/philippines/davao/,https://www.combien-coute.net/cigarette/philippines/davao/,detail
Dumaguete,ville,Philippines,philippines,Marlboro,2025-11-23,2.21,150,₱ (PHP),Peso philippin,2.21,2.14,2.21,150,145,150,2025-11-23,2026,https://www.combien-coute.net/cigarette/philippines/dumaguete/,https://www.combien-coute.net/cigarette/philippines/dumaguete/,detail
General Santos,ville,Philippines,philippines,Marlboro,2025-11-24,2.22,150,₱ (PHP),Peso philippin,2.22,2.22,2.36,150,150,160,2025-11-24,2026,https://www.combien-coute.net/cigarette/philippines/general-santos/,https://www.combien-coute.net/cigarette/philippines/general-santos/,detail
Iligan City,ville,Philippines,philippines,Marlboro,2024-02-03,2.38,145,₱ (PHP),Peso philippin,2.38,2.3,2.47,145,140,150,2024-02-03,2026,https://www.combien-coute.net/cigarette/philippines/iligan-city/,https://www.combien-coute.net/cigarette/philippines/iligan-city/,detail
Iriga City,ville,Philippines,philippines,Marlboro,2022-09-15,3.33,0,₱ (PHP),Peso philippin,3.33,2.28,4.39,190,130,250,2022-09-15,2026,https://www.combien-coute.net/cigarette/philippines/iriga-city/,https://www.combien-coute.net/cigarette/philippines/iriga-city/,detail
Manille,ville,Philippines,philippines,Marlboro,2026-04-29,2.66,190,₱ (PHP),Peso philippin,2.66,2.18,3.49,190,156,250,2026-04-29,2026,https://www.combien-coute.net/cigarette/philippines/manille/,https://www.combien-coute.net/cigarette/philippines/manille/,detail
Masinloc (Zambales),ville,Philippines,philippines,Marlboro,2017-11-21,1.17,70,₱ (PHP),Peso philippin,1.17,0.92,1.68,70,55,100,2017-11-21,2026,https://www.combien-coute.net/cigarette/philippines/malabon/,https://www.combien-coute.net/cigarette/philippines/malabon/,detail
Quezon City,ville,Philippines,philippines,Marlboro,2026-04-15,2.48,175,₱ (PHP),Peso philippin,2.48,1.99,2.84,175,140,200,2026-04-15,2026,https://www.combien-coute.net/cigarette/philippines/quezon-city/,https://www.combien-coute.net/cigarette/philippines/quezon-city/,detail
Tagaytay,ville,Philippines,philippines,Marlboro,2026-04-14,1.78,125,₱ (PHP),Peso philippin,1.78,,,125,,,2026-04-14,2026,https://www.combien-coute.net/cigarette/philippines/tagaytay/,https://www.combien-coute.net/cigarette/philippines/tagaytay/,detail
Tarlac City,ville,Philippines,philippines,Marlboro,2025-11-23,2.36,160,₱ (PHP),Peso philippin,2.36,1.48,4.43,160,100,300,2025-11-23,2026,https://www.combien-coute.net/cigarette/philippines/tarlac-city/,https://www.combien-coute.net/cigarette/philippines/tarlac-city/,detail
Tuao (Cagayan),ville,Philippines,philippines,Marlboro,2025-11-23,2.21,150,₱ (PHP),Peso philippin,2.21,1.48,3.69,150,100,250,2025-11-23,2026,https://www.combien-coute.net/cigarette/philippines/dagupan/,https://www.combien-coute.net/cigarette/philippines/dagupan/,detail
Zamboanga,ville,Philippines,philippines,Marlboro,2026-04-21,2.45,173,₱ (PHP),Peso philippin,2.45,2.41,2.48,173,170,175,2026-04-21,2026,https://www.combien-coute.net/cigarette/philippines/zamboanga/,https://www.combien-coute.net/cigarette/philippines/zamboanga/,detail
Amiens (Somme),ville,Picardie,picardie,Marlboro,2026-04-18,12.5,,,,12.5,12,18,,,,2026-04-18,2026,https://www.combien-coute.net/cigarette/picardie/amiens/,https://www.combien-coute.net/cigarette/picardie/amiens/,detail
Poitiers (Vienne),ville,Poitou,poitou-charentes,Marlboro,2026-04-28,11.75,,,,11.75,11.5,13,,,,2026-04-28,2026,https://www.combien-coute.net/cigarette/poitou-charentes/poitiers/,https://www.combien-coute.net/cigarette/poitou-charentes/poitiers/,detail
Bydgoszcz,ville,Pologne,pologne,Marlboro,2025-11-23,4.48,19,złoty (PLN),Nouveau Sloty,4.48,4.25,5.19,19,18,22,2025-11-23,2026,https://www.combien-coute.net/cigarette/pologne/bydgoszcz/,https://www.combien-coute.net/cigarette/pologne/bydgoszcz/,detail
Cracovie,ville,Pologne,pologne,Marlboro,2026-05-01,4.93,21,złoty (PLN),Nouveau Sloty,4.93,4.7,5.87,21,20,25,2026-05-01,2026,https://www.combien-coute.net/cigarette/pologne/cracovie/,https://www.combien-coute.net/cigarette/pologne/cracovie/,detail
Elblag,ville,Pologne,pologne,Marlboro,2026-04-18,3.9,17,złoty (PLN),Nouveau Sloty,3.9,3.9,5.91,17,17,25,2026-04-18,2026,https://www.combien-coute.net/cigarette/pologne/elblag/,https://www.combien-coute.net/cigarette/pologne/elblag/,detail
Gdansk,ville,Pologne,pologne,Marlboro,2026-05-01,4.7,20,złoty (PLN),Nouveau Sloty,4.7,4.46,5.64,20,19,24,2026-05-01,2026,https://www.combien-coute.net/cigarette/pologne/gdansk/,https://www.combien-coute.net/cigarette/pologne/gdansk/,detail
Gdynia,ville,Pologne,pologne,Marlboro,2025-11-23,4.7,20,złoty (PLN),Nouveau Sloty,4.7,4.25,5.19,20,18,22,2025-11-23,2026,https://www.combien-coute.net/cigarette/pologne/gdynia/,https://www.combien-coute.net/cigarette/pologne/gdynia/,detail
Gniezno,ville,Pologne,pologne,Marlboro,2025-11-24,4.72,20,złoty (PLN),Nouveau Sloty,4.72,4.25,5.9,20,18,25,2025-11-24,2026,https://www.combien-coute.net/cigarette/pologne/gniezno/,https://www.combien-coute.net/cigarette/pologne/gniezno/,detail
Kalisz,ville,Pologne,pologne,Marlboro,2025-11-23,4.25,18,złoty (PLN),Nouveau Sloty,4.25,3.77,4.72,18,16,20,2025-11-23,2026,https://www.combien-coute.net/cigarette/pologne/kalisz/,https://www.combien-coute.net/cigarette/pologne/kalisz/,detail
Katowice,ville,Pologne,pologne,Marlboro,2026-04-18,5.08,22,złoty (PLN),Nouveau Sloty,5.08,4.73,5.91,22,20,25,2026-04-18,2026,https://www.combien-coute.net/cigarette/pologne/katowice/,https://www.combien-coute.net/cigarette/pologne/katowice/,detail
Konin,ville,Pologne,pologne,Marlboro,2017-11-21,3.78,16,złoty (PLN),Nouveau Sloty,3.78,,,16,,,2017-11-21,2026,https://www.combien-coute.net/cigarette/pologne/konin/,https://www.combien-coute.net/cigarette/pologne/konin/,detail
Koszalin,ville,Pologne,pologne,Marlboro,2026-04-21,4.37,19,złoty (PLN),Nouveau Sloty,4.37,4.25,5.67,19,18,24,2026-04-21,2026,https://www.combien-coute.net/cigarette/pologne/koszalin/,https://www.combien-coute.net/cigarette/pologne/koszalin/,detail
Legnica,ville,Pologne,pologne,Marlboro,2026-04-23,4.24,18,złoty (PLN),Nouveau Sloty,4.24,3.06,6.36,18,13,27,2026-04-23,2026,https://www.combien-coute.net/cigarette/pologne/legnica/,https://www.combien-coute.net/cigarette/pologne/legnica/,detail
Leszno,ville,Pologne,pologne,Marlboro,2026-04-22,4.25,18,złoty (PLN),Nouveau Sloty,4.25,3.77,4.25,18,16,18,2026-04-22,2026,https://www.combien-coute.net/cigarette/pologne/leszno/,https://www.combien-coute.net/cigarette/pologne/leszno/,detail
Lodz,ville,Pologne,pologne,Marlboro,2025-11-23,4.91,21,złoty (PLN),Nouveau Sloty,4.91,4.48,5.9,21,19,25,2025-11-23,2026,https://www.combien-coute.net/cigarette/pologne/lodz/,https://www.combien-coute.net/cigarette/pologne/lodz/,detail
Lublin,ville,Pologne,pologne,Marlboro,2026-04-18,4.92,21,złoty (PLN),Nouveau Sloty,4.92,4.49,5.91,21,19,25,2026-04-18,2026,https://www.combien-coute.net/cigarette/pologne/lublin/,https://www.combien-coute.net/cigarette/pologne/lublin/,detail
Nysa,ville,Pologne,pologne,Marlboro,2026-04-18,4.49,19,złoty (PLN),Nouveau Sloty,4.49,4.02,5.91,19,17,25,2026-04-18,2026,https://www.combien-coute.net/cigarette/pologne/nysa/,https://www.combien-coute.net/cigarette/pologne/nysa/,detail
Olsztyn,ville,Pologne,pologne,Marlboro,2025-11-23,4.71,20,złoty (PLN),Nouveau Sloty,4.71,4.36,5.07,20,18,21,2025-11-23,2026,https://www.combien-coute.net/cigarette/pologne/olsztyn/,https://www.combien-coute.net/cigarette/pologne/olsztyn/,detail
Opole,ville,Pologne,pologne,Marlboro,2026-04-18,4.25,18,złoty (PLN),Nouveau Sloty,4.25,4.14,5.91,18,18,25,2026-04-18,2026,https://www.combien-coute.net/cigarette/pologne/opole/,https://www.combien-coute.net/cigarette/pologne/opole/,detail
Pila,ville,Pologne,pologne,Marlboro,2025-11-24,4.48,19,złoty (PLN),Nouveau Sloty,4.48,4.25,5.9,19,18,25,2025-11-24,2026,https://www.combien-coute.net/cigarette/pologne/pila/,https://www.combien-coute.net/cigarette/pologne/pila/,detail
Poznan,ville,Pologne,pologne,Marlboro,2026-04-22,4.91,21,złoty (PLN),Nouveau Sloty,4.91,4.25,5.9,21,18,25,2026-04-22,2026,https://www.combien-coute.net/cigarette/pologne/poznan/,https://www.combien-coute.net/cigarette/pologne/poznan/,detail
Radom,ville,Pologne,pologne,Marlboro,2025-11-23,4.48,19,złoty (PLN),Nouveau Sloty,4.48,4.25,5.42,19,18,23,2025-11-23,2026,https://www.combien-coute.net/cigarette/pologne/radom/,https://www.combien-coute.net/cigarette/pologne/radom/,detail
Rybnik,ville,Pologne,pologne,Marlboro,2025-11-24,4.67,20,złoty (PLN),Nouveau Sloty,4.67,4.25,5.9,20,18,25,2025-11-24,2026,https://www.combien-coute.net/cigarette/pologne/rybnik/,https://www.combien-coute.net/cigarette/pologne/rybnik/,detail
Sandomierz,ville,Pologne,pologne,Marlboro,2023-05-30,4.41,20,złoty (PLN),Nouveau Sloty,4.41,,,20,,,2023-05-30,2026,https://www.combien-coute.net/cigarette/pologne/sandomierz/,https://www.combien-coute.net/cigarette/pologne/sandomierz/,detail
Siedlce,ville,Pologne,pologne,Marlboro,2026-04-18,4.49,19,złoty (PLN),Nouveau Sloty,4.49,4.49,5.44,19,19,23,2026-04-18,2026,https://www.combien-coute.net/cigarette/pologne/siedlce/,https://www.combien-coute.net/cigarette/pologne/siedlce/,detail
Sopot,ville,Pologne,pologne,Marlboro,2026-04-22,4.72,20,złoty (PLN),Nouveau Sloty,4.72,4.25,5.66,20,18,24,2026-04-22,2026,https://www.combien-coute.net/cigarette/pologne/sopot/,https://www.combien-coute.net/cigarette/pologne/sopot/,detail
Stalowa Wola,ville,Pologne,pologne,Marlboro,2017-11-21,3.31,14,złoty (PLN),Nouveau Sloty,3.31,,,14,,,2017-11-21,2026,https://www.combien-coute.net/cigarette/pologne/stalowa-wola/,https://www.combien-coute.net/cigarette/pologne/stalowa-wola/,detail
Suwalki,ville,Pologne,pologne,Marlboro,2026-04-21,5.55,23,złoty (PLN),Nouveau Sloty,5.55,5.2,6.36,23,22,27,2026-04-21,2026,https://www.combien-coute.net/cigarette/pologne/suwalki/,https://www.combien-coute.net/cigarette/pologne/suwalki/,detail
Szczecin,ville,Pologne,pologne,Marlboro,2026-04-26,4.71,20,złoty (PLN),Nouveau Sloty,4.71,4.24,5.89,20,18,25,2026-04-26,2026,https://www.combien-coute.net/cigarette/pologne/szczecin/,https://www.combien-coute.net/cigarette/pologne/szczecin/,detail
Varsovie,ville,Pologne,pologne,Marlboro,2025-11-24,5.19,22,złoty (PLN),Nouveau Sloty,5.19,4.72,5.9,22,20,25,2025-11-24,2026,https://www.combien-coute.net/cigarette/pologne/varsovie/,https://www.combien-coute.net/cigarette/pologne/varsovie/,detail
Wroclaw,ville,Pologne,pologne,Marlboro,2026-04-27,4.71,20,złoty (PLN),Nouveau Sloty,4.71,4.24,5.89,20,18,25,2026-04-27,2026,https://www.combien-coute.net/cigarette/pologne/wroclaw/,https://www.combien-coute.net/cigarette/pologne/wroclaw/,detail
Zawiercie,ville,Pologne,pologne,Marlboro,2025-11-24,4.48,19,złoty (PLN),Nouveau Sloty,4.48,4.37,5.43,19,19,23,2025-11-24,2026,https://www.combien-coute.net/cigarette/pologne/zawiercie/,https://www.combien-coute.net/cigarette/pologne/zawiercie/,detail
Tahiti,ville,Polynésie française,polynesie-francaise,Marlboro,2026-04-25,10.39,,F CFP (XPF),franc pacifique,10.39,,,,,,2026-04-25,2026,https://www.combien-coute.net/cigarette/polynesie-francaise/tahiti/,https://www.combien-coute.net/cigarette/polynesie-francaise/,liste_parent
Adjuntas,ville,Porto Rico,porto-rico,Marlboro,2026-04-19,10.19,12,$ (USD),dollar américain,10.19,10.19,11.89,12,12,14,2026-04-19,2026,https://www.combien-coute.net/cigarette/porto-rico/adjuntas/,https://www.combien-coute.net/cigarette/porto-rico/adjuntas/,detail
Aguadilla,ville,Porto Rico,porto-rico,Marlboro,2026-04-18,10.19,12,$ (USD),dollar américain,10.19,10.19,11.89,12,12,14,2026-04-18,2026,https://www.combien-coute.net/cigarette/porto-rico/aguadilla/,https://www.combien-coute.net/cigarette/porto-rico/aguadilla/,detail
Arecibo,ville,Porto Rico,porto-rico,Marlboro,2026-04-13,10.28,12,$ (USD),dollar américain,10.28,10.28,11.99,12,12,14,2026-04-13,2026,https://www.combien-coute.net/cigarette/porto-rico/arecibo/,https://www.combien-coute.net/cigarette/porto-rico/arecibo/,detail
Cabo Rojo,ville,Porto Rico,porto-rico,Marlboro,2026-04-18,10.19,12,$ (USD),dollar américain,10.19,10.19,11.89,12,12,14,2026-04-18,2026,https://www.combien-coute.net/cigarette/porto-rico/cabo-rojo/,https://www.combien-coute.net/cigarette/porto-rico/cabo-rojo/,detail
Carolina,ville,Porto Rico,porto-rico,Marlboro,2024-01-11,8.92,10,$ (USD),dollar américain,8.92,8.23,13.72,10,9,15,2024-01-11,2026,https://www.combien-coute.net/cigarette/porto-rico/carolina/,https://www.combien-coute.net/cigarette/porto-rico/carolina/,detail
Cayey,ville,Porto Rico,porto-rico,Marlboro,2026-04-17,10.19,12,$ (USD),dollar américain,10.19,10.19,11.88,12,12,14,2026-04-17,2026,https://www.combien-coute.net/cigarette/porto-rico/cayey/,https://www.combien-coute.net/cigarette/porto-rico/cayey/,detail
Ceiba,ville,Porto Rico,porto-rico,Marlboro,2026-04-17,10.19,12,$ (USD),dollar américain,10.19,10.19,11.88,12,12,14,2026-04-17,2026,https://www.combien-coute.net/cigarette/porto-rico/ceiba/,https://www.combien-coute.net/cigarette/porto-rico/ceiba/,detail
Cidra,ville,Porto Rico,porto-rico,Marlboro,2024-01-11,8.92,10,$ (USD),dollar américain,8.92,8.23,13.72,10,9,15,2024-01-11,2026,https://www.combien-coute.net/cigarette/porto-rico/cidra/,https://www.combien-coute.net/cigarette/porto-rico/cidra/,detail
Coamo,ville,Porto Rico,porto-rico,Marlboro,2026-04-18,10.19,12,$ (USD),dollar américain,10.19,10.19,11.89,12,12,14,2026-04-18,2026,https://www.combien-coute.net/cigarette/porto-rico/coamo/,https://www.combien-coute.net/cigarette/porto-rico/coamo/,detail
Dorado,ville,Porto Rico,porto-rico,Marlboro,2026-04-20,10.23,12,$ (USD),dollar américain,10.23,10.23,11.93,12,12,14,2026-04-20,2026,https://www.combien-coute.net/cigarette/porto-rico/dorado/,https://www.combien-coute.net/cigarette/porto-rico/dorado/,detail
Fajardo,ville,Porto Rico,porto-rico,Marlboro,2026-04-19,9.76,11,$ (USD),dollar américain,9.76,9.76,11.89,11,11,14,2026-04-19,2026,https://www.combien-coute.net/cigarette/porto-rico/fajardo/,https://www.combien-coute.net/cigarette/porto-rico/fajardo/,detail
Guayama,ville,Porto Rico,porto-rico,Marlboro,2026-04-18,10.19,12,$ (USD),dollar américain,10.19,10.19,11.89,12,12,14,2026-04-18,2026,https://www.combien-coute.net/cigarette/porto-rico/guayama/,https://www.combien-coute.net/cigarette/porto-rico/guayama/,detail
Hatillo,ville,Porto Rico,porto-rico,Marlboro,2026-04-18,10.19,12,$ (USD),dollar américain,10.19,10.19,11.89,12,12,14,2026-04-18,2026,https://www.combien-coute.net/cigarette/porto-rico/hatillo/,https://www.combien-coute.net/cigarette/porto-rico/hatillo/,detail
Hormigueros,ville,Porto Rico,porto-rico,Marlboro,2026-04-19,10.19,12,$ (USD),dollar américain,10.19,10.19,11.89,12,12,14,2026-04-19,2026,https://www.combien-coute.net/cigarette/porto-rico/hormigueros/,https://www.combien-coute.net/cigarette/porto-rico/hormigueros/,detail
Humacao,ville,Porto Rico,porto-rico,Marlboro,2026-04-18,9.56,11,$ (USD),dollar américain,9.56,8.92,11.89,11,11,14,2026-04-18,2026,https://www.combien-coute.net/cigarette/porto-rico/humacao/,https://www.combien-coute.net/cigarette/porto-rico/humacao/,detail
Isabela,ville,Porto Rico,porto-rico,Marlboro,2025-11-24,10.42,12,$ (USD),dollar américain,10.42,10.42,13.03,12,12,15,2025-11-24,2026,https://www.combien-coute.net/cigarette/porto-rico/isabela/,https://www.combien-coute.net/cigarette/porto-rico/isabela/,detail
Luquillo,ville,Porto Rico,porto-rico,Marlboro,2026-04-19,10.19,12,$ (USD),dollar américain,10.19,10.19,11.89,12,12,14,2026-04-19,2026,https://www.combien-coute.net/cigarette/porto-rico/luquillo/,https://www.combien-coute.net/cigarette/porto-rico/luquillo/,detail
Manati,ville,Porto Rico,porto-rico,Marlboro,2026-04-19,10.19,12,$ (USD),dollar américain,10.19,10.19,11.89,12,12,14,2026-04-19,2026,https://www.combien-coute.net/cigarette/porto-rico/manati/,https://www.combien-coute.net/cigarette/porto-rico/manati/,detail
Ponce,ville,Porto Rico,porto-rico,Marlboro,2026-04-13,10.28,12,$ (USD),dollar américain,10.28,10.28,11.99,12,12,14,2026-04-13,2026,https://www.combien-coute.net/cigarette/porto-rico/ponce/,https://www.combien-coute.net/cigarette/porto-rico/ponce/,detail
Quebradillas,ville,Porto Rico,porto-rico,Marlboro,2026-04-18,10.19,12,$ (USD),dollar américain,10.19,10.19,11.89,12,12,14,2026-04-18,2026,https://www.combien-coute.net/cigarette/porto-rico/quebradillas/,https://www.combien-coute.net/cigarette/porto-rico/quebradillas/,detail
Rincon,ville,Porto Rico,porto-rico,Marlboro,2026-04-19,10.19,12,$ (USD),dollar américain,10.19,10.19,11.89,12,12,14,2026-04-19,2026,https://www.combien-coute.net/cigarette/porto-rico/rincon/,https://www.combien-coute.net/cigarette/porto-rico/rincon/,detail
San German,ville,Porto Rico,porto-rico,Marlboro,2026-04-19,10.19,12,$ (USD),dollar américain,10.19,10.19,11.89,12,12,14,2026-04-19,2026,https://www.combien-coute.net/cigarette/porto-rico/san-german/,https://www.combien-coute.net/cigarette/porto-rico/san-german/,detail
San Juan,ville,Porto Rico,porto-rico,Marlboro,2026-04-18,10.19,12,$ (USD),dollar américain,10.19,10.19,11.89,12,12,14,2026-04-18,2026,https://www.combien-coute.net/cigarette/porto-rico/san-juan/,https://www.combien-coute.net/cigarette/porto-rico/san-juan/,detail
San Sebastian,ville,Porto Rico,porto-rico,Marlboro,2017-11-21,5,5,$ (USD),dollar américain,5,5,6,5,5,6,2017-11-21,2026,https://www.combien-coute.net/cigarette/porto-rico/san-sebastian/,https://www.combien-coute.net/cigarette/porto-rico/san-sebastian/,detail
Utuado,ville,Porto Rico,porto-rico,Marlboro,2026-04-18,10.19,12,$ (USD),dollar américain,10.19,10.19,11.89,12,12,14,2026-04-18,2026,https://www.combien-coute.net/cigarette/porto-rico/utuado/,https://www.combien-coute.net/cigarette/porto-rico/utuado/,detail
Vega Alta,ville,Porto Rico,porto-rico,Marlboro,2026-04-19,10.19,12,$ (USD),dollar américain,10.19,10.19,11.89,12,12,14,2026-04-19,2026,https://www.combien-coute.net/cigarette/porto-rico/vega-alta/,https://www.combien-coute.net/cigarette/porto-rico/vega-alta/,detail
Yauco,ville,Porto Rico,porto-rico,Marlboro,2026-04-17,10.19,12,$ (USD),dollar américain,10.19,10.19,11.88,12,12,14,2026-04-17,2026,https://www.combien-coute.net/cigarette/porto-rico/yauco/,https://www.combien-coute.net/cigarette/porto-rico/yauco/,detail
Albufeira,ville,Portugal,portugal,Marlboro,2026-05-01,5.5,,,,5.5,5.1,8,,,,2026-05-01,2026,https://www.combien-coute.net/cigarette/portugal/albufeira/,https://www.combien-coute.net/cigarette/portugal/albufeira/,detail
Amarante,ville,Portugal,portugal,Marlboro,2026-04-26,5.72,,,,5.72,5.6,6,,,,2026-04-26,2026,https://www.combien-coute.net/cigarette/portugal/amarante/,https://www.combien-coute.net/cigarette/portugal/amarante/,detail
Aveiro,ville,Portugal,portugal,Marlboro,2026-04-18,6.05,,,,6.05,5.5,7.91,,,,2026-04-18,2026,https://www.combien-coute.net/cigarette/portugal/aveiro/,https://www.combien-coute.net/cigarette/portugal/aveiro/,detail
Beja,ville,Portugal,portugal,Marlboro,2026-04-24,4.99,,,,4.99,4.99,5.9,,,,2026-04-24,2026,https://www.combien-coute.net/cigarette/portugal/beja/,https://www.combien-coute.net/cigarette/portugal/beja/,detail
Braga,ville,Portugal,portugal,Marlboro,2026-04-20,5.8,,,,5.8,5,6,,,,2026-04-20,2026,https://www.combien-coute.net/cigarette/portugal/braga/,https://www.combien-coute.net/cigarette/portugal/braga/,detail
Bragance,ville,Portugal,portugal,Marlboro,2026-04-25,5.2,,,,5.2,4.5,6.1,,,,2026-04-25,2026,https://www.combien-coute.net/cigarette/portugal/bragance/,https://www.combien-coute.net/cigarette/portugal/bragance/,detail
Caldas da Rainha,ville,Portugal,portugal,Marlboro,2026-04-24,5,,,,5,5,6,,,,2026-04-24,2026,https://www.combien-coute.net/cigarette/portugal/caldas-da-rainha/,https://www.combien-coute.net/cigarette/portugal/caldas-da-rainha/,detail
Cascais,ville,Portugal,portugal,Marlboro,2026-04-14,5.72,,,,5.72,5.2,6,,,,2026-04-14,2026,https://www.combien-coute.net/cigarette/portugal/cascais/,https://www.combien-coute.net/cigarette/portugal/cascais/,detail
Castelo Branco,ville,Portugal,portugal,Marlboro,2026-04-23,5.3,,,,5.3,5,6,,,,2026-04-23,2026,https://www.combien-coute.net/cigarette/portugal/castelo-branco/,https://www.combien-coute.net/cigarette/portugal/castelo-branco/,detail
Chaves,ville,Portugal,portugal,Marlboro,2026-04-24,5.5,,,,5.5,5.5,6,,,,2026-04-24,2026,https://www.combien-coute.net/cigarette/portugal/chaves/,https://www.combien-coute.net/cigarette/portugal/chaves/,detail
Coimbra,ville,Portugal,portugal,Marlboro,2026-04-19,5.72,,,,5.72,5.6,6,,,,2026-04-19,2026,https://www.combien-coute.net/cigarette/portugal/coimbra/,https://www.combien-coute.net/cigarette/portugal/coimbra/,detail
Covilha,ville,Portugal,portugal,Marlboro,2026-04-24,5,,,,5,5,6,,,,2026-04-24,2026,https://www.combien-coute.net/cigarette/portugal/covilha/,https://www.combien-coute.net/cigarette/portugal/covilha/,detail
Esposende,ville,Portugal,portugal,Marlboro,2026-04-25,5.72,,,,5.72,5.6,6,,,,2026-04-25,2026,https://www.combien-coute.net/cigarette/portugal/esposende/,https://www.combien-coute.net/cigarette/portugal/esposende/,detail
Evora,ville,Portugal,portugal,Marlboro,2026-04-20,5.5,,,,5.5,5,6,,,,2026-04-20,2026,https://www.combien-coute.net/cigarette/portugal/evora/,https://www.combien-coute.net/cigarette/portugal/evora/,detail
Faro (Algarve),ville,Portugal,portugal,Marlboro,2025-11-24,5.7,,,,5.7,5,6,,,,2025-11-24,2026,https://www.combien-coute.net/cigarette/portugal/faro/,https://www.combien-coute.net/cigarette/portugal/faro/,detail
Guarda,ville,Portugal,portugal,Marlboro,2026-04-25,5.8,,,,5.8,5,6,,,,2026-04-25,2026,https://www.combien-coute.net/cigarette/portugal/guarda/,https://www.combien-coute.net/cigarette/portugal/guarda/,detail
Lagos,ville,Portugal,portugal,Marlboro,2017-11-21,0.59,,,,0.59,0.59,0.71,,,,2017-11-21,2026,https://www.combien-coute.net/cigarette/portugal/lagos/,https://www.combien-coute.net/cigarette/portugal/lagos/,detail
Lamego,ville,Portugal,portugal,Marlboro,2017-11-21,4.8,,,,4.8,,,,,,2017-11-21,2026,https://www.combien-coute.net/cigarette/portugal/lamego/,https://www.combien-coute.net/cigarette/portugal/lamego/,detail
Leiria,ville,Portugal,portugal,Marlboro,2026-04-17,5.6,,,,5.6,5.2,6,,,,2026-04-17,2026,https://www.combien-coute.net/cigarette/portugal/leiria/,https://www.combien-coute.net/cigarette/portugal/leiria/,detail
Lisbonne,ville,Portugal,portugal,Marlboro,2025-11-24,5.8,,,,5.8,5,6,,,,2025-11-24,2026,https://www.combien-coute.net/cigarette/portugal/lisbonne/,https://www.combien-coute.net/cigarette/portugal/lisbonne/,detail
Peniche,ville,Portugal,portugal,Marlboro,2026-04-24,5.15,,,,5.15,5,5.3,,,,2026-04-24,2026,https://www.combien-coute.net/cigarette/portugal/peniche/,https://www.combien-coute.net/cigarette/portugal/peniche/,detail
Portalegre,ville,Portugal,portugal,Marlboro,2017-11-21,4.5,,,,4.5,,,,,,2017-11-21,2026,https://www.combien-coute.net/cigarette/portugal/portalegre/,https://www.combien-coute.net/cigarette/portugal/portalegre/,detail
Portimao,ville,Portugal,portugal,Marlboro,2026-04-25,5.35,,,,5.35,5,6,,,,2026-04-25,2026,https://www.combien-coute.net/cigarette/portugal/portimao/,https://www.combien-coute.net/cigarette/portugal/portimao/,detail
Porto,ville,Portugal,portugal,Marlboro,2025-11-24,5.65,,,,5.65,5.2,6,,,,2025-11-24,2026,https://www.combien-coute.net/cigarette/portugal/porto/,https://www.combien-coute.net/cigarette/portugal/porto/,detail
Sao Joao da Madeira,ville,Portugal,portugal,Marlboro,2025-11-23,5.4,,,,5.4,5.1,6,,,,2025-11-23,2026,https://www.combien-coute.net/cigarette/portugal/sao-joao-da-madeira/,https://www.combien-coute.net/cigarette/portugal/sao-joao-da-madeira/,detail
Serta,ville,Portugal,portugal,Marlboro,2024-01-12,5.3,,,,5.3,5.3,5.3,,,,2024-01-12,2026,https://www.combien-coute.net/cigarette/portugal/serta/,https://www.combien-coute.net/cigarette/portugal/serta/,detail
Sesimbra,ville,Portugal,portugal,Marlboro,2026-04-18,5.15,,,,5.15,5,7,,,,2026-04-18,2026,https://www.combien-coute.net/cigarette/portugal/sesimbra/,https://www.combien-coute.net/cigarette/portugal/sesimbra/,detail
Tomar,ville,Portugal,portugal,Marlboro,2026-04-27,6.05,,,,6.05,5.5,7.91,,,,2026-04-27,2026,https://www.combien-coute.net/cigarette/portugal/tomar/,https://www.combien-coute.net/cigarette/portugal/tomar/,detail
Torres Vedras,ville,Portugal,portugal,Marlboro,2026-04-22,5.95,,,,5.95,5.9,6,,,,2026-04-22,2026,https://www.combien-coute.net/cigarette/portugal/torres-vedras/,https://www.combien-coute.net/cigarette/portugal/torres-vedras/,detail
Viana do Castelo,ville,Portugal,portugal,Marlboro,2026-05-01,5.22,,,,5.22,5.22,6,,,,2026-05-01,2026,https://www.combien-coute.net/cigarette/portugal/viana-do-castelo/,https://www.combien-coute.net/cigarette/portugal/viana-do-castelo/,detail
Vila Real,ville,Portugal,portugal,Marlboro,2026-04-23,5.5,,,,5.5,5.5,6,,,,2026-04-23,2026,https://www.combien-coute.net/cigarette/portugal/vila-real/,https://www.combien-coute.net/cigarette/portugal/vila-real/,detail
Vila do Conde,ville,Portugal,portugal,Marlboro,2026-04-25,5.72,,,,5.72,5.5,6,,,,2026-04-25,2026,https://www.combien-coute.net/cigarette/portugal/vila-do-conde/,https://www.combien-coute.net/cigarette/portugal/vila-do-conde/,detail
Viseu,ville,Portugal,portugal,Marlboro,2026-04-25,5.6,,,,5.6,5,6,,,,2026-04-25,2026,https://www.combien-coute.net/cigarette/portugal/viseu/,https://www.combien-coute.net/cigarette/portugal/viseu/,detail
Pau (Béarn),ville,Pyrénées françaises,midi-pyrenees,Marlboro,2026-04-19,11,,,,11,10,11.5,,,,2026-04-19,2026,https://www.combien-coute.net/cigarette/midi-pyrenees/pau-bearn/,https://www.combien-coute.net/cigarette/midi-pyrenees/pau-bearn/,detail
Abancay,ville,Pérou,perou,Marlboro,2017-11-21,2.1,8,PEN,Nouveau Sol,2.1,2.1,2.1,8,8,8,2017-11-21,2026,https://www.combien-coute.net/cigarette/perou/abancay/,https://www.combien-coute.net/cigarette/perou/abancay/,detail
Arequipa,ville,Pérou,perou,Marlboro,2026-04-17,4.32,17,PEN,Nouveau Sol,4.32,4.32,4.44,17,17,18,2026-04-17,2026,https://www.combien-coute.net/cigarette/perou/arequipa/,https://www.combien-coute.net/cigarette/perou/arequipa/,detail
Ayacucho,ville,Pérou,perou,Marlboro,2017-11-21,2.1,8,PEN,Nouveau Sol,2.1,,,8,,,2017-11-21,2026,https://www.combien-coute.net/cigarette/perou/ayacucho/,https://www.combien-coute.net/cigarette/perou/ayacucho/,detail
Cajamarca,ville,Pérou,perou,Marlboro,2026-04-18,7.41,30,PEN,Nouveau Sol,7.41,4.94,7.41,30,20,30,2026-04-18,2026,https://www.combien-coute.net/cigarette/perou/cajamarca/,https://www.combien-coute.net/cigarette/perou/cajamarca/,detail
Chiclayo,ville,Pérou,perou,Marlboro,2026-04-16,3.75,15,PEN,Nouveau Sol,3.75,,,15,,,2026-04-16,2026,https://www.combien-coute.net/cigarette/perou/chiclayo/,https://www.combien-coute.net/cigarette/perou/chiclayo/,detail
Chimbote,ville,Pérou,perou,Marlboro,2024-02-03,3.89,16,PEN,Nouveau Sol,3.89,3.89,3.89,16,16,16,2024-02-03,2026,https://www.combien-coute.net/cigarette/perou/chimbote/,https://www.combien-coute.net/cigarette/perou/chimbote/,detail
Cuzco,ville,Pérou,perou,Marlboro,2026-04-18,4.32,18,PEN,Nouveau Sol,4.32,,,18,,,2026-04-18,2026,https://www.combien-coute.net/cigarette/perou/cuzco/,https://www.combien-coute.net/cigarette/perou/cuzco/,detail
Huancayo,ville,Pérou,perou,Marlboro,2026-04-17,4.93,20,PEN,Nouveau Sol,4.93,3.7,6.41,20,15,26,2026-04-17,2026,https://www.combien-coute.net/cigarette/perou/huancayo/,https://www.combien-coute.net/cigarette/perou/huancayo/,detail
Huaral,ville,Pérou,perou,Marlboro,2026-04-18,4.94,20,PEN,Nouveau Sol,4.94,3.7,6.42,20,15,26,2026-04-18,2026,https://www.combien-coute.net/cigarette/perou/huaral/,https://www.combien-coute.net/cigarette/perou/huaral/,detail
Huaraz,ville,Pérou,perou,Marlboro,2024-01-27,3.66,15,PEN,Nouveau Sol,3.66,1.95,5.37,15,8,22,2024-01-27,2026,https://www.combien-coute.net/cigarette/perou/huaraz/,https://www.combien-coute.net/cigarette/perou/huaraz/,detail
Ica,ville,Pérou,perou,Marlboro,2026-04-17,4.93,20,PEN,Nouveau Sol,4.93,3.7,6.41,20,15,26,2026-04-17,2026,https://www.combien-coute.net/cigarette/perou/ica/,https://www.combien-coute.net/cigarette/perou/ica/,detail
Lima,ville,Pérou,perou,Marlboro,2026-04-17,4.93,20,PEN,Nouveau Sol,4.93,3.7,6.41,20,15,26,2026-04-17,2026,https://www.combien-coute.net/cigarette/perou/lima/,https://www.combien-coute.net/cigarette/perou/lima/,detail
Moquegua,ville,Pérou,perou,Marlboro,2026-04-16,4.38,17,PEN,Nouveau Sol,4.38,4.38,4.5,17,17,18,2026-04-16,2026,https://www.combien-coute.net/cigarette/perou/moquegua/,https://www.combien-coute.net/cigarette/perou/moquegua/,detail
Pisco,ville,Pérou,perou,Marlboro,2026-04-16,5,20,PEN,Nouveau Sol,5,3.75,6.5,20,15,26,2026-04-16,2026,https://www.combien-coute.net/cigarette/perou/pisco/,https://www.combien-coute.net/cigarette/perou/pisco/,detail
Trujillo,ville,Pérou,perou,Marlboro,2026-04-19,3.7,15,PEN,Nouveau Sol,3.7,1.97,5.42,15,8,22,2026-04-19,2026,https://www.combien-coute.net/cigarette/perou/trujillo/,https://www.combien-coute.net/cigarette/perou/trujillo/,detail
Al Rayyan,ville,Qatar,qatar,Marlboro,2026-04-23,5.39,23,QAR,Riyal qatarien,5.39,4.92,5.86,23,21,25,2026-04-23,2026,https://www.combien-coute.net/cigarette/qatar/al-rayyan/,https://www.combien-coute.net/cigarette/qatar/al-rayyan/,detail
Al Wakrah,ville,Qatar,qatar,Marlboro,2026-04-22,4.44,19,QAR,Riyal qatarien,4.44,3.5,5.84,19,15,25,2026-04-22,2026,https://www.combien-coute.net/cigarette/qatar/al-wakrah/,https://www.combien-coute.net/cigarette/qatar/al-wakrah/,detail
Doha,ville,Qatar,qatar,Marlboro,2026-04-22,5.37,23,QAR,Riyal qatarien,5.37,4.91,5.84,23,21,25,2026-04-22,2026,https://www.combien-coute.net/cigarette/qatar/doha/,https://www.combien-coute.net/cigarette/qatar/doha/,detail
Dukhan,ville,Qatar,qatar,Marlboro,2026-04-23,5.39,23,QAR,Riyal qatarien,5.39,4.92,5.86,23,21,25,2026-04-23,2026,https://www.combien-coute.net/cigarette/qatar/dukhan/,https://www.combien-coute.net/cigarette/qatar/dukhan/,detail
Gatineau,ville,Québec,quebec,Marlboro,2026-04-13,10.51,17,$ (CAD),Dollar canadien,10.51,8.03,11.12,17,13,18,2026-04-13,2026,https://www.combien-coute.net/cigarette/quebec/gatineau/,https://www.combien-coute.net/cigarette/quebec/gatineau/,detail
Montréal,ville,Québec,quebec,Marlboro,2026-04-17,10.22,17,$ (CAD),Dollar canadien,10.22,8.3,13.63,17,13,22,2026-04-17,2026,https://www.combien-coute.net/cigarette/quebec/montreal/,https://www.combien-coute.net/cigarette/quebec/montreal/,detail
Sherbrooke,ville,Québec,quebec,Marlboro,2026-04-22,10.91,18,$ (CAD),Dollar canadien,10.91,10.6,12.47,18,17,20,2026-04-22,2026,https://www.combien-coute.net/cigarette/quebec/sherbrooke/,https://www.combien-coute.net/cigarette/quebec/sherbrooke/,detail
Ville de Québec,ville,Québec,quebec,Marlboro,2026-04-30,13.02,21,$ (CAD),Dollar canadien,13.02,9.39,13.15,21,15,21,2026-04-30,2026,https://www.combien-coute.net/cigarette/quebec/ville-de-quebec/,https://www.combien-coute.net/cigarette/quebec/ville-de-quebec/,detail
Ajmer,ville,Rajasthan,rajasthan,Marlboro,2026-04-14,3.15,344,Rs. (INR),Roupie indienne,3.15,2.25,3.6,344,245,393,2026-04-14,2026,https://www.combien-coute.net/cigarette/rajasthan/ajmer/,https://www.combien-coute.net/cigarette/rajasthan/ajmer/,detail
Bîkâner,ville,Rajasthan,rajasthan,Marlboro,2026-04-14,2.7,294,Rs. (INR),Roupie indienne,2.7,1.8,3.6,294,196,393,2026-04-14,2026,https://www.combien-coute.net/cigarette/rajasthan/bik-ner/,https://www.combien-coute.net/cigarette/rajasthan/bik-ner/,detail
Jaipur,ville,Rajasthan,rajasthan,Marlboro,2026-04-14,3.22,351,Rs. (INR),Roupie indienne,3.22,2.7,3.6,351,294,393,2026-04-14,2026,https://www.combien-coute.net/cigarette/rajasthan/jaipur/,https://www.combien-coute.net/cigarette/rajasthan/jaipur/,detail
Jodhpur,ville,Rajasthan,rajasthan,Marlboro,2026-04-16,3.18,350,Rs. (INR),Roupie indienne,3.18,2.27,3.63,350,250,399,2026-04-16,2026,https://www.combien-coute.net/cigarette/rajasthan/jodhpur/,https://www.combien-coute.net/cigarette/rajasthan/jodhpur/,detail
Kota,ville,Rajasthan,rajasthan,Marlboro,2026-04-24,3.09,340,Rs. (INR),Roupie indienne,3.09,1.82,3.64,340,200,401,2026-04-24,2026,https://www.combien-coute.net/cigarette/rajasthan/kota/,https://www.combien-coute.net/cigarette/rajasthan/kota/,detail
Sikar,ville,Rajasthan,rajasthan,Marlboro,2026-04-14,1.8,196,Rs. (INR),Roupie indienne,1.8,1.8,3.6,196,196,393,2026-04-14,2026,https://www.combien-coute.net/cigarette/rajasthan/sikar/,https://www.combien-coute.net/cigarette/rajasthan/sikar/,detail
Udaipur,ville,Rajasthan,rajasthan,Marlboro,2026-04-14,3.06,334,Rs. (INR),Roupie indienne,3.06,2.25,3.6,334,245,393,2026-04-14,2026,https://www.combien-coute.net/cigarette/rajasthan/udaipur/,https://www.combien-coute.net/cigarette/rajasthan/udaipur/,detail
Alba Iulia,ville,Roumanie,roumanie,Marlboro,2026-04-25,4.91,25,RON,Leu,4.91,4.91,6.09,25,25,31,2026-04-25,2026,https://www.combien-coute.net/cigarette/roumanie/alba-iulia/,https://www.combien-coute.net/cigarette/roumanie/alba-iulia/,detail
Alexandria,ville,Roumanie,roumanie,Marlboro,2017-11-21,1.49,31,RON,Leu,1.49,1.39,1.68,31,29,35,2017-11-21,2026,https://www.combien-coute.net/cigarette/roumanie/alexandria/,https://www.combien-coute.net/cigarette/roumanie/alexandria/,detail
Arad,ville,Roumanie,roumanie,Marlboro,2026-04-23,5.5,28,RON,Leu,5.5,4.91,5.89,28,25,30,2026-04-23,2026,https://www.combien-coute.net/cigarette/roumanie/arad/,https://www.combien-coute.net/cigarette/roumanie/arad/,detail
Baia Mare,ville,Roumanie,roumanie,Marlboro,2026-04-24,5.11,26,RON,Leu,5.11,4.52,5.89,26,23,30,2026-04-24,2026,https://www.combien-coute.net/cigarette/roumanie/baia-mare/,https://www.combien-coute.net/cigarette/roumanie/baia-mare/,detail
Brasov,ville,Roumanie,roumanie,Marlboro,2026-04-26,5.5,28,RON,Leu,5.5,4.91,6.09,28,25,31,2026-04-26,2026,https://www.combien-coute.net/cigarette/roumanie/brasov/,https://www.combien-coute.net/cigarette/roumanie/brasov/,detail
Bucarest,ville,Roumanie,roumanie,Marlboro,2025-11-24,5.8,30,RON,Leu,5.8,5.31,6.09,30,27,31,2025-11-24,2026,https://www.combien-coute.net/cigarette/roumanie/bucarest/,https://www.combien-coute.net/cigarette/roumanie/bucarest/,detail
Campina,ville,Roumanie,roumanie,Marlboro,2026-04-25,5.5,28,RON,Leu,5.5,4.91,5.9,28,25,30,2026-04-25,2026,https://www.combien-coute.net/cigarette/roumanie/campina/,https://www.combien-coute.net/cigarette/roumanie/campina/,detail
Cluj-Napoca,ville,Roumanie,roumanie,Marlboro,2026-04-22,5.89,30,RON,Leu,5.89,5.49,6.87,30,28,35,2026-04-22,2026,https://www.combien-coute.net/cigarette/roumanie/cluj-napoca/,https://www.combien-coute.net/cigarette/roumanie/cluj-napoca/,detail
Constanta,ville,Roumanie,roumanie,Marlboro,2026-04-21,5.88,30,RON,Leu,5.88,5.49,6.86,30,28,35,2026-04-21,2026,https://www.combien-coute.net/cigarette/roumanie/constanta/,https://www.combien-coute.net/cigarette/roumanie/constanta/,detail
Craiova,ville,Roumanie,roumanie,Marlboro,2026-04-25,5.9,30,RON,Leu,5.9,5.5,6.49,30,28,33,2026-04-25,2026,https://www.combien-coute.net/cigarette/roumanie/craiova/,https://www.combien-coute.net/cigarette/roumanie/craiova/,detail
Deva,ville,Roumanie,roumanie,Marlboro,2026-04-26,5.11,26,RON,Leu,5.11,4.91,6.88,26,25,35,2026-04-26,2026,https://www.combien-coute.net/cigarette/roumanie/deva/,https://www.combien-coute.net/cigarette/roumanie/deva/,detail
Drobeta Turnu-Severin,ville,Roumanie,roumanie,Marlboro,2019-02-04,3.58,17,RON,Leu,3.58,2.94,3.79,17,14,18,2019-02-04,2026,https://www.combien-coute.net/cigarette/roumanie/drobeta-turnu-severin/,https://www.combien-coute.net/cigarette/roumanie/drobeta-turnu-severin/,detail
Giurgiu,ville,Roumanie,roumanie,Marlboro,2026-04-25,5.5,28,RON,Leu,5.5,4.91,6.09,28,25,31,2026-04-25,2026,https://www.combien-coute.net/cigarette/roumanie/giurgiu/,https://www.combien-coute.net/cigarette/roumanie/giurgiu/,detail
Hunedoara,ville,Roumanie,roumanie,Marlboro,2017-11-21,3.55,17,RON,Leu,3.55,,,17,,,2017-11-21,2026,https://www.combien-coute.net/cigarette/roumanie/hunedoara/,https://www.combien-coute.net/cigarette/roumanie/hunedoara/,detail
Iași,ville,Roumanie,roumanie,Marlboro,2026-04-25,5.9,30,RON,Leu,5.9,5,6,30,25,31,2026-04-25,2026,https://www.combien-coute.net/cigarette/roumanie/iasi/,https://www.combien-coute.net/cigarette/roumanie/iasi/,detail
Lugoj,ville,Roumanie,roumanie,Marlboro,2026-04-25,4.52,23,RON,Leu,4.52,4.52,6.88,23,23,35,2026-04-25,2026,https://www.combien-coute.net/cigarette/roumanie/lugoj/,https://www.combien-coute.net/cigarette/roumanie/lugoj/,detail
Mangalia,ville,Roumanie,roumanie,Marlboro,2026-04-25,5.6,29,RON,Leu,5.6,4.91,5.99,29,25,31,2026-04-25,2026,https://www.combien-coute.net/cigarette/roumanie/mangalia/,https://www.combien-coute.net/cigarette/roumanie/mangalia/,detail
Miercurea-Ciuc,ville,Roumanie,roumanie,Marlboro,2026-04-27,4.92,25,RON,Leu,4.92,4.52,5.9,25,23,30,2026-04-27,2026,https://www.combien-coute.net/cigarette/roumanie/miercurea-ciuc/,https://www.combien-coute.net/cigarette/roumanie/miercurea-ciuc/,detail
Oradea (Transylvanie),ville,Roumanie,roumanie,Marlboro,2026-04-25,5.4,28,RON,Leu,5.4,5.11,5.9,28,26,30,2026-04-25,2026,https://www.combien-coute.net/cigarette/roumanie/oradea-transylvanie/,https://www.combien-coute.net/cigarette/roumanie/oradea-transylvanie/,detail
Pascani,ville,Roumanie,roumanie,Marlboro,2026-04-26,5.5,28,RON,Leu,5.5,4.91,6.09,28,25,31,2026-04-26,2026,https://www.combien-coute.net/cigarette/roumanie/pascani/,https://www.combien-coute.net/cigarette/roumanie/pascani/,detail
Roman,ville,Roumanie,roumanie,Marlboro,2026-04-26,5.11,26,RON,Leu,5.11,4.91,6.09,26,25,31,2026-04-26,2026,https://www.combien-coute.net/cigarette/roumanie/roman/,https://www.combien-coute.net/cigarette/roumanie/roman/,detail
Sfantu Gheorghe (Delta du Danube),ville,Roumanie,roumanie,Marlboro,2017-11-21,3.47,16,RON,Leu,3.47,3.04,3.69,16,14,17,2017-11-21,2026,https://www.combien-coute.net/cigarette/roumanie/sfantu-gheorghe-danube/,https://www.combien-coute.net/cigarette/roumanie/sfantu-gheorghe-danube/,detail
Sfantu-Gheorghe (Transylvanie),ville,Roumanie,roumanie,Marlboro,2026-04-25,4.52,23,RON,Leu,4.52,3.93,5.7,23,20,29,2026-04-25,2026,https://www.combien-coute.net/cigarette/roumanie/sfantu-gheorghe/,https://www.combien-coute.net/cigarette/roumanie/sfantu-gheorghe/,detail
Sibiu,ville,Roumanie,roumanie,Marlboro,2026-04-25,5.5,28,RON,Leu,5.5,5.31,5.7,28,27,29,2026-04-25,2026,https://www.combien-coute.net/cigarette/roumanie/sibiu/,https://www.combien-coute.net/cigarette/roumanie/sibiu/,detail
Suceava,ville,Roumanie,roumanie,Marlboro,2026-04-25,5.11,26,RON,Leu,5.11,4.72,5.11,26,24,26,2026-04-25,2026,https://www.combien-coute.net/cigarette/roumanie/suceava/,https://www.combien-coute.net/cigarette/roumanie/suceava/,detail
Timișoara,ville,Roumanie,roumanie,Marlboro,2026-04-26,5.5,28,RON,Leu,5.5,4.91,6.29,28,25,32,2026-04-26,2026,https://www.combien-coute.net/cigarette/roumanie/timi-oara/,https://www.combien-coute.net/cigarette/roumanie/timi-oara/,detail
Tulcea,ville,Roumanie,roumanie,Marlboro,2026-04-24,5.6,29,RON,Leu,5.6,4.91,7.86,29,25,40,2026-04-24,2026,https://www.combien-coute.net/cigarette/roumanie/tulcea/,https://www.combien-coute.net/cigarette/roumanie/tulcea/,detail
Turda,ville,Roumanie,roumanie,Marlboro,2026-04-26,5.4,27,RON,Leu,5.4,5.11,6.88,27,26,35,2026-04-26,2026,https://www.combien-coute.net/cigarette/roumanie/turda/,https://www.combien-coute.net/cigarette/roumanie/turda/,detail
Vaslui,ville,Roumanie,roumanie,Marlboro,2026-04-24,5.5,28,RON,Leu,5.5,4.91,5.99,28,25,31,2026-04-24,2026,https://www.combien-coute.net/cigarette/roumanie/vaslui/,https://www.combien-coute.net/cigarette/roumanie/vaslui/,detail
Vatra Dornei,ville,Roumanie,roumanie,Marlboro,2026-04-25,5.01,26,RON,Leu,5.01,4.91,5.5,26,25,28,2026-04-25,2026,https://www.combien-coute.net/cigarette/roumanie/vatra-dornei/,https://www.combien-coute.net/cigarette/roumanie/vatra-dornei/,detail
Abakan,ville,Russie,russie,Marlboro,2026-04-28,2.16,191,₽ (RUB),Rouble russe,2.16,,,191,,,2026-04-28,2026,https://www.combien-coute.net/cigarette/russie/abakan/,https://www.combien-coute.net/cigarette/russie/abakan/,detail
Astrakhan,ville,Russie,russie,Marlboro,2026-04-27,1.7,150,₽ (RUB),Rouble russe,1.7,,,150,,,2026-04-27,2026,https://www.combien-coute.net/cigarette/russie/astrakhan/,https://www.combien-coute.net/cigarette/russie/astrakhan/,detail
Barnaoul,ville,Russie,russie,Marlboro,2026-04-25,2.5,222,₽ (RUB),Rouble russe,2.5,2.27,2.95,222,201,262,2026-04-25,2026,https://www.combien-coute.net/cigarette/russie/barnaoul/,https://www.combien-coute.net/cigarette/russie/barnaoul/,detail
Belgorod,ville,Russie,russie,Marlboro,2026-04-27,2.93,259,₽ (RUB),Rouble russe,2.93,2.72,3.05,259,240,269,2026-04-27,2026,https://www.combien-coute.net/cigarette/russie/belgorod/,https://www.combien-coute.net/cigarette/russie/belgorod/,detail
Berezniki,ville,Russie,russie,Marlboro,2017-11-21,1.58,110,₽ (RUB),Rouble russe,1.58,,,110,,,2017-11-21,2026,https://www.combien-coute.net/cigarette/russie/berezniki/,https://www.combien-coute.net/cigarette/russie/berezniki/,detail
Biysk,ville,Russie,russie,Marlboro,2026-04-27,2.49,220,₽ (RUB),Rouble russe,2.49,2.49,2.49,220,220,220,2026-04-27,2026,https://www.combien-coute.net/cigarette/russie/biysk/,https://www.combien-coute.net/cigarette/russie/biysk/,detail
Elista,ville,Russie,russie,Marlboro,2026-04-28,2.56,226,₽ (RUB),Rouble russe,2.56,2.28,2.85,226,201,251,2026-04-28,2026,https://www.combien-coute.net/cigarette/russie/elista/,https://www.combien-coute.net/cigarette/russie/elista/,detail
Iakoutsk,ville,Russie,russie,Marlboro,2026-04-21,2.83,253,₽ (RUB),Rouble russe,2.83,2.26,2.83,253,202,253,2026-04-21,2026,https://www.combien-coute.net/cigarette/russie/iakoutsk/,https://www.combien-coute.net/cigarette/russie/iakoutsk/,detail
Iekaterinbourg,ville,Russie,russie,Marlboro,2026-04-27,2.83,250,₽ (RUB),Rouble russe,2.83,2.27,3.4,250,200,300,2026-04-27,2026,https://www.combien-coute.net/cigarette/russie/iekaterinbourg/,https://www.combien-coute.net/cigarette/russie/iekaterinbourg/,detail
Ioujno-Sakhalinsk,ville,Russie,russie,Marlboro,2026-04-25,2.37,210,₽ (RUB),Rouble russe,2.37,,,210,,,2026-04-25,2026,https://www.combien-coute.net/cigarette/russie/ioujno-sakhalinsk/,https://www.combien-coute.net/cigarette/russie/ioujno-sakhalinsk/,detail
Irkutsk (Irkoutsk),ville,Russie,russie,Marlboro,2026-04-27,3.05,269,₽ (RUB),Rouble russe,3.05,2.95,3.97,269,260,350,2026-04-27,2026,https://www.combien-coute.net/cigarette/russie/irkutsk/,https://www.combien-coute.net/cigarette/russie/irkutsk/,detail
Izhevsk,ville,Russie,russie,Marlboro,2026-04-27,2.72,240,₽ (RUB),Rouble russe,2.72,2.27,3.4,240,200,300,2026-04-27,2026,https://www.combien-coute.net/cigarette/russie/izhevsk/,https://www.combien-coute.net/cigarette/russie/izhevsk/,detail
Kaliningrad,ville,Russie,russie,Marlboro,2026-04-28,2.78,245,₽ (RUB),Rouble russe,2.78,2.5,3.99,245,221,352,2026-04-28,2026,https://www.combien-coute.net/cigarette/russie/kaliningrad/,https://www.combien-coute.net/cigarette/russie/kaliningrad/,detail
Kansk,ville,Russie,russie,Marlboro,2026-04-26,2.83,249,₽ (RUB),Rouble russe,2.83,2.72,3.4,249,240,300,2026-04-26,2026,https://www.combien-coute.net/cigarette/russie/kansk/,https://www.combien-coute.net/cigarette/russie/kansk/,detail
Kemerovo,ville,Russie,russie,Marlboro,2026-04-25,2.83,251,₽ (RUB),Rouble russe,2.83,2.03,2.95,251,180,262,2026-04-25,2026,https://www.combien-coute.net/cigarette/russie/kemerovo/,https://www.combien-coute.net/cigarette/russie/kemerovo/,detail
Kirov,ville,Russie,russie,Marlboro,2026-04-27,2.61,230,₽ (RUB),Rouble russe,2.61,2.27,2.95,230,200,260,2026-04-27,2026,https://www.combien-coute.net/cigarette/russie/kirov/,https://www.combien-coute.net/cigarette/russie/kirov/,detail
Kostroma,ville,Russie,russie,Marlboro,2025-11-24,2.75,250,₽ (RUB),Rouble russe,2.75,2.2,5.5,250,200,500,2025-11-24,2026,https://www.combien-coute.net/cigarette/russie/kostroma/,https://www.combien-coute.net/cigarette/russie/kostroma/,detail
Krasnodar,ville,Russie,russie,Marlboro,2026-04-26,2.61,230,₽ (RUB),Rouble russe,2.61,2.27,3.4,230,200,300,2026-04-26,2026,https://www.combien-coute.net/cigarette/russie/krasnodar/,https://www.combien-coute.net/cigarette/russie/krasnodar/,detail
Krasnoïarsk,ville,Russie,russie,Marlboro,2026-04-27,2.83,250,₽ (RUB),Rouble russe,2.83,2.72,3.4,250,240,300,2026-04-27,2026,https://www.combien-coute.net/cigarette/russie/krasnoiarsk/,https://www.combien-coute.net/cigarette/russie/krasnoiarsk/,detail
Kyzyl,ville,Russie,russie,Marlboro,2026-04-27,2.27,200,₽ (RUB),Rouble russe,2.27,,,200,,,2026-04-27,2026,https://www.combien-coute.net/cigarette/russie/kyzyl/,https://www.combien-coute.net/cigarette/russie/kyzyl/,detail
Makhatchkala,ville,Russie,russie,Marlboro,2026-04-27,2.83,250,₽ (RUB),Rouble russe,2.83,,,250,,,2026-04-27,2026,https://www.combien-coute.net/cigarette/russie/makhatchkala/,https://www.combien-coute.net/cigarette/russie/makhatchkala/,detail
Moscou,ville,Russie,russie,Marlboro,2025-11-24,2.75,250,₽ (RUB),Rouble russe,2.75,2.2,3.3,250,200,300,2025-11-24,2026,https://www.combien-coute.net/cigarette/russie/moscou/,https://www.combien-coute.net/cigarette/russie/moscou/,detail
Nefteyugansk,ville,Russie,russie,Marlboro,2021-11-22,2.41,200,₽ (RUB),Rouble russe,2.41,,,200,,,2021-11-22,2026,https://www.combien-coute.net/cigarette/russie/nefteyugansk/,https://www.combien-coute.net/cigarette/russie/nefteyugansk/,detail
Nijnevartovsk,ville,Russie,russie,Marlboro,2017-11-21,1.72,120,₽ (RUB),Rouble russe,1.72,,,120,,,2017-11-21,2026,https://www.combien-coute.net/cigarette/russie/nijnevartovsk/,https://www.combien-coute.net/cigarette/russie/nijnevartovsk/,detail
Nijni Novgorod,ville,Russie,russie,Marlboro,2026-04-28,2.51,221,₽ (RUB),Rouble russe,2.51,2.28,3.08,221,201,272,2026-04-28,2026,https://www.combien-coute.net/cigarette/russie/nijni-novgorod/,https://www.combien-coute.net/cigarette/russie/nijni-novgorod/,detail
Novokouznetsk,ville,Russie,russie,Marlboro,2026-04-25,2.83,251,₽ (RUB),Rouble russe,2.83,2.03,2.84,251,180,252,2026-04-25,2026,https://www.combien-coute.net/cigarette/russie/novokouznetsk/,https://www.combien-coute.net/cigarette/russie/novokouznetsk/,detail
Novorossiysk,ville,Russie,russie,Marlboro,2026-04-26,2.61,230,₽ (RUB),Rouble russe,2.61,2.27,3.4,230,200,300,2026-04-26,2026,https://www.combien-coute.net/cigarette/russie/novorossiysk/,https://www.combien-coute.net/cigarette/russie/novorossiysk/,detail
Novosibirsk,ville,Russie,russie,Marlboro,2026-05-01,2.84,249,₽ (RUB),Rouble russe,2.84,2.27,2.96,249,199,259,2026-05-01,2026,https://www.combien-coute.net/cigarette/russie/novosibirsk/,https://www.combien-coute.net/cigarette/russie/novosibirsk/,detail
Omsk,ville,Russie,russie,Marlboro,2026-04-21,2.86,255,₽ (RUB),Rouble russe,2.86,1.98,3.28,255,177,293,2026-04-21,2026,https://www.combien-coute.net/cigarette/russie/omsk/,https://www.combien-coute.net/cigarette/russie/omsk/,detail
Orenbourg,ville,Russie,russie,Marlboro,2026-04-27,3.05,269,₽ (RUB),Rouble russe,3.05,2.89,4.53,269,255,400,2026-04-27,2026,https://www.combien-coute.net/cigarette/russie/orenbourg/,https://www.combien-coute.net/cigarette/russie/orenbourg/,detail
Oufa,ville,Russie,russie,Marlboro,2026-04-27,2.78,245,₽ (RUB),Rouble russe,2.78,2.49,2.83,245,220,250,2026-04-27,2026,https://www.combien-coute.net/cigarette/russie/oufa/,https://www.combien-coute.net/cigarette/russie/oufa/,detail
Perm,ville,Russie,russie,Marlboro,2026-04-28,2.85,251,₽ (RUB),Rouble russe,2.85,2.62,2.96,251,231,261,2026-04-28,2026,https://www.combien-coute.net/cigarette/russie/perm/,https://www.combien-coute.net/cigarette/russie/perm/,detail
Petropavlovsk-Kamtchatski,ville,Russie,russie,Marlboro,2026-04-26,2.75,242,₽ (RUB),Rouble russe,2.75,2.5,3.01,242,220,265,2026-04-26,2026,https://www.combien-coute.net/cigarette/russie/petropavlovsk-kamtchatski/,https://www.combien-coute.net/cigarette/russie/petropavlovsk-kamtchatski/,detail
Petrozavodsk,ville,Russie,russie,Marlboro,2026-04-27,2.55,225,₽ (RUB),Rouble russe,2.55,2.27,2.83,225,200,250,2026-04-27,2026,https://www.combien-coute.net/cigarette/russie/petrozavodsk/,https://www.combien-coute.net/cigarette/russie/petrozavodsk/,detail
Pskov,ville,Russie,russie,Marlboro,2026-04-29,2.83,249,₽ (RUB),Rouble russe,2.83,2.49,3.4,249,219,299,2026-04-29,2026,https://www.combien-coute.net/cigarette/russie/pskov/,https://www.combien-coute.net/cigarette/russie/pskov/,detail
Rybinsk,ville,Russie,russie,Marlboro,2026-01-15,2.74,251,₽ (RUB),Rouble russe,2.74,2.19,3.28,251,201,301,2026-01-15,2026,https://www.combien-coute.net/cigarette/russie/rybinsk/,https://www.combien-coute.net/cigarette/russie/rybinsk/,detail
Saint-Pétersbourg,ville,Russie,russie,Marlboro,2025-11-24,2.64,240,₽ (RUB),Rouble russe,2.64,2.2,2.75,240,200,250,2025-11-24,2026,https://www.combien-coute.net/cigarette/russie/saint-petersbourg/,https://www.combien-coute.net/cigarette/russie/saint-petersbourg/,detail
Samara,ville,Russie,russie,Marlboro,2026-04-27,2.61,230,₽ (RUB),Rouble russe,2.61,2.27,2.83,230,200,250,2026-04-27,2026,https://www.combien-coute.net/cigarette/russie/samara/,https://www.combien-coute.net/cigarette/russie/samara/,detail
Saratov,ville,Russie,russie,Marlboro,2026-04-27,2.27,200,₽ (RUB),Rouble russe,2.27,1.73,2.83,200,153,250,2026-04-27,2026,https://www.combien-coute.net/cigarette/russie/saratov/,https://www.combien-coute.net/cigarette/russie/saratov/,detail
Smolensk,ville,Russie,russie,Marlboro,2017-11-21,1.54,108,₽ (RUB),Rouble russe,1.54,1.22,1.87,108,85,130,2017-11-21,2026,https://www.combien-coute.net/cigarette/russie/smolensk/,https://www.combien-coute.net/cigarette/russie/smolensk/,detail
Sotchi,ville,Russie,russie,Marlboro,2026-04-21,2.6,232,₽ (RUB),Rouble russe,2.6,2.26,4.12,232,202,368,2026-04-21,2026,https://www.combien-coute.net/cigarette/russie/sotchi/,https://www.combien-coute.net/cigarette/russie/sotchi/,detail
Taganrog,ville,Russie,russie,Marlboro,2026-04-26,2.56,226,₽ (RUB),Rouble russe,2.56,2.04,4.42,226,180,390,2026-04-26,2026,https://www.combien-coute.net/cigarette/russie/taganrog/,https://www.combien-coute.net/cigarette/russie/taganrog/,detail
Tcheliabinsk,ville,Russie,russie,Marlboro,2026-04-27,2.61,230,₽ (RUB),Rouble russe,2.61,2.27,2.83,230,200,250,2026-04-27,2026,https://www.combien-coute.net/cigarette/russie/tcheliabinsk/,https://www.combien-coute.net/cigarette/russie/tcheliabinsk/,detail
Tcherepovets,ville,Russie,russie,Marlboro,2026-04-27,2.27,200,₽ (RUB),Rouble russe,2.27,2.27,2.38,200,200,210,2026-04-27,2026,https://www.combien-coute.net/cigarette/russie/tcherepovets/,https://www.combien-coute.net/cigarette/russie/tcherepovets/,detail
Tchita,ville,Russie,russie,Marlboro,2026-04-25,2.61,232,₽ (RUB),Rouble russe,2.61,,,232,,,2026-04-25,2026,https://www.combien-coute.net/cigarette/russie/tchita/,https://www.combien-coute.net/cigarette/russie/tchita/,detail
Tioumen,ville,Russie,russie,Marlboro,2026-04-26,2.84,250,₽ (RUB),Rouble russe,2.84,2.5,2.84,250,220,250,2026-04-26,2026,https://www.combien-coute.net/cigarette/russie/tioumen/,https://www.combien-coute.net/cigarette/russie/tioumen/,detail
Tomsk,ville,Russie,russie,Marlboro,2026-04-28,2.85,251,₽ (RUB),Rouble russe,2.85,2.28,2.95,251,201,260,2026-04-28,2026,https://www.combien-coute.net/cigarette/russie/tomsk/,https://www.combien-coute.net/cigarette/russie/tomsk/,detail
Ulan-Ude,ville,Russie,russie,Marlboro,2026-04-25,2.16,192,₽ (RUB),Rouble russe,2.16,2.04,2.27,192,181,201,2026-04-25,2026,https://www.combien-coute.net/cigarette/russie/ulan-ude/,https://www.combien-coute.net/cigarette/russie/ulan-ude/,detail
Vladivostok,ville,Russie,russie,Marlboro,2026-04-21,2.72,243,₽ (RUB),Rouble russe,2.72,2.26,2.83,243,202,253,2026-04-21,2026,https://www.combien-coute.net/cigarette/russie/vladivostok/,https://www.combien-coute.net/cigarette/russie/vladivostok/,detail
Volgodonsk,ville,Russie,russie,Marlboro,2026-04-26,2.55,225,₽ (RUB),Rouble russe,2.55,2.27,2.84,225,200,250,2026-04-26,2026,https://www.combien-coute.net/cigarette/russie/volgodonsk/,https://www.combien-coute.net/cigarette/russie/volgodonsk/,detail
Volgograd,ville,Russie,russie,Marlboro,2026-05-01,2.56,224,₽ (RUB),Rouble russe,2.56,2.27,2.84,224,199,249,2026-05-01,2026,https://www.combien-coute.net/cigarette/russie/volgograd/,https://www.combien-coute.net/cigarette/russie/volgograd/,detail
Vologda,ville,Russie,russie,Marlboro,2026-04-27,2.04,180,₽ (RUB),Rouble russe,2.04,1.7,2.61,180,150,230,2026-04-27,2026,https://www.combien-coute.net/cigarette/russie/vologda/,https://www.combien-coute.net/cigarette/russie/vologda/,detail
Voronej,ville,Russie,russie,Marlboro,2026-04-26,2.94,259,₽ (RUB),Rouble russe,2.94,2.72,2.95,259,240,260,2026-04-26,2026,https://www.combien-coute.net/cigarette/russie/voronej/,https://www.combien-coute.net/cigarette/russie/voronej/,detail
Butare,ville,Rwanda,rwanda,Marlboro,2026-04-25,2.19,3737,RWF,Franc du Rwanda,2.19,1.17,3.21,3737,1996,5477,2026-04-25,2026,https://www.combien-coute.net/cigarette/rwanda/butare/,https://www.combien-coute.net/cigarette/rwanda/butare/,detail
Gisenyi,ville,Rwanda,rwanda,Marlboro,2026-04-25,2.19,3737,RWF,Franc du Rwanda,2.19,1.17,3.21,3737,1996,5477,2026-04-25,2026,https://www.combien-coute.net/cigarette/rwanda/gisenyi/,https://www.combien-coute.net/cigarette/rwanda/gisenyi/,detail
Kibungo,ville,Rwanda,rwanda,Marlboro,2026-04-25,2.19,3737,RWF,Franc du Rwanda,2.19,1.17,3.21,3737,1996,5477,2026-04-25,2026,https://www.combien-coute.net/cigarette/rwanda/kibungo/,https://www.combien-coute.net/cigarette/rwanda/kibungo/,detail
Kigali,ville,Rwanda,rwanda,Marlboro,2026-04-22,2.19,3774,RWF,Franc du Rwanda,2.19,1.17,3.21,3774,2016,5531,2026-04-22,2026,https://www.combien-coute.net/cigarette/rwanda/kigali/,https://www.combien-coute.net/cigarette/rwanda/kigali/,detail
Ruhengeri,ville,Rwanda,rwanda,Marlboro,2026-04-25,2.19,3737,RWF,Franc du Rwanda,2.19,1.17,3.21,3737,1996,5477,2026-04-25,2026,https://www.combien-coute.net/cigarette/rwanda/ruhengeri/,https://www.combien-coute.net/cigarette/rwanda/ruhengeri/,detail
Antony,ville,Région parisienne (Île-de-France),ile-de-france,Marlboro,2026-04-30,13,,,,13,12,14,,,,2026-04-30,2026,https://www.combien-coute.net/cigarette/ile-de-france/antony/,https://www.combien-coute.net/cigarette/ile-de-france/antony/,detail
Cergy,ville,Région parisienne (Île-de-France),ile-de-france,Marlboro,2026-04-26,11.5,,,,11.5,10,13,,,,2026-04-26,2026,https://www.combien-coute.net/cigarette/ile-de-france/cergy/,https://www.combien-coute.net/cigarette/ile-de-france/cergy/,detail
Fontainebleau,ville,Région parisienne (Île-de-France),ile-de-france,Marlboro,2017-11-21,6.5,,,,6.5,,,,,,2017-11-21,2026,https://www.combien-coute.net/cigarette/ile-de-france/fontainebleau/,https://www.combien-coute.net/cigarette/ile-de-france/fontainebleau/,detail
Paris,ville,Région parisienne (Île-de-France),france,Marlboro,2026-04-19,13,,,,13,12,14,,,,2026-04-19,2026,https://www.combien-coute.net/cigarette/france/paris/,https://www.combien-coute.net/cigarette/france/paris/,detail
Paris,ville,Région parisienne (Île-de-France),ile-de-france,Marlboro,2026-04-19,13,,,,13,12,14,,,,2026-04-19,2026,https://www.combien-coute.net/cigarette/ile-de-france/paris/,https://www.combien-coute.net/cigarette/ile-de-france/paris/,detail
Bayahibe,ville,République Dominicaine,republique-dominicaine,Marlboro,2024-01-18,5.17,330,DOP,peso dominicain,5.17,4.39,5.95,330,280,380,2024-01-18,2026,https://www.combien-coute.net/cigarette/republique-dominicaine/bayahibe/,https://www.combien-coute.net/cigarette/republique-dominicaine/bayahibe/,detail
Boca Chica,ville,République Dominicaine,republique-dominicaine,Marlboro,2026-04-27,4.74,330,DOP,peso dominicain,4.74,4.48,5.03,330,312,351,2026-04-27,2026,https://www.combien-coute.net/cigarette/republique-dominicaine/boca-chica/,https://www.combien-coute.net/cigarette/republique-dominicaine/boca-chica/,detail
Bonao,ville,République Dominicaine,republique-dominicaine,Marlboro,2025-11-23,4.42,321,DOP,peso dominicain,4.42,4.13,4.82,321,300,350,2025-11-23,2026,https://www.combien-coute.net/cigarette/republique-dominicaine/bonao/,https://www.combien-coute.net/cigarette/republique-dominicaine/bonao/,detail
Cabarete,ville,République Dominicaine,republique-dominicaine,Marlboro,2025-11-23,2.75,200,DOP,peso dominicain,2.75,2.75,4.82,200,200,350,2025-11-23,2026,https://www.combien-coute.net/cigarette/republique-dominicaine/cabarete/,https://www.combien-coute.net/cigarette/republique-dominicaine/cabarete/,detail
Constanza,ville,République Dominicaine,republique-dominicaine,Marlboro,2025-11-23,4.42,321,DOP,peso dominicain,4.42,4.13,4.82,321,300,350,2025-11-23,2026,https://www.combien-coute.net/cigarette/republique-dominicaine/constanza/,https://www.combien-coute.net/cigarette/republique-dominicaine/constanza/,detail
Jarabacoa,ville,République Dominicaine,republique-dominicaine,Marlboro,2025-11-23,4.42,321,DOP,peso dominicain,4.42,4.13,4.82,321,300,350,2025-11-23,2026,https://www.combien-coute.net/cigarette/republique-dominicaine/jarabacoa/,https://www.combien-coute.net/cigarette/republique-dominicaine/jarabacoa/,detail
La Romana,ville,République Dominicaine,republique-dominicaine,Marlboro,2026-04-26,4.73,330,DOP,peso dominicain,4.73,4.47,5.02,330,312,350,2026-04-26,2026,https://www.combien-coute.net/cigarette/republique-dominicaine/la-romana/,https://www.combien-coute.net/cigarette/republique-dominicaine/la-romana/,detail
Las Terrenas,ville,République Dominicaine,republique-dominicaine,Marlboro,2026-04-27,4.74,330,DOP,peso dominicain,4.74,4.48,5.03,330,312,351,2026-04-27,2026,https://www.combien-coute.net/cigarette/republique-dominicaine/las-terrenas/,https://www.combien-coute.net/cigarette/republique-dominicaine/las-terrenas/,detail
Luperon,ville,République Dominicaine,republique-dominicaine,Marlboro,2024-01-12,3.9,250,DOP,peso dominicain,3.9,3.9,3.9,250,250,250,2024-01-12,2026,https://www.combien-coute.net/cigarette/republique-dominicaine/luperon/,https://www.combien-coute.net/cigarette/republique-dominicaine/luperon/,detail
Moca,ville,République Dominicaine,republique-dominicaine,Marlboro,2025-11-23,4.42,321,DOP,peso dominicain,4.42,4.13,4.82,321,300,350,2025-11-23,2026,https://www.combien-coute.net/cigarette/republique-dominicaine/moca/,https://www.combien-coute.net/cigarette/republique-dominicaine/moca/,detail
Puerto Plata,ville,République Dominicaine,republique-dominicaine,Marlboro,2026-04-17,2.13,149,DOP,peso dominicain,2.13,2.13,4.96,149,149,348,2026-04-17,2026,https://www.combien-coute.net/cigarette/republique-dominicaine/puerto-plata/,https://www.combien-coute.net/cigarette/republique-dominicaine/puerto-plata/,detail
Punta Cana,ville,République Dominicaine,republique-dominicaine,Marlboro,2026-04-16,4.68,329,DOP,peso dominicain,4.68,4.43,4.97,329,311,349,2026-04-16,2026,https://www.combien-coute.net/cigarette/republique-dominicaine/punta-cana/,https://www.combien-coute.net/cigarette/republique-dominicaine/punta-cana/,detail
Saint-Domingue,ville,République Dominicaine,republique-dominicaine,Marlboro,2026-04-16,4.68,329,DOP,peso dominicain,4.68,4.43,4.97,329,311,349,2026-04-16,2026,https://www.combien-coute.net/cigarette/republique-dominicaine/saint-domingue/,https://www.combien-coute.net/cigarette/republique-dominicaine/saint-domingue/,detail
Samaná,ville,République Dominicaine,republique-dominicaine,Marlboro,2026-04-26,4.73,330,DOP,peso dominicain,4.73,4.47,5.02,330,312,350,2026-04-26,2026,https://www.combien-coute.net/cigarette/republique-dominicaine/samana/,https://www.combien-coute.net/cigarette/republique-dominicaine/samana/,detail
Sosúa,ville,République Dominicaine,republique-dominicaine,Marlboro,2026-04-27,4.67,326,DOP,peso dominicain,4.67,4.31,5.03,326,301,351,2026-04-27,2026,https://www.combien-coute.net/cigarette/republique-dominicaine/sosua/,https://www.combien-coute.net/cigarette/republique-dominicaine/sosua/,detail
Beroun,ville,République tchèque,republique-tcheque,Marlboro,2026-04-29,6.16,150,CZK,couronne tchèque,6.16,6.16,7.39,150,150,180,2026-04-29,2026,https://www.combien-coute.net/cigarette/republique-tcheque/beroun/,https://www.combien-coute.net/cigarette/republique-tcheque/beroun/,detail
Brno,ville,République tchèque,republique-tcheque,Marlboro,2026-04-21,6.59,160,CZK,couronne tchèque,6.59,6.18,6.85,160,150,166,2026-04-21,2026,https://www.combien-coute.net/cigarette/republique-tcheque/brno/,https://www.combien-coute.net/cigarette/republique-tcheque/brno/,detail
Chomutov,ville,République tchèque,republique-tcheque,Marlboro,2026-04-19,6.13,149,CZK,couronne tchèque,6.13,6.13,6.85,149,149,166,2026-04-19,2026,https://www.combien-coute.net/cigarette/republique-tcheque/chomutov/,https://www.combien-coute.net/cigarette/republique-tcheque/chomutov/,detail
Jihlava,ville,République tchèque,republique-tcheque,Marlboro,2025-11-23,6.19,150,CZK,couronne tchèque,6.19,6.19,6.81,150,150,165,2025-11-23,2026,https://www.combien-coute.net/cigarette/republique-tcheque/jihlava/,https://www.combien-coute.net/cigarette/republique-tcheque/jihlava/,detail
Karlovy Vary,ville,République tchèque,republique-tcheque,Marlboro,2026-04-25,6.57,160,CZK,couronne tchèque,6.57,6.16,11.5,160,150,280,2026-04-25,2026,https://www.combien-coute.net/cigarette/republique-tcheque/karlovy-vary/,https://www.combien-coute.net/cigarette/republique-tcheque/karlovy-vary/,detail
Karvina,ville,République tchèque,republique-tcheque,Marlboro,2025-11-23,6.61,160,CZK,couronne tchèque,6.61,6.36,7.18,160,154,174,2025-11-23,2026,https://www.combien-coute.net/cigarette/republique-tcheque/karvina/,https://www.combien-coute.net/cigarette/republique-tcheque/karvina/,detail
Kladno,ville,République tchèque,republique-tcheque,Marlboro,2025-11-23,6.61,160,CZK,couronne tchèque,6.61,6.19,7.43,160,150,180,2025-11-23,2026,https://www.combien-coute.net/cigarette/republique-tcheque/kladno/,https://www.combien-coute.net/cigarette/republique-tcheque/kladno/,detail
Liberec,ville,République tchèque,republique-tcheque,Marlboro,2025-11-24,5.78,140,CZK,couronne tchèque,5.78,5.36,6.35,140,130,154,2025-11-24,2026,https://www.combien-coute.net/cigarette/republique-tcheque/liberec/,https://www.combien-coute.net/cigarette/republique-tcheque/liberec/,detail
Most,ville,République tchèque,republique-tcheque,Marlboro,2025-11-23,5.95,144,CZK,couronne tchèque,5.95,5.95,6.81,144,144,165,2025-11-23,2026,https://www.combien-coute.net/cigarette/republique-tcheque/most/,https://www.combien-coute.net/cigarette/republique-tcheque/most/,detail
Nachod,ville,République tchèque,republique-tcheque,Marlboro,2024-01-13,4.86,120,CZK,couronne tchèque,4.86,4.86,4.86,120,120,120,2024-01-13,2026,https://www.combien-coute.net/cigarette/republique-tcheque/nachod/,https://www.combien-coute.net/cigarette/republique-tcheque/nachod/,detail
Opava,ville,République tchèque,republique-tcheque,Marlboro,2025-11-23,6.48,157,CZK,couronne tchèque,6.48,6.15,6.81,157,149,165,2025-11-23,2026,https://www.combien-coute.net/cigarette/republique-tcheque/opava/,https://www.combien-coute.net/cigarette/republique-tcheque/opava/,detail
Ostrava,ville,République tchèque,republique-tcheque,Marlboro,2026-04-26,6.65,162,CZK,couronne tchèque,6.65,6.53,7.14,162,159,174,2026-04-26,2026,https://www.combien-coute.net/cigarette/republique-tcheque/ostrava/,https://www.combien-coute.net/cigarette/republique-tcheque/ostrava/,detail
Pardubice,ville,République tchèque,republique-tcheque,Marlboro,2025-11-23,6.19,150,CZK,couronne tchèque,6.19,5.78,6.81,150,140,165,2025-11-23,2026,https://www.combien-coute.net/cigarette/republique-tcheque/pardubice/,https://www.combien-coute.net/cigarette/republique-tcheque/pardubice/,detail
Prague,ville,République tchèque,republique-tcheque,Marlboro,2025-11-24,6.81,165,CZK,couronne tchèque,6.81,6.19,7.43,165,150,180,2025-11-24,2026,https://www.combien-coute.net/cigarette/republique-tcheque/prague/,https://www.combien-coute.net/cigarette/republique-tcheque/prague/,detail
Roznov pod Radhostem,ville,République tchèque,republique-tcheque,Marlboro,2026-04-24,6.57,160,CZK,couronne tchèque,6.57,6.32,6.77,160,154,165,2026-04-24,2026,https://www.combien-coute.net/cigarette/republique-tcheque/roznov-pod-radhostem/,https://www.combien-coute.net/cigarette/republique-tcheque/roznov-pod-radhostem/,detail
Sumperk,ville,République tchèque,republique-tcheque,Marlboro,2019-10-05,3.89,100,CZK,couronne tchèque,3.89,,,100,,,2019-10-05,2026,https://www.combien-coute.net/cigarette/republique-tcheque/sumperk/,https://www.combien-coute.net/cigarette/republique-tcheque/sumperk/,detail
Teplice,ville,République tchèque,republique-tcheque,Marlboro,2025-11-23,6.61,160,CZK,couronne tchèque,6.61,6.36,6.81,160,154,165,2025-11-23,2026,https://www.combien-coute.net/cigarette/republique-tcheque/teplice/,https://www.combien-coute.net/cigarette/republique-tcheque/teplice/,detail
Znojmo,ville,République tchèque,republique-tcheque,Marlboro,2025-11-23,5.78,140,CZK,couronne tchèque,5.78,5.37,6.36,140,130,154,2025-11-23,2026,https://www.combien-coute.net/cigarette/republique-tcheque/znojmo/,https://www.combien-coute.net/cigarette/republique-tcheque/znojmo/,detail
la Moravie (Olomouc),ville,République tchèque,republique-tcheque,Marlboro,2026-04-25,6.57,160,CZK,couronne tchèque,6.57,6.16,6.77,160,150,165,2026-04-25,2026,https://www.combien-coute.net/cigarette/republique-tcheque/moravie-olomouc/,https://www.combien-coute.net/cigarette/republique-tcheque/moravie-olomouc/,detail
Cilaos,ville,Réunion,la-reunion,Marlboro,2017-11-21,8,,,,8,7.8,8.2,,,,2017-11-21,2026,https://www.combien-coute.net/cigarette/la-reunion/cilaos-la-plaine-des-palmistes/,https://www.combien-coute.net/cigarette/la-reunion/cilaos-la-plaine-des-palmistes/,detail
La Possession,ville,Réunion,la-reunion,Marlboro,2017-11-21,8,,,,8,7.8,8.2,,,,2017-11-21,2026,https://www.combien-coute.net/cigarette/la-reunion/la-possession/,https://www.combien-coute.net/cigarette/la-reunion/la-possession/,detail
Le Port,ville,Réunion,la-reunion,Marlboro,2017-11-21,8,,,,8,7.8,8.2,,,,2017-11-21,2026,https://www.combien-coute.net/cigarette/la-reunion/le-port/,https://www.combien-coute.net/cigarette/la-reunion/le-port/,detail
Le Tampon,ville,Réunion,la-reunion,Marlboro,2017-11-21,8,,,,8,7.8,8.2,,,,2017-11-21,2026,https://www.combien-coute.net/cigarette/la-reunion/le-tampon/,https://www.combien-coute.net/cigarette/la-reunion/le-tampon/,detail
Les Avirons,ville,Réunion,la-reunion,Marlboro,2017-11-21,8,,,,8,7.8,8.2,,,,2017-11-21,2026,https://www.combien-coute.net/cigarette/la-reunion/les-avirons/,https://www.combien-coute.net/cigarette/la-reunion/les-avirons/,detail
Saint-Denis,ville,Réunion,la-reunion,Marlboro,2026-04-16,10,,,,10,,,,,,2026-04-16,2026,https://www.combien-coute.net/cigarette/la-reunion/saint-denis/,https://www.combien-coute.net/cigarette/la-reunion/saint-denis/,detail
Saint-Louis,ville,Réunion,la-reunion,Marlboro,2017-11-20,4.62,,,,4.62,4.13,5.11,,,,2017-11-20,2026,https://www.combien-coute.net/cigarette/la-reunion/saint-louis/,https://www.combien-coute.net/cigarette/la-reunion/saint-louis/,detail
Saint-Paul,ville,Réunion,la-reunion,Marlboro,2017-11-21,7.38,,,,7.38,7.24,7.53,,,,2017-11-21,2026,https://www.combien-coute.net/cigarette/la-reunion/saint-paul/,https://www.combien-coute.net/cigarette/la-reunion/saint-paul/,detail
Saint-Pierre (Réunion),ville,Réunion,la-reunion,Marlboro,2026-04-21,12,,,,12,,,,,,2026-04-21,2026,https://www.combien-coute.net/cigarette/la-reunion/saint-pierre/,https://www.combien-coute.net/cigarette/la-reunion/saint-pierre/,detail
Georgetown,ville,Saint-Vincent-et-les-Grenadines,saint-vincent-et-les-grenadine,Marlboro,2017-11-20,3.28,800,$ (XCD),dollar des Caraïbes orientales,3.28,2.46,4.1,800,600,1000,2017-11-20,2026,https://www.combien-coute.net/cigarette/saint-vincent-et-les-grenadine/georgetown/,https://www.combien-coute.net/cigarette/saint-vincent-et-les-grenadine/georgetown/,detail
Kingstown,ville,Saint-Vincent-et-les-Grenadines,saint-vincent-et-les-grenadine,Marlboro,2026-04-18,3.46,11,$ (XCD),dollar des Caraïbes orientales,3.46,3.14,3.77,11,10,12,2026-04-18,2026,https://www.combien-coute.net/cigarette/saint-vincent-et-les-grenadine/kingstown/,https://www.combien-coute.net/cigarette/saint-vincent-et-les-grenadine/kingstown/,detail
Port Elizabeth,ville,Saint-Vincent-et-les-Grenadines,saint-vincent-et-les-grenadine,Marlboro,2017-11-20,2.37,39,$ (XCD),dollar des Caraïbes orientales,2.37,2.12,2.73,39,35,45,2017-11-20,2026,https://www.combien-coute.net/cigarette/saint-vincent-et-les-grenadine/port-elizabeth/,https://www.combien-coute.net/cigarette/saint-vincent-et-les-grenadine/port-elizabeth/,detail
Castries,ville,Sainte-Lucie,sainte-lucie,Marlboro,2026-04-18,7.86,25,$ (XCD),dollar des Caraïbes orientales,7.86,,,25,,,2026-04-18,2026,https://www.combien-coute.net/cigarette/sainte-lucie/castries/,https://www.combien-coute.net/cigarette/sainte-lucie/castries/,detail
Choiseul,ville,Sainte-Lucie,sainte-lucie,Marlboro,2024-01-18,4.43,13,$ (XCD),dollar des Caraïbes orientales,4.43,4.43,6.81,13,13,20,2024-01-18,2026,https://www.combien-coute.net/cigarette/sainte-lucie/choiseul/,https://www.combien-coute.net/cigarette/sainte-lucie/choiseul/,detail
Dennery,ville,Sainte-Lucie,sainte-lucie,Marlboro,2024-01-18,4.43,13,$ (XCD),dollar des Caraïbes orientales,4.43,4.43,4.43,13,13,13,2024-01-18,2026,https://www.combien-coute.net/cigarette/sainte-lucie/dennery/,https://www.combien-coute.net/cigarette/sainte-lucie/dennery/,detail
Gros Islet,ville,Sainte-Lucie,sainte-lucie,Marlboro,2026-04-13,5.07,16,$ (XCD),dollar des Caraïbes orientales,5.07,,,16,,,2026-04-13,2026,https://www.combien-coute.net/cigarette/sainte-lucie/gros-islet/,https://www.combien-coute.net/cigarette/sainte-lucie/gros-islet/,detail
Laborie,ville,Sainte-Lucie,sainte-lucie,Marlboro,2024-01-18,4.43,13,$ (XCD),dollar des Caraïbes orientales,4.43,4.43,4.43,13,13,13,2024-01-18,2026,https://www.combien-coute.net/cigarette/sainte-lucie/laborie/,https://www.combien-coute.net/cigarette/sainte-lucie/laborie/,detail
Micoud,ville,Sainte-Lucie,sainte-lucie,Marlboro,2024-01-18,6.81,20,$ (XCD),dollar des Caraïbes orientales,6.81,6.81,6.81,20,20,20,2024-01-18,2026,https://www.combien-coute.net/cigarette/sainte-lucie/micoud/,https://www.combien-coute.net/cigarette/sainte-lucie/micoud/,detail
Vieux Fort,ville,Sainte-Lucie,sainte-lucie,Marlboro,2026-04-13,6.34,20,$ (XCD),dollar des Caraïbes orientales,6.34,,,20,,,2026-04-13,2026,https://www.combien-coute.net/cigarette/sainte-lucie/vieux-fort/,https://www.combien-coute.net/cigarette/sainte-lucie/vieux-fort/,detail
Acajutla,ville,Salvador,salvador,Marlboro,2026-04-13,3.43,4,$ (USD),Dollar américain,3.43,3.43,5.14,4,4,6,2026-04-13,2026,https://www.combien-coute.net/cigarette/salvador/acajutla/,https://www.combien-coute.net/cigarette/salvador/acajutla/,detail
Aguilares,ville,Salvador,salvador,Marlboro,2026-04-13,3.43,4,$ (USD),Dollar américain,3.43,3.43,5.14,4,4,6,2026-04-13,2026,https://www.combien-coute.net/cigarette/salvador/aguilares/,https://www.combien-coute.net/cigarette/salvador/aguilares/,detail
Ahuachapan,ville,Salvador,salvador,Marlboro,2026-04-28,3.41,4,$ (USD),Dollar américain,3.41,3.41,5.12,4,4,6,2026-04-28,2026,https://www.combien-coute.net/cigarette/salvador/ahuachapan/,https://www.combien-coute.net/cigarette/salvador/ahuachapan/,detail
Apopa,ville,Salvador,salvador,Marlboro,2026-04-28,3.41,4,$ (USD),Dollar américain,3.41,3.41,5.12,4,4,6,2026-04-28,2026,https://www.combien-coute.net/cigarette/salvador/apopa/,https://www.combien-coute.net/cigarette/salvador/apopa/,detail
Atiquizaya,ville,Salvador,salvador,Marlboro,2026-04-30,3.43,4,$ (USD),Dollar américain,3.43,3.43,5.14,4,4,6,2026-04-30,2026,https://www.combien-coute.net/cigarette/salvador/atiquizaya/,https://www.combien-coute.net/cigarette/salvador/atiquizaya/,detail
Chalatenango,ville,Salvador,salvador,Marlboro,2026-04-27,3.42,4,$ (USD),Dollar américain,3.42,3.42,5.12,4,4,6,2026-04-27,2026,https://www.combien-coute.net/cigarette/salvador/chalatenango/,https://www.combien-coute.net/cigarette/salvador/chalatenango/,detail
Chinameca,ville,Salvador,salvador,Marlboro,2026-04-28,3.41,4,$ (USD),Dollar américain,3.41,3.41,5.12,4,4,6,2026-04-28,2026,https://www.combien-coute.net/cigarette/salvador/chinameca/,https://www.combien-coute.net/cigarette/salvador/chinameca/,detail
Cojutepeque,ville,Salvador,salvador,Marlboro,2026-04-29,3.41,4,$ (USD),Dollar américain,3.41,3.41,5.12,4,4,6,2026-04-29,2026,https://www.combien-coute.net/cigarette/salvador/cojutepeque/,https://www.combien-coute.net/cigarette/salvador/cojutepeque/,detail
Intipuca,ville,Salvador,salvador,Marlboro,2026-04-28,3.41,4,$ (USD),Dollar américain,3.41,3.41,5.12,4,4,6,2026-04-28,2026,https://www.combien-coute.net/cigarette/salvador/intipuca/,https://www.combien-coute.net/cigarette/salvador/intipuca/,detail
Mejicanos,ville,Salvador,salvador,Marlboro,2026-04-27,3.42,4,$ (USD),Dollar américain,3.42,3.42,5.12,4,4,6,2026-04-27,2026,https://www.combien-coute.net/cigarette/salvador/mejicanos/,https://www.combien-coute.net/cigarette/salvador/mejicanos/,detail
San Francisco Menendez,ville,Salvador,salvador,Marlboro,2026-04-29,3.41,4,$ (USD),Dollar américain,3.41,3.41,5.12,4,4,6,2026-04-29,2026,https://www.combien-coute.net/cigarette/salvador/san-francisco-menendez/,https://www.combien-coute.net/cigarette/salvador/san-francisco-menendez/,detail
San Miguel,ville,Salvador,salvador,Marlboro,2026-04-13,2.14,3,$ (USD),Dollar américain,2.14,2.14,5.14,3,3,6,2026-04-13,2026,https://www.combien-coute.net/cigarette/salvador/san-miguel/,https://www.combien-coute.net/cigarette/salvador/san-miguel/,detail
San Salvador,ville,Salvador,salvador,Marlboro,2026-04-21,3.39,4,$ (USD),Dollar américain,3.39,3.39,5.09,4,4,6,2026-04-21,2026,https://www.combien-coute.net/cigarette/salvador/san-salvador/,https://www.combien-coute.net/cigarette/salvador/san-salvador/,detail
San Vicente,ville,Salvador,salvador,Marlboro,2026-04-27,3.42,4,$ (USD),Dollar américain,3.42,3.42,5.12,4,4,6,2026-04-27,2026,https://www.combien-coute.net/cigarette/salvador/san-vicente/,https://www.combien-coute.net/cigarette/salvador/san-vicente/,detail
Santa Ana,ville,Salvador,salvador,Marlboro,2017-11-21,4.47,5,$ (USD),Dollar américain,4.47,4.26,6.81,5,5,8,2017-11-21,2026,https://www.combien-coute.net/cigarette/salvador/santa-ana/,https://www.combien-coute.net/cigarette/salvador/santa-ana/,detail
Santa Tecla,ville,Salvador,salvador,Marlboro,2026-04-28,3.41,4,$ (USD),Dollar américain,3.41,3.41,5.12,4,4,6,2026-04-28,2026,https://www.combien-coute.net/cigarette/salvador/santa-tecla/,https://www.combien-coute.net/cigarette/salvador/santa-tecla/,detail
Sonsonate,ville,Salvador,salvador,Marlboro,2026-04-28,3.41,4,$ (USD),Dollar américain,3.41,3.41,5.12,4,4,6,2026-04-28,2026,https://www.combien-coute.net/cigarette/salvador/sonsonate/,https://www.combien-coute.net/cigarette/salvador/sonsonate/,detail
Suchitoto,ville,Salvador,salvador,Marlboro,2026-04-27,3.42,4,$ (USD),Dollar américain,3.42,3.42,5.12,4,4,6,2026-04-27,2026,https://www.combien-coute.net/cigarette/salvador/suchitoto/,https://www.combien-coute.net/cigarette/salvador/suchitoto/,detail
Zacatecoluca,ville,Salvador,salvador,Marlboro,2026-04-27,3.42,4,$ (USD),Dollar américain,3.42,3.42,5.12,4,4,6,2026-04-27,2026,https://www.combien-coute.net/cigarette/salvador/zacatecoluca/,https://www.combien-coute.net/cigarette/salvador/zacatecoluca/,detail
Alghero,ville,Sardaigne,sardaigne,Marlboro,2026-04-23,6,,,,6,5.5,7,,,,2026-04-23,2026,https://www.combien-coute.net/cigarette/sardaigne/alghero/,https://www.combien-coute.net/cigarette/sardaigne/alghero/,detail
Cagliari,ville,Sardaigne,sardaigne,Marlboro,2026-04-23,6.5,,,,6.5,5.5,7,,,,2026-04-23,2026,https://www.combien-coute.net/cigarette/sardaigne/cagliari/,https://www.combien-coute.net/cigarette/sardaigne/cagliari/,detail
Olbia,ville,Sardaigne,sardaigne,Marlboro,2026-04-23,6,,,,6,5.5,7,,,,2026-04-23,2026,https://www.combien-coute.net/cigarette/sardaigne/olbia/,https://www.combien-coute.net/cigarette/sardaigne/olbia/,detail
Pula,ville,Sardaigne,sardaigne,Marlboro,2026-04-30,5,,,,5,4.5,5,,,,2026-04-30,2026,https://www.combien-coute.net/cigarette/sardaigne/pula/,https://www.combien-coute.net/cigarette/sardaigne/pula/,detail
Sassari,ville,Sardaigne,sardaigne,Marlboro,2026-04-29,6,,,,6,5.5,7,,,,2026-04-29,2026,https://www.combien-coute.net/cigarette/sardaigne/sassari/,https://www.combien-coute.net/cigarette/sardaigne/sassari/,detail
Villacidro,ville,Sardaigne,sardaigne,Marlboro,2026-04-15,6.5,,,,6.5,5.5,7,,,,2026-04-15,2026,https://www.combien-coute.net/cigarette/sardaigne/villacidro/,https://www.combien-coute.net/cigarette/sardaigne/villacidro/,detail
Belgrade,ville,Serbie,serbie,Marlboro,2025-11-24,4,469,RSD,Nouveau Dinar,4,3.41,4.26,469,400,500,2025-11-24,2026,https://www.combien-coute.net/cigarette/serbie/belgrade/,https://www.combien-coute.net/cigarette/serbie/belgrade/,detail
Bor,ville,Serbie,serbie,Marlboro,2024-01-15,3.58,420,RSD,Nouveau Dinar,3.58,3.24,3.66,420,380,430,2024-01-15,2026,https://www.combien-coute.net/cigarette/serbie/bor/,https://www.combien-coute.net/cigarette/serbie/bor/,detail
Gornji Milanovac,ville,Serbie,serbie,Marlboro,2026-04-19,4.09,480,RSD,Nouveau Dinar,4.09,3.75,4.26,480,440,500,2026-04-19,2026,https://www.combien-coute.net/cigarette/serbie/gornji-milanovac/,https://www.combien-coute.net/cigarette/serbie/gornji-milanovac/,detail
Jagodina,ville,Serbie,serbie,Marlboro,2026-04-19,3.49,410,RSD,Nouveau Dinar,3.49,,,410,,,2026-04-19,2026,https://www.combien-coute.net/cigarette/serbie/jagodina/,https://www.combien-coute.net/cigarette/serbie/jagodina/,detail
Kragujevac,ville,Serbie,serbie,Marlboro,2026-04-25,3.83,450,RSD,Nouveau Dinar,3.83,3.5,4.68,450,411,550,2026-04-25,2026,https://www.combien-coute.net/cigarette/serbie/kragujevac/,https://www.combien-coute.net/cigarette/serbie/kragujevac/,detail
Kraljevo,ville,Serbie,serbie,Marlboro,2026-04-30,3.66,430,RSD,Nouveau Dinar,3.66,3.58,4.26,430,420,500,2026-04-30,2026,https://www.combien-coute.net/cigarette/serbie/kraljevo/,https://www.combien-coute.net/cigarette/serbie/kraljevo/,detail
Lazarevac,ville,Serbie,serbie,Marlboro,2026-04-20,3.84,451,RSD,Nouveau Dinar,3.84,3.58,4.27,451,420,501,2026-04-20,2026,https://www.combien-coute.net/cigarette/serbie/lazarevac/,https://www.combien-coute.net/cigarette/serbie/lazarevac/,detail
Leskovac,ville,Serbie,serbie,Marlboro,2026-04-28,3.57,419,RSD,Nouveau Dinar,3.57,2.72,4.43,419,319,520,2026-04-28,2026,https://www.combien-coute.net/cigarette/serbie/leskovac/,https://www.combien-coute.net/cigarette/serbie/leskovac/,detail
Nis,ville,Serbie,serbie,Marlboro,2026-04-21,3.83,450,RSD,Nouveau Dinar,3.83,3.58,4.09,450,420,480,2026-04-21,2026,https://www.combien-coute.net/cigarette/serbie/nis/,https://www.combien-coute.net/cigarette/serbie/nis/,detail
Novi Pazar,ville,Serbie,serbie,Marlboro,2026-04-29,4.09,480,RSD,Nouveau Dinar,4.09,3.75,4.26,480,440,500,2026-04-29,2026,https://www.combien-coute.net/cigarette/serbie/novi-pazar/,https://www.combien-coute.net/cigarette/serbie/novi-pazar/,detail
Novi Sad,ville,Serbie,serbie,Marlboro,2026-04-21,3.83,450,RSD,Nouveau Dinar,3.83,3.58,4.26,450,420,500,2026-04-21,2026,https://www.combien-coute.net/cigarette/serbie/novi-sad/,https://www.combien-coute.net/cigarette/serbie/novi-sad/,detail
Pirot,ville,Serbie,serbie,Marlboro,2026-04-29,4.09,480,RSD,Nouveau Dinar,4.09,3.75,4.26,480,440,500,2026-04-29,2026,https://www.combien-coute.net/cigarette/serbie/pirot/,https://www.combien-coute.net/cigarette/serbie/pirot/,detail
Prokuplje,ville,Serbie,serbie,Marlboro,2026-04-29,3.83,450,RSD,Nouveau Dinar,3.83,3.58,4.09,450,420,480,2026-04-29,2026,https://www.combien-coute.net/cigarette/serbie/prokuplje/,https://www.combien-coute.net/cigarette/serbie/prokuplje/,detail
Senta,ville,Serbie,serbie,Marlboro,2026-04-28,3.83,450,RSD,Nouveau Dinar,3.83,3.75,4.26,450,440,500,2026-04-28,2026,https://www.combien-coute.net/cigarette/serbie/senta/,https://www.combien-coute.net/cigarette/serbie/senta/,detail
Smederevo,ville,Serbie,serbie,Marlboro,2026-04-28,3.75,440,RSD,Nouveau Dinar,3.75,3.41,4.09,440,400,480,2026-04-28,2026,https://www.combien-coute.net/cigarette/serbie/smederevo/,https://www.combien-coute.net/cigarette/serbie/smederevo/,detail
Sombor,ville,Serbie,serbie,Marlboro,2026-04-28,3.96,465,RSD,Nouveau Dinar,3.96,3.75,4.26,465,440,500,2026-04-28,2026,https://www.combien-coute.net/cigarette/serbie/sombor/,https://www.combien-coute.net/cigarette/serbie/sombor/,detail
Sremska Mitrovica,ville,Serbie,serbie,Marlboro,2026-04-19,3.83,449,RSD,Nouveau Dinar,3.83,3.58,4.09,449,420,480,2026-04-19,2026,https://www.combien-coute.net/cigarette/serbie/sremska-mitrovica/,https://www.combien-coute.net/cigarette/serbie/sremska-mitrovica/,detail
Subotica,ville,Serbie,serbie,Marlboro,2026-04-25,3.74,439,RSD,Nouveau Dinar,3.74,3.4,4.25,439,399,499,2026-04-25,2026,https://www.combien-coute.net/cigarette/serbie/subotica/,https://www.combien-coute.net/cigarette/serbie/subotica/,detail
Valjevo,ville,Serbie,serbie,Marlboro,2026-04-27,3.84,451,RSD,Nouveau Dinar,3.84,3.58,4.26,451,420,500,2026-04-27,2026,https://www.combien-coute.net/cigarette/serbie/valjevo/,https://www.combien-coute.net/cigarette/serbie/valjevo/,detail
Vrbas,ville,Serbie,serbie,Marlboro,2026-04-20,4.09,480,RSD,Nouveau Dinar,4.09,3.75,4.27,480,440,501,2026-04-20,2026,https://www.combien-coute.net/cigarette/serbie/vrbas/,https://www.combien-coute.net/cigarette/serbie/vrbas/,detail
Zajecar,ville,Serbie,serbie,Marlboro,2026-04-30,3.83,449,RSD,Nouveau Dinar,3.83,3.58,4.26,449,420,500,2026-04-30,2026,https://www.combien-coute.net/cigarette/serbie/zajecar/,https://www.combien-coute.net/cigarette/serbie/zajecar/,detail
Zrenjanin,ville,Serbie,serbie,Marlboro,2026-04-27,3.84,451,RSD,Nouveau Dinar,3.84,3.49,4.26,451,410,500,2026-04-27,2026,https://www.combien-coute.net/cigarette/serbie/zrenjanin/,https://www.combien-coute.net/cigarette/serbie/zrenjanin/,detail
Beau Vallon,ville,Seychelles,seychelles,Marlboro,2026-04-25,25.59,420,SCR,Roupie des Seychelles,25.59,,,420,,,2026-04-25,2026,https://www.combien-coute.net/cigarette/seychelles/beau-vallon/,https://www.combien-coute.net/cigarette/seychelles/beau-vallon/,detail
Victoria (Mahé),ville,Seychelles,seychelles,Marlboro,2026-04-15,12.31,205,SCR,Roupie des Seychelles,12.31,,,205,,,2026-04-15,2026,https://www.combien-coute.net/cigarette/seychelles/victoria/,https://www.combien-coute.net/cigarette/seychelles/victoria/,detail
Augusta,ville,Sicile,sicile,Marlboro,2017-11-21,3.41,,,,3.41,2.98,4.16,,,,2017-11-21,2026,https://www.combien-coute.net/cigarette/sicile/augusta/,https://www.combien-coute.net/cigarette/sicile/augusta/,detail
Catane,ville,Sicile,sicile,Marlboro,2026-04-23,6,,,,6,5,6.7,,,,2026-04-23,2026,https://www.combien-coute.net/cigarette/sicile/catane/,https://www.combien-coute.net/cigarette/sicile/catane/,detail
Palerme,ville,Sicile,sicile,Marlboro,2026-04-25,6,,,,6,5.5,6.5,,,,2026-04-25,2026,https://www.combien-coute.net/cigarette/sicile/palerme/,https://www.combien-coute.net/cigarette/sicile/palerme/,detail
Syracuse,ville,Sicile,sicile,Marlboro,2017-11-21,9.16,,,,9.16,8.52,10.22,,,,2017-11-21,2026,https://www.combien-coute.net/cigarette/sicile/syracuse/,https://www.combien-coute.net/cigarette/sicile/syracuse/,detail
Freetown,ville,Sierra Leone,sierra-leone,Marlboro,2026-04-17,3.49,86381,SLL,Leone,3.49,2.55,4.44,86381,63115,109894,2026-04-17,2026,https://www.combien-coute.net/cigarette/sierra-leone/freetown/,https://www.combien-coute.net/cigarette/sierra-leone/freetown/,detail
Kabala,ville,Sierra Leone,sierra-leone,Marlboro,2017-11-21,0.79,60,SLL,Leone,0.79,0.79,0.79,60,60,60,2017-11-21,2026,https://www.combien-coute.net/cigarette/sierra-leone/kabala/,https://www.combien-coute.net/cigarette/sierra-leone/kabala/,detail
Kenema,ville,Sierra Leone,sierra-leone,Marlboro,2017-11-21,0.79,60,SLL,Leone,0.79,0.79,0.79,60,60,60,2017-11-21,2026,https://www.combien-coute.net/cigarette/sierra-leone/kenema/,https://www.combien-coute.net/cigarette/sierra-leone/kenema/,detail
Lungi,ville,Sierra Leone,sierra-leone,Marlboro,2017-11-21,0.79,60,SLL,Leone,0.79,0.79,0.79,60,60,60,2017-11-21,2026,https://www.combien-coute.net/cigarette/sierra-leone/lungi/,https://www.combien-coute.net/cigarette/sierra-leone/lungi/,detail
Makeni,ville,Sierra Leone,sierra-leone,Marlboro,2017-11-21,0.79,60,SLL,Leone,0.79,0.79,0.79,60,60,60,2017-11-21,2026,https://www.combien-coute.net/cigarette/sierra-leone/makeni/,https://www.combien-coute.net/cigarette/sierra-leone/makeni/,detail
Singapour,ville,Singapour,singapour,Marlboro,2026-04-29,11.78,18,$ (SGD),Dollar de Singapour,11.78,10.7,13.37,18,16,20,2026-04-29,2026,https://www.combien-coute.net/cigarette/singapour/singapour/,https://www.combien-coute.net/cigarette/singapour/singapour/,detail
Bardejov,ville,Slovaquie,slovaquie,Marlboro,2026-04-18,5.3,,,,5.3,4.6,6,,,,2026-04-18,2026,https://www.combien-coute.net/cigarette/slovaquie/bardejov/,https://www.combien-coute.net/cigarette/slovaquie/bardejov/,detail
Bratislava,ville,Slovaquie,slovaquie,Marlboro,2025-11-24,5.5,,,,5.5,5,6,,,,2025-11-24,2026,https://www.combien-coute.net/cigarette/slovaquie/bratislava/,https://www.combien-coute.net/cigarette/slovaquie/bratislava/,detail
Hurbanovo,ville,Slovaquie,slovaquie,Marlboro,2019-06-10,4,,,,4,,,,,,2019-06-10,2026,https://www.combien-coute.net/cigarette/slovaquie/hurbanovo/,https://www.combien-coute.net/cigarette/slovaquie/hurbanovo/,detail
Košice,ville,Slovaquie,slovaquie,Marlboro,2026-04-23,5.5,,,,5.5,5,6,,,,2026-04-23,2026,https://www.combien-coute.net/cigarette/slovaquie/ko-ice/,https://www.combien-coute.net/cigarette/slovaquie/ko-ice/,detail
Levice,ville,Slovaquie,slovaquie,Marlboro,2026-04-19,5.25,,,,5.25,5,6,,,,2026-04-19,2026,https://www.combien-coute.net/cigarette/slovaquie/levice/,https://www.combien-coute.net/cigarette/slovaquie/levice/,detail
Lucenec,ville,Slovaquie,slovaquie,Marlboro,2026-04-25,5,,,,5,5,6,,,,2026-04-25,2026,https://www.combien-coute.net/cigarette/slovaquie/lucenec/,https://www.combien-coute.net/cigarette/slovaquie/lucenec/,detail
Martin,ville,Slovaquie,slovaquie,Marlboro,2026-04-18,5.2,,,,5.2,5,6,,,,2026-04-18,2026,https://www.combien-coute.net/cigarette/slovaquie/martin/,https://www.combien-coute.net/cigarette/slovaquie/martin/,detail
Michalovce,ville,Slovaquie,slovaquie,Marlboro,2026-04-19,5,,,,5,5,6,,,,2026-04-19,2026,https://www.combien-coute.net/cigarette/slovaquie/michalovce/,https://www.combien-coute.net/cigarette/slovaquie/michalovce/,detail
Nitra,ville,Slovaquie,slovaquie,Marlboro,2026-04-18,5.5,,,,5.5,5,6,,,,2026-04-18,2026,https://www.combien-coute.net/cigarette/slovaquie/nitra/,https://www.combien-coute.net/cigarette/slovaquie/nitra/,detail
Poprad,ville,Slovaquie,slovaquie,Marlboro,2026-04-25,5.5,,,,5.5,4.9,6,,,,2026-04-25,2026,https://www.combien-coute.net/cigarette/slovaquie/poprad/,https://www.combien-coute.net/cigarette/slovaquie/poprad/,detail
Prievidza,ville,Slovaquie,slovaquie,Marlboro,2026-04-19,5.5,,,,5.5,5,6,,,,2026-04-19,2026,https://www.combien-coute.net/cigarette/slovaquie/prievidza/,https://www.combien-coute.net/cigarette/slovaquie/prievidza/,detail
Trnava,ville,Slovaquie,slovaquie,Marlboro,2026-04-22,5.3,,,,5.3,5,6,,,,2026-04-22,2026,https://www.combien-coute.net/cigarette/slovaquie/trnava/,https://www.combien-coute.net/cigarette/slovaquie/trnava/,detail
Velky Krtis,ville,Slovaquie,slovaquie,Marlboro,2026-04-23,5,,,,5,5,6,,,,2026-04-23,2026,https://www.combien-coute.net/cigarette/slovaquie/velky-krtis/,https://www.combien-coute.net/cigarette/slovaquie/velky-krtis/,detail
Zilina,ville,Slovaquie,slovaquie,Marlboro,2026-04-26,5.5,,,,5.5,4.8,7,,,,2026-04-26,2026,https://www.combien-coute.net/cigarette/slovaquie/zilina/,https://www.combien-coute.net/cigarette/slovaquie/zilina/,detail
Bled,ville,Slovénie,slovenie,Marlboro,2017-11-21,3.9,,,,3.9,3.9,3.9,,,,2017-11-21,2026,https://www.combien-coute.net/cigarette/slovenie/bled/,https://www.combien-coute.net/cigarette/slovenie/bled/,detail
Celje,ville,Slovénie,slovenie,Marlboro,2026-04-18,5.05,,,,5.05,4.9,5.6,,,,2026-04-18,2026,https://www.combien-coute.net/cigarette/slovenie/celje/,https://www.combien-coute.net/cigarette/slovenie/celje/,detail
Idrija,ville,Slovénie,slovenie,Marlboro,2026-04-19,5.2,,,,5.2,5,5.4,,,,2026-04-19,2026,https://www.combien-coute.net/cigarette/slovenie/idrija/,https://www.combien-coute.net/cigarette/slovenie/idrija/,detail
Kamnik,ville,Slovénie,slovenie,Marlboro,2026-04-23,5.2,,,,5.2,5,5.6,,,,2026-04-23,2026,https://www.combien-coute.net/cigarette/slovenie/kamnik/,https://www.combien-coute.net/cigarette/slovenie/kamnik/,detail
Koper,ville,Slovénie,slovenie,Marlboro,2026-04-25,5.2,,,,5.2,5,7,,,,2026-04-25,2026,https://www.combien-coute.net/cigarette/slovenie/koper/,https://www.combien-coute.net/cigarette/slovenie/koper/,detail
Kranj,ville,Slovénie,slovenie,Marlboro,2026-04-19,5.2,,,,5.2,5,5.4,,,,2026-04-19,2026,https://www.combien-coute.net/cigarette/slovenie/kranj/,https://www.combien-coute.net/cigarette/slovenie/kranj/,detail
Litija,ville,Slovénie,slovenie,Marlboro,2024-01-16,4.9,,,,4.9,4.4,5.2,,,,2024-01-16,2026,https://www.combien-coute.net/cigarette/slovenie/litija/,https://www.combien-coute.net/cigarette/slovenie/litija/,detail
Ljubljana,ville,Slovénie,slovenie,Marlboro,2025-11-24,5.4,,,,5.4,5,5.6,,,,2025-11-24,2026,https://www.combien-coute.net/cigarette/slovenie/ljubljana/,https://www.combien-coute.net/cigarette/slovenie/ljubljana/,detail
Logatec,ville,Slovénie,slovenie,Marlboro,2026-04-19,5.4,,,,5.4,5,5.5,,,,2026-04-19,2026,https://www.combien-coute.net/cigarette/slovenie/logatec/,https://www.combien-coute.net/cigarette/slovenie/logatec/,detail
Maribor,ville,Slovénie,slovenie,Marlboro,2026-04-22,5.2,,,,5.2,5,5.4,,,,2026-04-22,2026,https://www.combien-coute.net/cigarette/slovenie/maribor/,https://www.combien-coute.net/cigarette/slovenie/maribor/,detail
Murska Sobota,ville,Slovénie,slovenie,Marlboro,2026-04-19,5.15,,,,5.15,4.7,5.6,,,,2026-04-19,2026,https://www.combien-coute.net/cigarette/slovenie/murska-sobota/,https://www.combien-coute.net/cigarette/slovenie/murska-sobota/,detail
Nova Gorica,ville,Slovénie,slovenie,Marlboro,2026-04-19,5.2,,,,5.2,4.5,5.5,,,,2026-04-19,2026,https://www.combien-coute.net/cigarette/slovenie/nova-gorica/,https://www.combien-coute.net/cigarette/slovenie/nova-gorica/,detail
Novo Mesto,ville,Slovénie,slovenie,Marlboro,2026-04-18,5.2,,,,5.2,5,5.57,,,,2026-04-18,2026,https://www.combien-coute.net/cigarette/slovenie/novo-mesto/,https://www.combien-coute.net/cigarette/slovenie/novo-mesto/,detail
Postojna,ville,Slovénie,slovenie,Marlboro,2026-04-20,7,,,,7,,,,,,2026-04-20,2026,https://www.combien-coute.net/cigarette/slovenie/postojna/,https://www.combien-coute.net/cigarette/slovenie/postojna/,detail
Ptuj,ville,Slovénie,slovenie,Marlboro,2026-04-18,5.2,,,,5.2,5,5.4,,,,2026-04-18,2026,https://www.combien-coute.net/cigarette/slovenie/ptuj/,https://www.combien-coute.net/cigarette/slovenie/ptuj/,detail
Tolmin,ville,Slovénie,slovenie,Marlboro,2026-04-20,5.2,,,,5.2,5,5.4,,,,2026-04-20,2026,https://www.combien-coute.net/cigarette/slovenie/tolmin/,https://www.combien-coute.net/cigarette/slovenie/tolmin/,detail
Trbovlje,ville,Slovénie,slovenie,Marlboro,2026-04-20,5.2,,,,5.2,5,5.4,,,,2026-04-20,2026,https://www.combien-coute.net/cigarette/slovenie/trbovlje/,https://www.combien-coute.net/cigarette/slovenie/trbovlje/,detail
Velenje,ville,Slovénie,slovenie,Marlboro,2026-04-19,5.4,,,,5.4,5,5.6,,,,2026-04-19,2026,https://www.combien-coute.net/cigarette/slovenie/velenje/,https://www.combien-coute.net/cigarette/slovenie/velenje/,detail
Ambalangoda,ville,Sri Lanka,sri-lanka,Marlboro,2026-04-28,8.56,3195,LKR,Roupie cingalaise,8.56,8.03,9.36,3195,2997,3494,2026-04-28,2026,https://www.combien-coute.net/cigarette/sri-lanka/ambalangoda/,https://www.combien-coute.net/cigarette/sri-lanka/ambalangoda/,detail
Anurâdhapura,ville,Sri Lanka,sri-lanka,Marlboro,2026-04-14,8.63,3189,LKR,Roupie cingalaise,8.63,8.09,9.44,3189,2989,3488,2026-04-14,2026,https://www.combien-coute.net/cigarette/sri-lanka/anur-dhapura/,https://www.combien-coute.net/cigarette/sri-lanka/anur-dhapura/,detail
Batticaloa,ville,Sri Lanka,sri-lanka,Marlboro,2025-11-23,9.04,3200,LKR,Roupie cingalaise,9.04,7.06,9.88,3200,2499,3498,2025-11-23,2026,https://www.combien-coute.net/cigarette/sri-lanka/batticaloa/,https://www.combien-coute.net/cigarette/sri-lanka/batticaloa/,detail
Colombo,ville,Sri Lanka,sri-lanka,Marlboro,2026-04-29,8.57,3196,LKR,Roupie cingalaise,8.57,8.04,9.38,3196,2998,3498,2026-04-29,2026,https://www.combien-coute.net/cigarette/sri-lanka/colombo/,https://www.combien-coute.net/cigarette/sri-lanka/colombo/,detail
Dambulla,ville,Sri Lanka,sri-lanka,Marlboro,2026-04-26,8.57,3197,LKR,Roupie cingalaise,8.57,8.04,9.38,3197,2999,3499,2026-04-26,2026,https://www.combien-coute.net/cigarette/sri-lanka/dambulla/,https://www.combien-coute.net/cigarette/sri-lanka/dambulla/,detail
Galle,ville,Sri Lanka,sri-lanka,Marlboro,2026-04-26,8.57,3197,LKR,Roupie cingalaise,8.57,8.04,9.38,3197,2999,3499,2026-04-26,2026,https://www.combien-coute.net/cigarette/sri-lanka/galle/,https://www.combien-coute.net/cigarette/sri-lanka/galle/,detail
Gampola,ville,Sri Lanka,sri-lanka,Marlboro,2026-04-22,8.61,3205,LKR,Roupie cingalaise,8.61,8.07,9.42,3205,3004,3506,2026-04-22,2026,https://www.combien-coute.net/cigarette/sri-lanka/gampola/,https://www.combien-coute.net/cigarette/sri-lanka/gampola/,detail
Haputale,ville,Sri Lanka,sri-lanka,Marlboro,2026-05-01,8.53,3182,LKR,Roupie cingalaise,8.53,8,9.33,3182,2984,3480,2026-05-01,2026,https://www.combien-coute.net/cigarette/sri-lanka/haputale/,https://www.combien-coute.net/cigarette/sri-lanka/haputale/,detail
Hatton,ville,Sri Lanka,sri-lanka,Marlboro,2026-04-20,8.59,3202,LKR,Roupie cingalaise,8.59,8.06,9.4,3202,3005,3504,2026-04-20,2026,https://www.combien-coute.net/cigarette/sri-lanka/hatton/,https://www.combien-coute.net/cigarette/sri-lanka/hatton/,detail
Hikkaduwa,ville,Sri Lanka,sri-lanka,Marlboro,2026-04-27,8.59,3205,LKR,Roupie cingalaise,8.59,8.05,9.39,3205,3003,3503,2026-04-27,2026,https://www.combien-coute.net/cigarette/sri-lanka/hikkaduwa/,https://www.combien-coute.net/cigarette/sri-lanka/hikkaduwa/,detail
Jaffna,ville,Sri Lanka,sri-lanka,Marlboro,2026-04-21,10.19,3802,LKR,Roupie cingalaise,10.19,9.65,10.73,3802,3601,4004,2026-04-21,2026,https://www.combien-coute.net/cigarette/sri-lanka/jaffna/,https://www.combien-coute.net/cigarette/sri-lanka/jaffna/,detail
Kalutara,ville,Sri Lanka,sri-lanka,Marlboro,2026-04-27,8.59,3205,LKR,Roupie cingalaise,8.59,8.05,9.39,3205,3003,3503,2026-04-27,2026,https://www.combien-coute.net/cigarette/sri-lanka/kalutara/,https://www.combien-coute.net/cigarette/sri-lanka/kalutara/,detail
Kandy,ville,Sri Lanka,sri-lanka,Marlboro,2026-04-26,6.96,2596,LKR,Roupie cingalaise,6.96,4.82,9.38,2596,1798,3499,2026-04-26,2026,https://www.combien-coute.net/cigarette/sri-lanka/kandy/,https://www.combien-coute.net/cigarette/sri-lanka/kandy/,detail
Kuliyapitiya,ville,Sri Lanka,sri-lanka,Marlboro,2026-04-20,8.59,3202,LKR,Roupie cingalaise,8.59,8.06,9.4,3202,3005,3504,2026-04-20,2026,https://www.combien-coute.net/cigarette/sri-lanka/kuliyapitiya/,https://www.combien-coute.net/cigarette/sri-lanka/kuliyapitiya/,detail
Kurunegala,ville,Sri Lanka,sri-lanka,Marlboro,2026-04-19,8.6,3206,LKR,Roupie cingalaise,8.6,8.06,9.41,3206,3005,3508,2026-04-19,2026,https://www.combien-coute.net/cigarette/sri-lanka/kurunegala/,https://www.combien-coute.net/cigarette/sri-lanka/kurunegala/,detail
Matale,ville,Sri Lanka,sri-lanka,Marlboro,2024-01-25,6.6,2300,LKR,Roupie cingalaise,6.6,4.02,7.18,2300,1400,2500,2024-01-25,2026,https://www.combien-coute.net/cigarette/sri-lanka/matale/,https://www.combien-coute.net/cigarette/sri-lanka/matale/,detail
Matara,ville,Sri Lanka,sri-lanka,Marlboro,2026-04-24,8.63,3222,LKR,Roupie cingalaise,8.63,8.09,9.44,3222,3020,3524,2026-04-24,2026,https://www.combien-coute.net/cigarette/sri-lanka/matara/,https://www.combien-coute.net/cigarette/sri-lanka/matara/,detail
Negombo,ville,Sri Lanka,sri-lanka,Marlboro,2026-04-26,8.57,3197,LKR,Roupie cingalaise,8.57,8.04,9.38,3197,2999,3499,2026-04-26,2026,https://www.combien-coute.net/cigarette/sri-lanka/negombo/,https://www.combien-coute.net/cigarette/sri-lanka/negombo/,detail
Nuwara Eliya,ville,Sri Lanka,sri-lanka,Marlboro,2026-04-21,8.58,3201,LKR,Roupie cingalaise,8.58,8.04,9.39,3201,3000,3504,2026-04-21,2026,https://www.combien-coute.net/cigarette/sri-lanka/nuwara-eliya/,https://www.combien-coute.net/cigarette/sri-lanka/nuwara-eliya/,detail
Panadura,ville,Sri Lanka,sri-lanka,Marlboro,2026-04-21,8.58,3201,LKR,Roupie cingalaise,8.58,8.04,9.39,3201,3000,3504,2026-04-21,2026,https://www.combien-coute.net/cigarette/sri-lanka/panadura/,https://www.combien-coute.net/cigarette/sri-lanka/panadura/,detail
Puttalam,ville,Sri Lanka,sri-lanka,Marlboro,2026-04-14,6.48,2394,LKR,Roupie cingalaise,6.48,,,2394,,,2026-04-14,2026,https://www.combien-coute.net/cigarette/sri-lanka/puttalam/,https://www.combien-coute.net/cigarette/sri-lanka/puttalam/,detail
Trincomalee,ville,Sri Lanka,sri-lanka,Marlboro,2026-04-21,8.58,3201,LKR,Roupie cingalaise,8.58,8.04,9.39,3201,3000,3504,2026-04-21,2026,https://www.combien-coute.net/cigarette/sri-lanka/trincomalee/,https://www.combien-coute.net/cigarette/sri-lanka/trincomalee/,detail
Vavuniya,ville,Sri Lanka,sri-lanka,Marlboro,2026-04-18,8.6,3198,LKR,Roupie cingalaise,8.6,8.06,9.41,3198,2997,3499,2026-04-18,2026,https://www.combien-coute.net/cigarette/sri-lanka/vavuniya/,https://www.combien-coute.net/cigarette/sri-lanka/vavuniya/,detail
Weligama,ville,Sri Lanka,sri-lanka,Marlboro,2026-04-20,8.59,3202,LKR,Roupie cingalaise,8.59,8.06,9.4,3202,3005,3504,2026-04-20,2026,https://www.combien-coute.net/cigarette/sri-lanka/weligama/,https://www.combien-coute.net/cigarette/sri-lanka/weligama/,detail
Arbon,ville,Suisse,suisse,Marlboro,2025-11-23,9.11,8,CHF,Franc suisse,9.11,8.79,21.44,8,8,20,2025-11-23,2026,https://www.combien-coute.net/cigarette/suisse/arbon/,https://www.combien-coute.net/cigarette/suisse/arbon/,detail
Berne,ville,Suisse,suisse,Marlboro,2026-04-29,10.13,9,CHF,Franc suisse,10.13,9.74,10.17,9,9,9,2026-04-29,2026,https://www.combien-coute.net/cigarette/suisse/berne/,https://www.combien-coute.net/cigarette/suisse/berne/,detail
Buchs,ville,Suisse,suisse,Marlboro,2026-04-13,9.75,9,CHF,Franc suisse,9.75,9.75,10.83,9,9,10,2026-04-13,2026,https://www.combien-coute.net/cigarette/suisse/buchs/,https://www.combien-coute.net/cigarette/suisse/buchs/,detail
Bâle,ville,Suisse,suisse,Marlboro,2026-04-14,10.16,9,CHF,Franc suisse,10.16,9.77,10.85,9,9,10,2026-04-14,2026,https://www.combien-coute.net/cigarette/suisse/bale/,https://www.combien-coute.net/cigarette/suisse/bale/,detail
Coire,ville,Suisse,suisse,Marlboro,2025-11-23,9.54,9,CHF,Franc suisse,9.54,9.22,10.72,9,9,10,2025-11-23,2026,https://www.combien-coute.net/cigarette/suisse/coire/,https://www.combien-coute.net/cigarette/suisse/coire/,detail
Davos,ville,Suisse,suisse,Marlboro,2026-04-21,9.81,9,CHF,Franc suisse,9.81,9.81,10.9,9,9,10,2026-04-21,2026,https://www.combien-coute.net/cigarette/suisse/davos/,https://www.combien-coute.net/cigarette/suisse/davos/,detail
Frauenfeld,ville,Suisse,suisse,Marlboro,2025-11-23,9.59,9,CHF,Franc suisse,9.59,8.58,11.79,9,8,11,2025-11-23,2026,https://www.combien-coute.net/cigarette/suisse/frauenfeld/,https://www.combien-coute.net/cigarette/suisse/frauenfeld/,detail
Fribourg,ville,Suisse,suisse,Marlboro,2026-05-01,9.81,9,CHF,Franc suisse,9.81,9.76,10.9,9,9,10,2026-05-01,2026,https://www.combien-coute.net/cigarette/suisse/fribourg/,https://www.combien-coute.net/cigarette/suisse/fribourg/,detail
Genève,ville,Suisse,suisse,Marlboro,2025-11-24,9.97,9,CHF,Franc suisse,9.97,9.13,10.75,9,9,10,2025-11-24,2026,https://www.combien-coute.net/cigarette/suisse/geneve/,https://www.combien-coute.net/cigarette/suisse/geneve/,detail
Glaris,ville,Suisse,suisse,Marlboro,2026-04-28,9.78,9,CHF,Franc suisse,9.78,9.78,10.86,9,9,10,2026-04-28,2026,https://www.combien-coute.net/cigarette/suisse/glaris/,https://www.combien-coute.net/cigarette/suisse/glaris/,detail
Interlaken,ville,Suisse,suisse,Marlboro,2025-12-12,9.92,9,CHF,Franc suisse,9.92,8.58,11.79,9,8,11,2025-12-12,2026,https://www.combien-coute.net/cigarette/suisse/interlaken/,https://www.combien-coute.net/cigarette/suisse/interlaken/,detail
Langenthal,ville,Suisse,suisse,Marlboro,2026-04-28,8.69,8,CHF,Franc suisse,8.69,8.69,10.86,8,8,10,2026-04-28,2026,https://www.combien-coute.net/cigarette/suisse/langenthal/,https://www.combien-coute.net/cigarette/suisse/langenthal/,detail
Lausanne,ville,Suisse,suisse,Marlboro,2025-11-24,10.06,9,CHF,Franc suisse,10.06,8.92,10.75,9,8,10,2025-11-24,2026,https://www.combien-coute.net/cigarette/suisse/lausanne/,https://www.combien-coute.net/cigarette/suisse/lausanne/,detail
Locarno,ville,Suisse,suisse,Marlboro,2025-11-23,9.65,9,CHF,Franc suisse,9.65,8.58,11.79,9,8,11,2025-11-23,2026,https://www.combien-coute.net/cigarette/suisse/locarno/,https://www.combien-coute.net/cigarette/suisse/locarno/,detail
Lucerne,ville,Suisse,suisse,Marlboro,2026-04-14,9.77,9,CHF,Franc suisse,9.77,9.77,10.85,9,9,10,2026-04-14,2026,https://www.combien-coute.net/cigarette/suisse/lucerne/,https://www.combien-coute.net/cigarette/suisse/lucerne/,detail
Lugano,ville,Suisse,suisse,Marlboro,2026-04-22,9.81,9,CHF,Franc suisse,9.81,9.81,9.81,9,9,9,2026-04-22,2026,https://www.combien-coute.net/cigarette/suisse/lugano/,https://www.combien-coute.net/cigarette/suisse/lugano/,detail
Montreux,ville,Suisse,suisse,Marlboro,2026-05-01,9.81,9,CHF,Franc suisse,9.81,9.6,10.9,9,9,10,2026-05-01,2026,https://www.combien-coute.net/cigarette/suisse/montreux/,https://www.combien-coute.net/cigarette/suisse/montreux/,detail
Neuchâtel,ville,Suisse,suisse,Marlboro,2025-11-23,9.65,9,CHF,Franc suisse,9.65,9.11,10.72,9,8,10,2025-11-23,2026,https://www.combien-coute.net/cigarette/suisse/neuch-tel/,https://www.combien-coute.net/cigarette/suisse/neuch-tel/,detail
Nyon,ville,Suisse,suisse,Marlboro,2025-11-23,9.95,9,CHF,Franc suisse,9.95,9.11,10.72,9,8,10,2025-11-23,2026,https://www.combien-coute.net/cigarette/suisse/nyon/,https://www.combien-coute.net/cigarette/suisse/nyon/,detail
Olten,ville,Suisse,suisse,Marlboro,2026-04-30,9.74,9,CHF,Franc suisse,9.74,9.63,10.83,9,9,10,2026-04-30,2026,https://www.combien-coute.net/cigarette/suisse/olten/,https://www.combien-coute.net/cigarette/suisse/olten/,detail
Rapperswil,ville,Suisse,suisse,Marlboro,2025-11-23,9.65,9,CHF,Franc suisse,9.65,9.22,10.72,9,9,10,2025-11-23,2026,https://www.combien-coute.net/cigarette/suisse/rapperswil/,https://www.combien-coute.net/cigarette/suisse/rapperswil/,detail
Schaffhouse,ville,Suisse,suisse,Marlboro,2025-11-23,9.92,9,CHF,Franc suisse,9.92,8.58,11.79,9,8,11,2025-11-23,2026,https://www.combien-coute.net/cigarette/suisse/schaffhouse/,https://www.combien-coute.net/cigarette/suisse/schaffhouse/,detail
Sion,ville,Suisse,suisse,Marlboro,2026-05-01,9.81,9,CHF,Franc suisse,9.81,9.81,10.9,9,9,10,2026-05-01,2026,https://www.combien-coute.net/cigarette/suisse/sion/,https://www.combien-coute.net/cigarette/suisse/sion/,detail
Thoune,ville,Suisse,suisse,Marlboro,2025-11-23,10.03,9,CHF,Franc suisse,10.03,8.9,11.79,9,8,11,2025-11-23,2026,https://www.combien-coute.net/cigarette/suisse/thoune/,https://www.combien-coute.net/cigarette/suisse/thoune/,detail
Vevey,ville,Suisse,suisse,Marlboro,2025-11-24,10.06,9,CHF,Franc suisse,10.06,8.92,11.82,9,8,11,2025-11-24,2026,https://www.combien-coute.net/cigarette/suisse/vevey/,https://www.combien-coute.net/cigarette/suisse/vevey/,detail
Wil,ville,Suisse,suisse,Marlboro,2025-11-23,9.22,9,CHF,Franc suisse,9.22,8.79,10.61,9,8,10,2025-11-23,2026,https://www.combien-coute.net/cigarette/suisse/wil/,https://www.combien-coute.net/cigarette/suisse/wil/,detail
Winterthour,ville,Suisse,suisse,Marlboro,2025-11-24,9.94,9,CHF,Franc suisse,9.94,8.6,11.82,9,8,11,2025-11-24,2026,https://www.combien-coute.net/cigarette/suisse/winterthour/,https://www.combien-coute.net/cigarette/suisse/winterthour/,detail
Zoug,ville,Suisse,suisse,Marlboro,2026-04-18,9.78,9,CHF,Franc suisse,9.78,9.78,21.73,9,9,20,2026-04-18,2026,https://www.combien-coute.net/cigarette/suisse/zoug/,https://www.combien-coute.net/cigarette/suisse/zoug/,detail
Zurich,ville,Suisse,suisse,Marlboro,2025-11-24,9.67,9,CHF,Franc suisse,9.67,8.92,10.75,9,8,10,2025-11-24,2026,https://www.combien-coute.net/cigarette/suisse/zurich/,https://www.combien-coute.net/cigarette/suisse/zurich/,detail
Makassar,ville,Sulawesi (Célèbes),sulawesi-celebes,Marlboro,2025-11-25,2.4,46141,IDR,Monnaie,2.4,,,46141,,,2025-11-25,2026,https://www.combien-coute.net/cigarette/sulawesi-celebes/makassar/,https://www.combien-coute.net/cigarette/sulawesi-celebes/makassar/,detail
Manado (Menado),ville,Sulawesi (Célèbes),sulawesi-celebes,Marlboro,2025-11-25,2.01,38643,IDR,Monnaie,2.01,1.82,2.19,38643,34990,42104,2025-11-25,2026,https://www.combien-coute.net/cigarette/sulawesi-celebes/manado/,https://www.combien-coute.net/cigarette/sulawesi-celebes/manado/,detail
Banda Aceh,ville,Sumatra,sumatra,Marlboro,2025-11-18,1.55,30113,IDR,Monnaie,1.55,,,30113,,,2025-11-18,2026,https://www.combien-coute.net/cigarette/sumatra/banda-aceh/,https://www.combien-coute.net/cigarette/sumatra/banda-aceh/,detail
Bandar Lampung,ville,Sumatra,sumatra,Marlboro,2026-04-21,1.49,30109,IDR,Monnaie,1.49,1.24,2.97,30109,25057,60016,2026-04-21,2026,https://www.combien-coute.net/cigarette/sumatra/bandar-lampung/,https://www.combien-coute.net/cigarette/sumatra/bandar-lampung/,detail
Batam,ville,Sumatra,sumatra,Marlboro,2026-04-27,2.47,49956,IDR,Monnaie,2.47,1.88,2.47,49956,38023,49956,2026-04-27,2026,https://www.combien-coute.net/cigarette/sumatra/batam/,https://www.combien-coute.net/cigarette/sumatra/batam/,detail
Bengkulu,ville,Sumatra,sumatra,Marlboro,2017-11-21,1.26,20000,IDR,Monnaie,1.26,,,20000,,,2017-11-21,2026,https://www.combien-coute.net/cigarette/sumatra/bengkulu/,https://www.combien-coute.net/cigarette/sumatra/bengkulu/,detail
Medan,ville,Sumatra,sumatra,Marlboro,2026-04-19,2.63,53071,IDR,Monnaie,2.63,1.98,4.31,53071,39954,86971,2026-04-19,2026,https://www.combien-coute.net/cigarette/sumatra/medan/,https://www.combien-coute.net/cigarette/sumatra/medan/,detail
Palembang,ville,Sumatra,sumatra,Marlboro,2026-04-29,1.98,39914,IDR,Monnaie,1.98,1.73,2.23,39914,34874,44954,2026-04-29,2026,https://www.combien-coute.net/cigarette/sumatra/palembang/,https://www.combien-coute.net/cigarette/sumatra/palembang/,detail
Pekanbaru,ville,Sumatra,sumatra,Marlboro,2026-04-28,1.83,36944,IDR,Monnaie,1.83,1.49,1.98,36944,30080,39972,2026-04-28,2026,https://www.combien-coute.net/cigarette/sumatra/pekanbaru/,https://www.combien-coute.net/cigarette/sumatra/pekanbaru/,detail
Albina,ville,Surinam,surinam,Marlboro,2025-12-11,4.83,217,$ (SRD),dollar de Surinam,4.83,2.41,8.55,217,108,385,2025-12-11,2026,https://www.combien-coute.net/cigarette/surinam/albina/,https://www.combien-coute.net/cigarette/surinam/albina/,detail
Moengo,ville,Surinam,surinam,Marlboro,2025-12-13,4.81,218,$ (SRD),dollar de Surinam,4.81,2.4,8.52,218,109,386,2025-12-13,2026,https://www.combien-coute.net/cigarette/surinam/moengo/,https://www.combien-coute.net/cigarette/surinam/moengo/,detail
Nieuw Nickerie,ville,Surinam,surinam,Marlboro,2025-12-11,4.83,217,$ (SRD),dollar de Surinam,4.83,2.41,8.55,217,108,385,2025-12-11,2026,https://www.combien-coute.net/cigarette/surinam/nieuw-nickerie/,https://www.combien-coute.net/cigarette/surinam/nieuw-nickerie/,detail
Paramaribo,ville,Surinam,surinam,Marlboro,2026-04-21,4.79,212,$ (SRD),dollar de Surinam,4.79,2.39,8.48,212,106,376,2026-04-21,2026,https://www.combien-coute.net/cigarette/surinam/paramaribo/,https://www.combien-coute.net/cigarette/surinam/paramaribo/,detail
Totness,ville,Surinam,surinam,Marlboro,2025-11-22,4.9,218,$ (SRD),dollar de Surinam,4.9,2.44,8.68,218,109,386,2025-11-22,2026,https://www.combien-coute.net/cigarette/surinam/totness/,https://www.combien-coute.net/cigarette/surinam/totness/,detail
Wageningen,ville,Surinam,surinam,Marlboro,2026-04-28,10.5,461,$ (SRD),dollar de Surinam,10.5,9,13.5,461,395,593,2026-04-28,2026,https://www.combien-coute.net/cigarette/surinam/wageningen/,https://www.combien-coute.net/cigarette/surinam/wageningen/,detail
Arvika,ville,Suède,suede,Marlboro,2025-11-23,6.36,70,SEK,Couronne suédoise,6.36,6.36,7.27,70,70,80,2025-11-23,2026,https://www.combien-coute.net/cigarette/suede/arvika/,https://www.combien-coute.net/cigarette/suede/arvika/,detail
Göteborg,ville,Suède,suede,Marlboro,2026-04-21,7.3,79,SEK,Couronne suédoise,7.3,6.97,7.99,79,75,86,2026-04-21,2026,https://www.combien-coute.net/cigarette/suede/g-teborg/,https://www.combien-coute.net/cigarette/suede/g-teborg/,detail
Halmstad,ville,Suède,suede,Marlboro,2026-04-19,6.03,65,SEK,Couronne suédoise,6.03,6.03,7.42,65,65,80,2026-04-19,2026,https://www.combien-coute.net/cigarette/suede/halmstad/,https://www.combien-coute.net/cigarette/suede/halmstad/,detail
Helsingborg,ville,Suède,suede,Marlboro,2026-04-30,7.08,77,SEK,Couronne suédoise,7.08,6.06,7.99,77,66,87,2026-04-30,2026,https://www.combien-coute.net/cigarette/suede/helsingborg/,https://www.combien-coute.net/cigarette/suede/helsingborg/,detail
Kalmar,ville,Suède,suede,Marlboro,2026-04-18,7.23,78,SEK,Couronne suédoise,7.23,6.02,7.97,78,65,86,2026-04-18,2026,https://www.combien-coute.net/cigarette/suede/kalmar/,https://www.combien-coute.net/cigarette/suede/kalmar/,detail
Karlskrona,ville,Suède,suede,Marlboro,2026-04-19,6.58,71,SEK,Couronne suédoise,6.58,6.58,7.97,71,71,86,2026-04-19,2026,https://www.combien-coute.net/cigarette/suede/karlskrona/,https://www.combien-coute.net/cigarette/suede/karlskrona/,detail
Karlstad,ville,Suède,suede,Marlboro,2026-04-29,6.54,71,SEK,Couronne suédoise,6.54,6.45,7.37,71,70,80,2026-04-29,2026,https://www.combien-coute.net/cigarette/suede/karlstad/,https://www.combien-coute.net/cigarette/suede/karlstad/,detail
Kristianstad,ville,Suède,suede,Marlboro,2025-11-23,7.36,81,SEK,Couronne suédoise,7.36,6.91,7.82,81,76,86,2025-11-23,2026,https://www.combien-coute.net/cigarette/suede/kristianstad/,https://www.combien-coute.net/cigarette/suede/kristianstad/,detail
Landskrona,ville,Suède,suede,Marlboro,2025-11-23,6.36,70,SEK,Couronne suédoise,6.36,6,7.82,70,66,86,2025-11-23,2026,https://www.combien-coute.net/cigarette/suede/landskrona/,https://www.combien-coute.net/cigarette/suede/landskrona/,detail
Ludvika,ville,Suède,suede,Marlboro,2025-11-23,6.36,70,SEK,Couronne suédoise,6.36,6.36,8.09,70,70,89,2025-11-23,2026,https://www.combien-coute.net/cigarette/suede/ludvika/,https://www.combien-coute.net/cigarette/suede/ludvika/,detail
Lund,ville,Suède,suede,Marlboro,2026-04-28,7.4,80,SEK,Couronne suédoise,7.4,6.29,7.77,80,68,84,2026-04-28,2026,https://www.combien-coute.net/cigarette/suede/lund/,https://www.combien-coute.net/cigarette/suede/lund/,detail
Malmo,ville,Suède,suede,Marlboro,2026-04-26,7.22,78,SEK,Couronne suédoise,7.22,6.94,7.86,78,75,85,2026-04-26,2026,https://www.combien-coute.net/cigarette/suede/malmo/,https://www.combien-coute.net/cigarette/suede/malmo/,detail
Mora,ville,Suède,suede,Marlboro,2026-04-28,5.55,60,SEK,Couronne suédoise,5.55,3.7,8.14,60,40,88,2026-04-28,2026,https://www.combien-coute.net/cigarette/suede/mora/,https://www.combien-coute.net/cigarette/suede/mora/,detail
Norrkoping,ville,Suède,suede,Marlboro,2026-04-26,6.94,75,SEK,Couronne suédoise,6.94,6.66,7.4,75,72,80,2026-04-26,2026,https://www.combien-coute.net/cigarette/suede/norrkoping/,https://www.combien-coute.net/cigarette/suede/norrkoping/,detail
Oskarshamn,ville,Suède,suede,Marlboro,2026-04-17,7.25,78,SEK,Couronne suédoise,7.25,6.92,7.94,78,75,86,2026-04-17,2026,https://www.combien-coute.net/cigarette/suede/oskarshamn/,https://www.combien-coute.net/cigarette/suede/oskarshamn/,detail
Sollentuna,ville,Suède,suede,Marlboro,2025-11-23,6.91,76,SEK,Couronne suédoise,6.91,6.36,7.27,76,70,80,2025-11-23,2026,https://www.combien-coute.net/cigarette/suede/sollentuna/,https://www.combien-coute.net/cigarette/suede/sollentuna/,detail
Stockholm,ville,Suède,suede,Marlboro,2025-11-24,6.91,76,SEK,Couronne suédoise,6.91,6.37,7.82,76,70,86,2025-11-24,2026,https://www.combien-coute.net/cigarette/suede/stockholm/,https://www.combien-coute.net/cigarette/suede/stockholm/,detail
Sundsvall,ville,Suède,suede,Marlboro,2026-04-26,6.85,74,SEK,Couronne suédoise,6.85,6.48,7.4,74,70,80,2026-04-26,2026,https://www.combien-coute.net/cigarette/suede/sundsvall/,https://www.combien-coute.net/cigarette/suede/sundsvall/,detail
Torsby,ville,Suède,suede,Marlboro,2025-11-23,7.09,78,SEK,Couronne suédoise,7.09,6.36,7.82,78,70,86,2025-11-23,2026,https://www.combien-coute.net/cigarette/suede/torsby/,https://www.combien-coute.net/cigarette/suede/torsby/,detail
Trelleborg,ville,Suède,suede,Marlboro,2024-01-16,6.66,75,SEK,Couronne suédoise,6.66,6.21,6.92,75,70,78,2024-01-16,2026,https://www.combien-coute.net/cigarette/suede/trelleborg/,https://www.combien-coute.net/cigarette/suede/trelleborg/,detail
Trollhattan,ville,Suède,suede,Marlboro,2026-04-23,7.42,80,SEK,Couronne suédoise,7.42,6.31,7.79,80,68,84,2026-04-23,2026,https://www.combien-coute.net/cigarette/suede/trollhattan/,https://www.combien-coute.net/cigarette/suede/trollhattan/,detail
Uppsala,ville,Suède,suede,Marlboro,2026-04-20,7.22,78,SEK,Couronne suédoise,7.22,6.67,7.41,78,72,80,2026-04-20,2026,https://www.combien-coute.net/cigarette/suede/uppsala/,https://www.combien-coute.net/cigarette/suede/uppsala/,detail
Varberg,ville,Suède,suede,Marlboro,2025-11-24,6.18,68,SEK,Couronne suédoise,6.18,6.18,7.64,68,68,84,2025-11-24,2026,https://www.combien-coute.net/cigarette/suede/varberg/,https://www.combien-coute.net/cigarette/suede/varberg/,detail
Varnamo,ville,Suède,suede,Marlboro,2025-11-24,6.37,70,SEK,Couronne suédoise,6.37,6.37,7.28,70,70,80,2025-11-24,2026,https://www.combien-coute.net/cigarette/suede/varnamo/,https://www.combien-coute.net/cigarette/suede/varnamo/,detail
Vaxholm,ville,Suède,suede,Marlboro,2025-11-23,6.82,75,SEK,Couronne suédoise,6.82,6.36,7.82,75,70,86,2025-11-23,2026,https://www.combien-coute.net/cigarette/suede/vaxholm/,https://www.combien-coute.net/cigarette/suede/vaxholm/,detail
Vetlanda,ville,Suède,suede,Marlboro,2025-11-23,7.09,78,SEK,Couronne suédoise,7.09,6.45,7.63,78,71,84,2025-11-23,2026,https://www.combien-coute.net/cigarette/suede/vetlanda/,https://www.combien-coute.net/cigarette/suede/vetlanda/,detail
Visby,ville,Suède,suede,Marlboro,2026-04-16,4.62,50,SEK,Couronne suédoise,4.62,4.62,7.4,50,50,80,2026-04-16,2026,https://www.combien-coute.net/cigarette/suede/visby/,https://www.combien-coute.net/cigarette/suede/visby/,detail
Växjö,ville,Suède,suede,Marlboro,2026-04-19,7.28,79,SEK,Couronne suédoise,7.28,6.95,7.97,79,75,86,2026-04-19,2026,https://www.combien-coute.net/cigarette/suede/vaxjo/,https://www.combien-coute.net/cigarette/suede/vaxjo/,detail
Ystad,ville,Suède,suede,Marlboro,2025-11-22,6.82,75,SEK,Couronne suédoise,6.82,5.45,8.18,75,60,90,2025-11-22,2026,https://www.combien-coute.net/cigarette/suede/ystad/,https://www.combien-coute.net/cigarette/suede/ystad/,detail
Östersund,ville,Suède,suede,Marlboro,2026-04-21,7.16,77,SEK,Couronne suédoise,7.16,7.07,7.25,77,76,78,2026-04-21,2026,https://www.combien-coute.net/cigarette/suede/ostersund/,https://www.combien-coute.net/cigarette/suede/ostersund/,detail
Big Bend,ville,Swaziland (Eswatini),swaziland,Marlboro,2026-04-13,4.96,95,SZL,Lilangeni,4.96,,,95,,,2026-04-13,2026,https://www.combien-coute.net/cigarette/swaziland/big-bend/,https://www.combien-coute.net/cigarette/swaziland/big-bend/,detail
Manzini,ville,Swaziland (Eswatini),swaziland,Marlboro,2026-04-13,2.58,50,SZL,Lilangeni,2.58,,,50,,,2026-04-13,2026,https://www.combien-coute.net/cigarette/swaziland/manzini/,https://www.combien-coute.net/cigarette/swaziland/manzini/,detail
Mbabane,ville,Swaziland (Eswatini),swaziland,Marlboro,2026-04-16,2.41,47,SZL,Lilangeni,2.41,2.33,2.48,47,45,48,2026-04-16,2026,https://www.combien-coute.net/cigarette/swaziland/mbabane/,https://www.combien-coute.net/cigarette/swaziland/mbabane/,detail
Nhlangano,ville,Swaziland (Eswatini),swaziland,Marlboro,2024-01-18,2.18,45,SZL,Lilangeni,2.18,1.21,2.32,45,25,48,2024-01-18,2026,https://www.combien-coute.net/cigarette/swaziland/nhlangano/,https://www.combien-coute.net/cigarette/swaziland/nhlangano/,detail
Dakar,ville,Sénégal,senegal,Marlboro,2026-04-16,1.52,997,F CFA (XOF),Franc CFA-BCEAO,1.52,1.52,2.29,997,997,1501,2026-04-16,2026,https://www.combien-coute.net/cigarette/senegal/dakar/,https://www.combien-coute.net/cigarette/senegal/dakar/,detail
Koungheul,ville,Sénégal,senegal,Marlboro,2025-12-26,1.52,996,F CFA (XOF),Franc CFA-BCEAO,1.52,1.52,2.29,996,996,1500,2025-12-26,2026,https://www.combien-coute.net/cigarette/senegal/koungheul/,https://www.combien-coute.net/cigarette/senegal/koungheul/,detail
Louga,ville,Sénégal,senegal,Marlboro,2025-12-26,1.52,996,F CFA (XOF),Franc CFA-BCEAO,1.52,1.52,2.29,996,996,1500,2025-12-26,2026,https://www.combien-coute.net/cigarette/senegal/louga/,https://www.combien-coute.net/cigarette/senegal/louga/,detail
Saint-Louis,ville,Sénégal,senegal,Marlboro,2017-11-20,4.62,5,F CFA (XOF),Franc CFA-BCEAO,4.62,4.13,5.11,5,5,6,2017-11-20,2026,https://www.combien-coute.net/cigarette/senegal/saint-louis/,https://www.combien-coute.net/cigarette/senegal/saint-louis/,detail
Douchanbé,ville,Tadjikistan,tadjikistan,Marlboro,2026-04-21,2.69,30,TJS,Somoni,2.69,1.79,3.58,30,20,40,2026-04-21,2026,https://www.combien-coute.net/cigarette/tadjikistan/douchanbe/,https://www.combien-coute.net/cigarette/tadjikistan/douchanbe/,detail
Arue,ville,Tahiti,tahiti,Marlboro,2026-04-16,10.47,1248,F CFP (XPF),franc pacifique,10.47,,,1248,,,2026-04-16,2026,https://www.combien-coute.net/cigarette/tahiti/arue/,https://www.combien-coute.net/cigarette/tahiti/arue/,detail
Faaa,ville,Tahiti,tahiti,Marlboro,2024-01-30,12.57,1500,F CFP (XPF),franc pacifique,12.57,10.39,16.76,1500,1240,2000,2024-01-30,2026,https://www.combien-coute.net/cigarette/tahiti/faaa/,https://www.combien-coute.net/cigarette/tahiti/faaa/,detail
Mahaena,ville,Tahiti,tahiti,Marlboro,2024-01-15,12.57,1500,F CFP (XPF),franc pacifique,12.57,10.39,16.76,1500,1240,2000,2024-01-15,2026,https://www.combien-coute.net/cigarette/tahiti/mahaena/,https://www.combien-coute.net/cigarette/tahiti/mahaena/,detail
Mahina,ville,Tahiti,tahiti,Marlboro,2024-01-31,12.57,1500,F CFP (XPF),franc pacifique,12.57,10.39,16.76,1500,1240,2000,2024-01-31,2026,https://www.combien-coute.net/cigarette/tahiti/mahina/,https://www.combien-coute.net/cigarette/tahiti/mahina/,detail
Mataiea,ville,Tahiti,tahiti,Marlboro,2024-02-01,12.57,1500,F CFP (XPF),franc pacifique,12.57,10.39,16.76,1500,1240,2000,2024-02-01,2026,https://www.combien-coute.net/cigarette/tahiti/mataiea/,https://www.combien-coute.net/cigarette/tahiti/mataiea/,detail
Paea,ville,Tahiti,tahiti,Marlboro,2024-01-28,12.57,1500,F CFP (XPF),franc pacifique,12.57,10.39,16.76,1500,1240,2000,2024-01-28,2026,https://www.combien-coute.net/cigarette/tahiti/paea/,https://www.combien-coute.net/cigarette/tahiti/paea/,detail
Papara,ville,Tahiti,tahiti,Marlboro,2024-01-31,12.57,1500,F CFP (XPF),franc pacifique,12.57,10.39,16.76,1500,1240,2000,2024-01-31,2026,https://www.combien-coute.net/cigarette/tahiti/papara/,https://www.combien-coute.net/cigarette/tahiti/papara/,detail
Papeari,ville,Tahiti,tahiti,Marlboro,2024-02-01,12.57,1500,F CFP (XPF),franc pacifique,12.57,10.39,16.76,1500,1240,2000,2024-02-01,2026,https://www.combien-coute.net/cigarette/tahiti/papeari/,https://www.combien-coute.net/cigarette/tahiti/papeari/,detail
Papeete,ville,Tahiti,tahiti,Marlboro,2026-04-14,10.39,1239,F CFP (XPF),franc pacifique,10.39,9.13,12.57,1239,1088,1498,2026-04-14,2026,https://www.combien-coute.net/cigarette/tahiti/papeete/,https://www.combien-coute.net/cigarette/tahiti/papeete/,detail
Papenoo,ville,Tahiti,tahiti,Marlboro,2024-01-31,12.57,1500,F CFP (XPF),franc pacifique,12.57,10.39,16.76,1500,1240,2000,2024-01-31,2026,https://www.combien-coute.net/cigarette/tahiti/papenoo/,https://www.combien-coute.net/cigarette/tahiti/papenoo/,detail
Pirae,ville,Tahiti,tahiti,Marlboro,2024-02-01,12.57,1500,F CFP (XPF),franc pacifique,12.57,10.39,16.76,1500,1240,2000,2024-02-01,2026,https://www.combien-coute.net/cigarette/tahiti/pirae/,https://www.combien-coute.net/cigarette/tahiti/pirae/,detail
Punaauia,ville,Tahiti,tahiti,Marlboro,2024-01-11,12.57,1500,F CFP (XPF),franc pacifique,12.57,10.39,16.76,1500,1240,2000,2024-01-11,2026,https://www.combien-coute.net/cigarette/tahiti/punaauia/,https://www.combien-coute.net/cigarette/tahiti/punaauia/,detail
Tautira,ville,Tahiti,tahiti,Marlboro,2024-02-01,12.57,1500,F CFP (XPF),franc pacifique,12.57,10.39,16.76,1500,1240,2000,2024-02-01,2026,https://www.combien-coute.net/cigarette/tahiti/tautira/,https://www.combien-coute.net/cigarette/tahiti/tautira/,detail
Vairao,ville,Tahiti,tahiti,Marlboro,2024-01-13,12.57,1500,F CFP (XPF),franc pacifique,12.57,10.39,16.76,1500,1240,2000,2024-01-13,2026,https://www.combien-coute.net/cigarette/tahiti/vairao/,https://www.combien-coute.net/cigarette/tahiti/vairao/,detail
Arusha,ville,Tanzanie,tanzanie,Marlboro,2026-04-30,1.32,4023,TZS,Shilling tanzanien,1.32,,,4023,,,2026-04-30,2026,https://www.combien-coute.net/cigarette/tanzanie/arusha/,https://www.combien-coute.net/cigarette/tanzanie/arusha/,detail
Bagamoyo,ville,Tanzanie,tanzanie,Marlboro,2025-11-23,1.87,5291,TZS,Shilling tanzanien,1.87,1.07,3.55,5291,3028,10045,2025-11-23,2026,https://www.combien-coute.net/cigarette/tanzanie/bagamoyo/,https://www.combien-coute.net/cigarette/tanzanie/bagamoyo/,detail
Dar es Salam,ville,Tanzanie,tanzanie,Marlboro,2026-04-13,1.98,6017,TZS,Shilling tanzanien,1.98,1.65,3.3,6017,5014,10028,2026-04-13,2026,https://www.combien-coute.net/cigarette/tanzanie/dar-es-salaam/,https://www.combien-coute.net/cigarette/tanzanie/dar-es-salaam/,detail
Dodoma,ville,Tanzanie,tanzanie,Marlboro,2026-04-27,1.31,3990,TZS,Shilling tanzanien,1.31,0.66,1.97,3990,2010,6000,2026-04-27,2026,https://www.combien-coute.net/cigarette/tanzanie/dodoma/,https://www.combien-coute.net/cigarette/tanzanie/dodoma/,detail
Morogoro,ville,Tanzanie,tanzanie,Marlboro,2026-04-28,1.31,4003,TZS,Shilling tanzanien,1.31,1.31,3.28,4003,4003,10022,2026-04-28,2026,https://www.combien-coute.net/cigarette/tanzanie/morogoro/,https://www.combien-coute.net/cigarette/tanzanie/morogoro/,detail
Moshi,ville,Tanzanie,tanzanie,Marlboro,2024-01-17,1.54,4250,TZS,Shilling tanzanien,1.54,0.91,1.82,4250,2500,5000,2024-01-17,2026,https://www.combien-coute.net/cigarette/tanzanie/moshi/,https://www.combien-coute.net/cigarette/tanzanie/moshi/,detail
Mtwara,ville,Tanzanie,tanzanie,Marlboro,2018-03-20,1.63,4539,TZS,Shilling tanzanien,1.63,1.63,1.63,4539,4539,4539,2018-03-20,2026,https://www.combien-coute.net/cigarette/tanzanie/mtwara/,https://www.combien-coute.net/cigarette/tanzanie/mtwara/,detail
Mwanza,ville,Tanzanie,tanzanie,Marlboro,2022-10-12,0.89,2000,TZS,Shilling tanzanien,0.89,,,2000,,,2022-10-12,2026,https://www.combien-coute.net/cigarette/tanzanie/mwanza/,https://www.combien-coute.net/cigarette/tanzanie/mwanza/,detail
Zanzibar,ville,Tanzanie,tanzanie,Marlboro,2026-05-01,1.52,,TZS,Shilling tanzanien,1.52,,,,,,2026-05-01,2026,https://www.combien-coute.net/cigarette/tanzanie/zanzibar/,https://www.combien-coute.net/cigarette/tanzanie/,liste_parent
Devonport,ville,Tasmanie,tasmanie,Marlboro,2026-04-15,30.21,50,$ (AUD),Dollar australien,30.21,29.61,31.42,50,49,52,2026-04-15,2026,https://www.combien-coute.net/cigarette/tasmanie/devonport/,https://www.combien-coute.net/cigarette/tasmanie/devonport/,detail
George Town,ville,Tasmanie,tasmanie,Marlboro,2017-11-21,3.49,17,$ (AUD),Dollar australien,3.49,2.77,3.6,17,14,18,2017-11-21,2026,https://www.combien-coute.net/cigarette/tasmanie/george-town/,https://www.combien-coute.net/cigarette/tasmanie/george-town/,detail
Hobart,ville,Tasmanie,tasmanie,Marlboro,2026-05-01,31.9,52,$ (AUD),Dollar australien,31.9,30.06,31.9,52,49,52,2026-05-01,2026,https://www.combien-coute.net/cigarette/tasmanie/hobart/,https://www.combien-coute.net/cigarette/tasmanie/hobart/,detail
Launceston,ville,Tasmanie,tasmanie,Marlboro,2026-04-16,23.34,39,$ (AUD),Dollar australien,23.34,23.34,31.6,39,39,52,2026-04-16,2026,https://www.combien-coute.net/cigarette/tasmanie/launceston/,https://www.combien-coute.net/cigarette/tasmanie/launceston/,detail
Chiayi,ville,Taïwan,taiwan,Marlboro,2026-04-26,3.39,125,NT$ (TWD),nouveau dollar de Taïwan,3.39,2.98,4.06,125,110,150,2026-04-26,2026,https://www.combien-coute.net/cigarette/taiwan/chiayi/,https://www.combien-coute.net/cigarette/taiwan/chiayi/,detail
Hsinchu,ville,Taïwan,taiwan,Marlboro,2026-04-25,3.39,125,NT$ (TWD),nouveau dollar de Taïwan,3.39,3.25,4.06,125,120,149,2026-04-25,2026,https://www.combien-coute.net/cigarette/taiwan/hsinchu/,https://www.combien-coute.net/cigarette/taiwan/hsinchu/,detail
Kaohsiung,ville,Taïwan,taiwan,Marlboro,2026-04-25,3.79,140,NT$ (TWD),nouveau dollar de Taïwan,3.79,3.25,4.88,140,120,180,2026-04-25,2026,https://www.combien-coute.net/cigarette/taiwan/kaohsiung/,https://www.combien-coute.net/cigarette/taiwan/kaohsiung/,detail
Keelung,ville,Taïwan,taiwan,Marlboro,2026-04-26,3.32,123,NT$ (TWD),nouveau dollar de Taïwan,3.32,2.98,4.06,123,110,150,2026-04-26,2026,https://www.combien-coute.net/cigarette/taiwan/keelung/,https://www.combien-coute.net/cigarette/taiwan/keelung/,detail
Taichung,ville,Taïwan,taiwan,Marlboro,2026-04-26,3.32,123,NT$ (TWD),nouveau dollar de Taïwan,3.32,2.98,4.06,123,110,150,2026-04-26,2026,https://www.combien-coute.net/cigarette/taiwan/taichung/,https://www.combien-coute.net/cigarette/taiwan/taichung/,detail
Tainan,ville,Taïwan,taiwan,Marlboro,2026-04-21,3.37,125,NT$ (TWD),nouveau dollar de Taïwan,3.37,3.24,4.32,125,120,160,2026-04-21,2026,https://www.combien-coute.net/cigarette/taiwan/tainan/,https://www.combien-coute.net/cigarette/taiwan/tainan/,detail
Taipei,ville,Taïwan,taiwan,Marlboro,2026-04-30,3.38,125,NT$ (TWD),nouveau dollar de Taïwan,3.38,2.98,4.06,125,110,150,2026-04-30,2026,https://www.combien-coute.net/cigarette/taiwan/taipei/,https://www.combien-coute.net/cigarette/taiwan/taipei/,detail
Taitung,ville,Taïwan,taiwan,Marlboro,2025-11-25,3.31,120,NT$ (TWD),nouveau dollar de Taïwan,3.31,3.04,4.14,120,110,150,2025-11-25,2026,https://www.combien-coute.net/cigarette/taiwan/taitung/,https://www.combien-coute.net/cigarette/taiwan/taitung/,detail
El Médano,ville,Tenerife,tenerife,Marlboro,2026-05-01,5,,,,5,4.5,6,,,,2026-05-01,2026,https://www.combien-coute.net/cigarette/tenerife/el-medano/,https://www.combien-coute.net/cigarette/tenerife/el-medano/,detail
La Orotava,ville,Tenerife,tenerife,Marlboro,2024-01-27,3.8,,,,3.8,2.2,4.9,,,,2024-01-27,2026,https://www.combien-coute.net/cigarette/tenerife/la-orotava/,https://www.combien-coute.net/cigarette/tenerife/la-orotava/,detail
Puerto de la Cruz,ville,Tenerife,tenerife,Marlboro,2026-04-26,3.65,,,,3.65,3.5,4.6,,,,2026-04-26,2026,https://www.combien-coute.net/cigarette/tenerife/puerto-de-la-cruz/,https://www.combien-coute.net/cigarette/tenerife/puerto-de-la-cruz/,detail
San Cristóbal de La Laguna,ville,Tenerife,tenerife,Marlboro,2026-04-25,4.1,,,,4.1,4.1,4.6,,,,2026-04-25,2026,https://www.combien-coute.net/cigarette/tenerife/san-cristobal-de-la-laguna/,https://www.combien-coute.net/cigarette/tenerife/san-cristobal-de-la-laguna/,detail
Santa Cruz de Ténérife,ville,Tenerife,tenerife,Marlboro,2026-05-01,5,,,,5,4.5,6,,,,2026-05-01,2026,https://www.combien-coute.net/cigarette/tenerife/santa-cruz-de-tenerife/,https://www.combien-coute.net/cigarette/tenerife/santa-cruz-de-tenerife/,detail
Ayutthaya,ville,Thaïlande,thailande,Marlboro,2026-04-21,3.18,120,฿ (THB),Bath,3.18,2.38,3.97,120,90,150,2026-04-21,2026,https://www.combien-coute.net/cigarette/thailande/ayutthaya/,https://www.combien-coute.net/cigarette/thailande/ayutthaya/,detail
Bangkok,ville,Thaïlande,thailande,Marlboro,2026-05-01,3.93,150,฿ (THB),Bath,3.93,2.62,4.33,150,100,165,2026-05-01,2026,https://www.combien-coute.net/cigarette/thailande/bangkok/,https://www.combien-coute.net/cigarette/thailande/bangkok/,detail
Cha-am,ville,Thaïlande,thailande,Marlboro,2026-04-29,3.83,146,฿ (THB),Bath,3.83,3.02,4.2,146,115,160,2026-04-29,2026,https://www.combien-coute.net/cigarette/thailande/cha-am/,https://www.combien-coute.net/cigarette/thailande/cha-am/,detail
Chachoengsao,ville,Thaïlande,thailande,Marlboro,2024-09-07,3.76,140,฿ (THB),Bath,3.76,2.95,4.02,140,110,150,2024-09-07,2026,https://www.combien-coute.net/cigarette/thailande/chachoengsao/,https://www.combien-coute.net/cigarette/thailande/chachoengsao/,detail
Chanthaburi,ville,Thaïlande,thailande,Marlboro,2025-11-25,3.79,142,฿ (THB),Bath,3.79,2.68,4.82,142,100,180,2025-11-25,2026,https://www.combien-coute.net/cigarette/thailande/chanthaburi/,https://www.combien-coute.net/cigarette/thailande/chanthaburi/,detail
Chiang Maï,ville,Thaïlande,thailande,Marlboro,2026-04-20,3.78,143,฿ (THB),Bath,3.78,3.17,3.97,143,120,150,2026-04-20,2026,https://www.combien-coute.net/cigarette/thailande/chiang-mai/,https://www.combien-coute.net/cigarette/thailande/chiang-mai/,detail
Chiang Raï,ville,Thaïlande,thailande,Marlboro,2026-04-30,3.4,130,฿ (THB),Bath,3.4,3.14,3.92,130,120,149,2026-04-30,2026,https://www.combien-coute.net/cigarette/thailande/chiang-rai/,https://www.combien-coute.net/cigarette/thailande/chiang-rai/,detail
Chon Buri,ville,Thaïlande,thailande,Marlboro,2026-04-28,3.96,150,฿ (THB),Bath,3.96,3.17,4.88,150,120,185,2026-04-28,2026,https://www.combien-coute.net/cigarette/thailande/chon-buri/,https://www.combien-coute.net/cigarette/thailande/chon-buri/,detail
Hat Yai,ville,Thaïlande,thailande,Marlboro,2026-04-28,3.82,145,฿ (THB),Bath,3.82,3.69,3.96,145,140,150,2026-04-28,2026,https://www.combien-coute.net/cigarette/thailande/hat-yai/,https://www.combien-coute.net/cigarette/thailande/hat-yai/,detail
Hua Hin,ville,Thaïlande,thailande,Marlboro,2026-05-01,3.93,150,฿ (THB),Bath,3.93,3.15,3.93,150,120,150,2026-05-01,2026,https://www.combien-coute.net/cigarette/thailande/hua-hin/,https://www.combien-coute.net/cigarette/thailande/hua-hin/,detail
Kalasin,ville,Thaïlande,thailande,Marlboro,2024-01-18,3.11,120,฿ (THB),Bath,3.11,1.87,3.76,120,72,145,2024-01-18,2026,https://www.combien-coute.net/cigarette/thailande/kalasin/,https://www.combien-coute.net/cigarette/thailande/kalasin/,detail
Khon Kaen,ville,Thaïlande,thailande,Marlboro,2025-01-04,4.1,145,฿ (THB),Bath,4.1,,,145,,,2025-01-04,2026,https://www.combien-coute.net/cigarette/thailande/khon-kaen/,https://www.combien-coute.net/cigarette/thailande/khon-kaen/,detail
Koh Phangan,ville,Thaïlande,thailande,Marlboro,2026-04-30,2.22,85,฿ (THB),Bath,2.22,1.83,3.92,85,70,149,2026-04-30,2026,https://www.combien-coute.net/cigarette/thailande/koh-phangan/,https://www.combien-coute.net/cigarette/thailande/koh-phangan/,detail
Koh Samui,ville,Thaïlande,thailande,Marlboro,2026-04-24,3.66,,฿ (THB),Bath,3.66,,,,,,2026-04-24,2026,https://www.combien-coute.net/cigarette/thailande/koh-samui/,https://www.combien-coute.net/cigarette/thailande/,liste_parent
Krabi - Ao Nang,ville,Thaïlande,thailande,Marlboro,2026-04-28,3.96,150,฿ (THB),Bath,3.96,,,150,,,2026-04-28,2026,https://www.combien-coute.net/cigarette/thailande/krabi-ao-nang/,https://www.combien-coute.net/cigarette/thailande/krabi-ao-nang/,detail
Lampang,ville,Thaïlande,thailande,Marlboro,2026-04-30,3.73,143,฿ (THB),Bath,3.73,3.14,3.92,143,120,150,2026-04-30,2026,https://www.combien-coute.net/cigarette/thailande/lampang/,https://www.combien-coute.net/cigarette/thailande/lampang/,detail
Loei,ville,Thaïlande,thailande,Marlboro,2024-01-19,3.16,123,฿ (THB),Bath,3.16,2.58,3.74,123,100,145,2024-01-19,2026,https://www.combien-coute.net/cigarette/thailande/loei/,https://www.combien-coute.net/cigarette/thailande/loei/,detail
Lopburi,ville,Thaïlande,thailande,Marlboro,2026-04-22,3.97,150,฿ (THB),Bath,3.97,3.18,3.97,150,120,150,2026-04-22,2026,https://www.combien-coute.net/cigarette/thailande/lopburi/,https://www.combien-coute.net/cigarette/thailande/lopburi/,detail
Maha Sarakham,ville,Thaïlande,thailande,Marlboro,2024-01-18,6.99,270,฿ (THB),Bath,6.99,6.99,6.99,270,270,270,2024-01-18,2026,https://www.combien-coute.net/cigarette/thailande/maha-sarakham/,https://www.combien-coute.net/cigarette/thailande/maha-sarakham/,detail
Nakhon Pathom,ville,Thaïlande,thailande,Marlboro,2026-04-29,3.94,150,฿ (THB),Bath,3.94,3.15,3.94,150,120,150,2026-04-29,2026,https://www.combien-coute.net/cigarette/thailande/nakhon-pathom/,https://www.combien-coute.net/cigarette/thailande/nakhon-pathom/,detail
Nakhon Ratchasima,ville,Thaïlande,thailande,Marlboro,2026-04-28,2.51,95,฿ (THB),Bath,2.51,1.9,4.22,95,72,160,2026-04-28,2026,https://www.combien-coute.net/cigarette/thailande/nakhon-ratchasima/,https://www.combien-coute.net/cigarette/thailande/nakhon-ratchasima/,detail
Nakhon Sawan,ville,Thaïlande,thailande,Marlboro,2026-04-30,2.35,90,฿ (THB),Bath,2.35,2.35,4.31,90,90,164,2026-04-30,2026,https://www.combien-coute.net/cigarette/thailande/nakhon-sawan/,https://www.combien-coute.net/cigarette/thailande/nakhon-sawan/,detail
Nan,ville,Thaïlande,thailande,Marlboro,2026-04-29,3.75,143,฿ (THB),Bath,3.75,3.15,3.94,143,120,150,2026-04-29,2026,https://www.combien-coute.net/cigarette/thailande/nan/,https://www.combien-coute.net/cigarette/thailande/nan/,detail
Nong Khai,ville,Thaïlande,thailande,Marlboro,2026-04-29,4.73,180,฿ (THB),Bath,4.73,,,180,,,2026-04-29,2026,https://www.combien-coute.net/cigarette/thailande/nong-khai/,https://www.combien-coute.net/cigarette/thailande/nong-khai/,detail
Pak Chong,ville,Thaïlande,thailande,Marlboro,2022-03-26,2.7,100,฿ (THB),Bath,2.7,,,100,,,2022-03-26,2026,https://www.combien-coute.net/cigarette/thailande/pak-chong/,https://www.combien-coute.net/cigarette/thailande/pak-chong/,detail
Pattaya,ville,Thaïlande,thailande,Marlboro,2026-04-29,3.83,146,฿ (THB),Bath,3.83,3.02,4.2,146,115,160,2026-04-29,2026,https://www.combien-coute.net/cigarette/thailande/pattaya/,https://www.combien-coute.net/cigarette/thailande/pattaya/,detail
Paï,ville,Thaïlande,thailande,Marlboro,2017-11-21,3.11,120,฿ (THB),Bath,3.11,,,120,,,2017-11-21,2026,https://www.combien-coute.net/cigarette/thailande/pai/,https://www.combien-coute.net/cigarette/thailande/pai/,detail
Phetchabun,ville,Thaïlande,thailande,Marlboro,2026-04-29,1.97,75,฿ (THB),Bath,1.97,,,75,,,2026-04-29,2026,https://www.combien-coute.net/cigarette/thailande/phetchabun/,https://www.combien-coute.net/cigarette/thailande/phetchabun/,detail
Phitsanulok,ville,Thaïlande,thailande,Marlboro,2026-04-29,3.75,143,฿ (THB),Bath,3.75,3.15,3.94,143,120,150,2026-04-29,2026,https://www.combien-coute.net/cigarette/thailande/phitsanulok/,https://www.combien-coute.net/cigarette/thailande/phitsanulok/,detail
Phrae,ville,Thaïlande,thailande,Marlboro,2026-04-29,3.75,143,฿ (THB),Bath,3.75,3.15,3.94,143,120,150,2026-04-29,2026,https://www.combien-coute.net/cigarette/thailande/phrae/,https://www.combien-coute.net/cigarette/thailande/phrae/,detail
Phuket,ville,Thaïlande,thailande,Marlboro,2026-04-24,3.8,,฿ (THB),Bath,3.8,,,,,,2026-04-24,2026,https://www.combien-coute.net/cigarette/thailande/phuket/,https://www.combien-coute.net/cigarette/thailande/,liste_parent
Prachin Buri,ville,Thaïlande,thailande,Marlboro,2026-04-30,3.8,145,฿ (THB),Bath,3.8,3.01,4.18,145,115,159,2026-04-30,2026,https://www.combien-coute.net/cigarette/thailande/prachin-buri/,https://www.combien-coute.net/cigarette/thailande/prachin-buri/,detail
Ratchaburi,ville,Thaïlande,thailande,Marlboro,2026-04-29,3.83,146,฿ (THB),Bath,3.83,3.02,4.2,146,115,160,2026-04-29,2026,https://www.combien-coute.net/cigarette/thailande/ratchaburi/,https://www.combien-coute.net/cigarette/thailande/ratchaburi/,detail
Rayong,ville,Thaïlande,thailande,Marlboro,2026-04-29,3.94,150,฿ (THB),Bath,3.94,2.63,4.34,150,100,165,2026-04-29,2026,https://www.combien-coute.net/cigarette/thailande/rayong/,https://www.combien-coute.net/cigarette/thailande/rayong/,detail
Saraburi,ville,Thaïlande,thailande,Marlboro,2026-04-29,7.09,270,฿ (THB),Bath,7.09,,,270,,,2026-04-29,2026,https://www.combien-coute.net/cigarette/thailande/saraburi/,https://www.combien-coute.net/cigarette/thailande/saraburi/,detail
Si Racha,ville,Thaïlande,thailande,Marlboro,2026-04-28,3.84,146,฿ (THB),Bath,3.84,2.64,4.35,146,100,165,2026-04-28,2026,https://www.combien-coute.net/cigarette/thailande/si-racha/,https://www.combien-coute.net/cigarette/thailande/si-racha/,detail
Si Saket,ville,Thaïlande,thailande,Marlboro,2024-01-18,3.11,120,฿ (THB),Bath,3.11,1.87,3.76,120,72,145,2024-01-18,2026,https://www.combien-coute.net/cigarette/thailande/si-saket/,https://www.combien-coute.net/cigarette/thailande/si-saket/,detail
Surat Thani,ville,Thaïlande,thailande,Marlboro,2026-04-30,2.61,99,฿ (THB),Bath,2.61,2.09,3.92,99,80,149,2026-04-30,2026,https://www.combien-coute.net/cigarette/thailande/surat-thani/,https://www.combien-coute.net/cigarette/thailande/surat-thani/,detail
Surin,ville,Thaïlande,thailande,Marlboro,2026-04-30,3.92,149,฿ (THB),Bath,3.92,,,149,,,2026-04-30,2026,https://www.combien-coute.net/cigarette/thailande/surin/,https://www.combien-coute.net/cigarette/thailande/surin/,detail
Tak,ville,Thaïlande,thailande,Marlboro,2017-11-21,2.34,90,฿ (THB),Bath,2.34,,,90,,,2017-11-21,2026,https://www.combien-coute.net/cigarette/thailande/tak/,https://www.combien-coute.net/cigarette/thailande/tak/,detail
Trang,ville,Thaïlande,thailande,Marlboro,2026-04-29,3.83,146,฿ (THB),Bath,3.83,2.1,3.94,146,80,150,2026-04-29,2026,https://www.combien-coute.net/cigarette/thailande/trang/,https://www.combien-coute.net/cigarette/thailande/trang/,detail
Udon Thani,ville,Thaïlande,thailande,Marlboro,2026-04-14,3.78,142,฿ (THB),Bath,3.78,3.58,3.98,142,135,150,2026-04-14,2026,https://www.combien-coute.net/cigarette/thailande/udon-thani/,https://www.combien-coute.net/cigarette/thailande/udon-thani/,detail
Uttaradit,ville,Thaïlande,thailande,Marlboro,2017-11-21,2.46,95,฿ (THB),Bath,2.46,,,95,,,2017-11-21,2026,https://www.combien-coute.net/cigarette/thailande/uttaradit/,https://www.combien-coute.net/cigarette/thailande/uttaradit/,detail
Yala,ville,Thaïlande,thailande,Marlboro,2017-11-21,2.89,3,฿ (THB),Bath,2.89,2.54,3.24,3,3,3,2017-11-21,2026,https://www.combien-coute.net/cigarette/thailande/yala/,https://www.combien-coute.net/cigarette/thailande/yala/,detail
Baucau,ville,Timor Oriental,timor-oriental,Marlboro,2024-01-27,1.84,2,$ (USD),dollar américain,1.84,1.61,2.77,2,2,3,2024-01-27,2026,https://www.combien-coute.net/cigarette/timor-oriental/baucau/,https://www.combien-coute.net/cigarette/timor-oriental/baucau/,detail
Dili,ville,Timor Oriental,timor-oriental,Marlboro,2026-04-21,2.33,3,$ (USD),dollar américain,2.33,1.7,2.97,3,2,3,2026-04-21,2026,https://www.combien-coute.net/cigarette/timor-oriental/dili/,https://www.combien-coute.net/cigarette/timor-oriental/dili/,detail
Ermera,ville,Timor Oriental,timor-oriental,Marlboro,2024-01-27,1.84,2,$ (USD),dollar américain,1.84,1.61,2.77,2,2,3,2024-01-27,2026,https://www.combien-coute.net/cigarette/timor-oriental/ermera/,https://www.combien-coute.net/cigarette/timor-oriental/ermera/,detail
Suai,ville,Timor Oriental,timor-oriental,Marlboro,2024-01-27,1.84,2,$ (USD),dollar américain,1.84,1.61,2.77,2,2,3,2024-01-27,2026,https://www.combien-coute.net/cigarette/timor-oriental/suai/,https://www.combien-coute.net/cigarette/timor-oriental/suai/,detail
Viqueque,ville,Timor Oriental,timor-oriental,Marlboro,2024-01-27,1.84,2,$ (USD),dollar américain,1.84,1.61,2.77,2,2,3,2024-01-27,2026,https://www.combien-coute.net/cigarette/timor-oriental/viqueque/,https://www.combien-coute.net/cigarette/timor-oriental/viqueque/,detail
Lomé,ville,Togo,togo,Marlboro,2026-04-15,1.22,799,F CFA (XOF),Franc CFA-BCEAO,1.22,,,799,,,2026-04-15,2026,https://www.combien-coute.net/cigarette/togo/lome/,https://www.combien-coute.net/cigarette/togo/lome/,detail
Arima,ville,Trinité-et-Tobago,trinite-et-tobago,Marlboro,2026-04-13,4.05,32,$ (TTD),dollar trinidadien,4.05,4.05,5.69,32,32,45,2026-04-13,2026,https://www.combien-coute.net/cigarette/trinite-et-tobago/arima/,https://www.combien-coute.net/cigarette/trinite-et-tobago/arima/,detail
Chaguanas,ville,Trinité-et-Tobago,trinite-et-tobago,Marlboro,2026-04-13,2.84,23,$ (TTD),dollar trinidadien,2.84,2.53,5.69,23,20,45,2026-04-13,2026,https://www.combien-coute.net/cigarette/trinite-et-tobago/chaguanas/,https://www.combien-coute.net/cigarette/trinite-et-tobago/chaguanas/,detail
Port-d'Espagne,ville,Trinité-et-Tobago,trinite-et-tobago,Marlboro,2026-04-17,5,40,$ (TTD),dollar trinidadien,5,4.37,5.62,40,35,45,2026-04-17,2026,https://www.combien-coute.net/cigarette/trinite-et-tobago/port-d-espagne/,https://www.combien-coute.net/cigarette/trinite-et-tobago/port-d-espagne/,detail
Bizerte,ville,Tunisie,tunisie,Marlboro,2026-04-16,2.94,10,TND,Dinar tunisien,2.94,2.94,3.52,10,10,12,2026-04-16,2026,https://www.combien-coute.net/cigarette/tunisie/bizerte/,https://www.combien-coute.net/cigarette/tunisie/bizerte/,detail
Carthage,ville,Tunisie,tunisie,Marlboro,2017-11-21,2.03,6,TND,Dinar tunisien,2.03,,,6,,,2017-11-21,2026,https://www.combien-coute.net/cigarette/tunisie/carthage/,https://www.combien-coute.net/cigarette/tunisie/carthage/,detail
Djerba,ville,Tunisie,tunisie,Marlboro,2026-04-26,2.96,,TND,Dinar tunisien,2.96,,,,,,2026-04-26,2026,https://www.combien-coute.net/cigarette/tunisie/djerba/,https://www.combien-coute.net/cigarette/tunisie/,liste_parent
El Kef,ville,Tunisie,tunisie,Marlboro,2026-04-14,2.95,10,TND,Dinar tunisien,2.95,2.95,3.54,10,10,12,2026-04-14,2026,https://www.combien-coute.net/cigarette/tunisie/el-kef/,https://www.combien-coute.net/cigarette/tunisie/el-kef/,detail
Gafsa,ville,Tunisie,tunisie,Marlboro,2026-04-22,2.21,8,TND,Dinar tunisien,2.21,1.45,3.26,8,5,11,2026-04-22,2026,https://www.combien-coute.net/cigarette/tunisie/gafsa/,https://www.combien-coute.net/cigarette/tunisie/gafsa/,detail
Hammamet,ville,Tunisie,tunisie,Marlboro,2026-04-19,2.92,10,TND,Dinar tunisien,2.92,1.75,3.21,10,6,11,2026-04-19,2026,https://www.combien-coute.net/cigarette/tunisie/hammamet/,https://www.combien-coute.net/cigarette/tunisie/hammamet/,detail
Kairouan,ville,Tunisie,tunisie,Marlboro,2026-04-29,2.95,10,TND,Dinar tunisien,2.95,2.95,3.25,10,10,11,2026-04-29,2026,https://www.combien-coute.net/cigarette/tunisie/kairouan/,https://www.combien-coute.net/cigarette/tunisie/kairouan/,detail
Kasserine,ville,Tunisie,tunisie,Marlboro,2026-04-29,3.1,11,TND,Dinar tunisien,3.1,2.95,3.25,11,10,11,2026-04-29,2026,https://www.combien-coute.net/cigarette/tunisie/kasserine/,https://www.combien-coute.net/cigarette/tunisie/kasserine/,detail
Kelibia,ville,Tunisie,tunisie,Marlboro,2026-04-29,2.95,10,TND,Dinar tunisien,2.95,2.36,3.54,10,8,12,2026-04-29,2026,https://www.combien-coute.net/cigarette/tunisie/kelibia/,https://www.combien-coute.net/cigarette/tunisie/kelibia/,detail
Mahdia,ville,Tunisie,tunisie,Marlboro,2026-04-29,2.95,10,TND,Dinar tunisien,2.95,1.77,4.43,10,6,15,2026-04-29,2026,https://www.combien-coute.net/cigarette/tunisie/mahdia/,https://www.combien-coute.net/cigarette/tunisie/mahdia/,detail
Menzel Temime,ville,Tunisie,tunisie,Marlboro,2025-11-23,3.08,10,TND,Dinar tunisien,3.08,2.94,3.52,10,10,12,2025-11-23,2026,https://www.combien-coute.net/cigarette/tunisie/menzel-temime/,https://www.combien-coute.net/cigarette/tunisie/menzel-temime/,detail
Monastir,ville,Tunisie,tunisie,Marlboro,2026-04-22,3.11,11,TND,Dinar tunisien,3.11,2.96,3.26,11,10,11,2026-04-22,2026,https://www.combien-coute.net/cigarette/tunisie/monastir/,https://www.combien-coute.net/cigarette/tunisie/monastir/,detail
Sfax,ville,Tunisie,tunisie,Marlboro,2026-04-14,3.1,11,TND,Dinar tunisien,3.1,2.95,3.54,11,10,12,2026-04-14,2026,https://www.combien-coute.net/cigarette/tunisie/sfax/,https://www.combien-coute.net/cigarette/tunisie/sfax/,detail
Sousse,ville,Tunisie,tunisie,Marlboro,2026-04-13,3.25,11,TND,Dinar tunisien,3.25,2.95,3.55,11,10,12,2026-04-13,2026,https://www.combien-coute.net/cigarette/tunisie/sousse/,https://www.combien-coute.net/cigarette/tunisie/sousse/,detail
Tabarka,ville,Tunisie,tunisie,Marlboro,2026-04-22,3.26,11,TND,Dinar tunisien,3.26,2.96,3.56,11,10,12,2026-04-22,2026,https://www.combien-coute.net/cigarette/tunisie/tabarka/,https://www.combien-coute.net/cigarette/tunisie/tabarka/,detail
Tozeur,ville,Tunisie,tunisie,Marlboro,2026-05-01,3.21,11,TND,Dinar tunisien,3.21,,,11,,,2026-05-01,2026,https://www.combien-coute.net/cigarette/tunisie/tozeur/,https://www.combien-coute.net/cigarette/tunisie/tozeur/,detail
Tunis,ville,Tunisie,tunisie,Marlboro,2026-04-16,3.08,11,TND,Dinar tunisien,3.08,2.94,3.23,11,10,11,2026-04-16,2026,https://www.combien-coute.net/cigarette/tunisie/tunis/,https://www.combien-coute.net/cigarette/tunisie/tunis/,detail
Achgabat,ville,Turkménistan,turkmenistan,Marlboro,2026-04-22,21.87,90,TMT,Manat du Turkménistan,21.87,19.44,24.3,90,80,100,2026-04-22,2026,https://www.combien-coute.net/cigarette/turkmenistan/achgabat/,https://www.combien-coute.net/cigarette/turkmenistan/achgabat/,detail
Adana,ville,Turquie,turquie,Marlboro,2026-04-30,1.75,92,£ (TRY),Livre turque,1.75,1.71,1.9,92,90,100,2026-04-30,2026,https://www.combien-coute.net/cigarette/turquie/adana/,https://www.combien-coute.net/cigarette/turquie/adana/,detail
Aksaray,ville,Turquie,turquie,Marlboro,2025-11-24,1.84,90,£ (TRY),Livre turque,1.84,1.74,2.05,90,85,100,2025-11-24,2026,https://www.combien-coute.net/cigarette/turquie/aksaray/,https://www.combien-coute.net/cigarette/turquie/aksaray/,detail
Alanya,ville,Turquie,turquie,Marlboro,2026-04-27,1.71,90,£ (TRY),Livre turque,1.71,1.65,1.95,90,87,103,2026-04-27,2026,https://www.combien-coute.net/cigarette/turquie/alanya/,https://www.combien-coute.net/cigarette/turquie/alanya/,detail
Ankara,ville,Turquie,turquie,Marlboro,2025-11-24,1.84,90,£ (TRY),Livre turque,1.84,1.74,2.25,90,85,110,2025-11-24,2026,https://www.combien-coute.net/cigarette/turquie/ankara/,https://www.combien-coute.net/cigarette/turquie/ankara/,detail
Antalya,ville,Turquie,turquie,Marlboro,2026-04-22,1.85,98,£ (TRY),Livre turque,1.85,1.52,2.47,98,80,131,2026-04-22,2026,https://www.combien-coute.net/cigarette/turquie/antalya/,https://www.combien-coute.net/cigarette/turquie/antalya/,detail
Artvin,ville,Turquie,turquie,Marlboro,2024-06-30,1.85,65,£ (TRY),Livre turque,1.85,1.85,1.85,65,65,65,2024-06-30,2026,https://www.combien-coute.net/cigarette/turquie/artvin/,https://www.combien-coute.net/cigarette/turquie/artvin/,detail
Batman,ville,Turquie,turquie,Marlboro,2024-10-23,1.48,55,£ (TRY),Livre turque,1.48,,,55,,,2024-10-23,2026,https://www.combien-coute.net/cigarette/turquie/batman/,https://www.combien-coute.net/cigarette/turquie/batman/,detail
Bodrum,ville,Turquie,turquie,Marlboro,2026-04-14,1.71,89,£ (TRY),Livre turque,1.71,1.6,2.09,89,84,109,2026-04-14,2026,https://www.combien-coute.net/cigarette/turquie/bodrum/,https://www.combien-coute.net/cigarette/turquie/bodrum/,detail
Bursa,ville,Turquie,turquie,Marlboro,2026-04-27,1.9,100,£ (TRY),Livre turque,1.9,1.61,1.99,100,85,105,2026-04-27,2026,https://www.combien-coute.net/cigarette/turquie/bursa/,https://www.combien-coute.net/cigarette/turquie/bursa/,detail
Denizli,ville,Turquie,turquie,Marlboro,2025-11-23,1.84,90,£ (TRY),Livre turque,1.84,1.84,2.46,90,90,120,2025-11-23,2026,https://www.combien-coute.net/cigarette/turquie/denizli/,https://www.combien-coute.net/cigarette/turquie/denizli/,detail
Didim,ville,Turquie,turquie,Marlboro,2025-01-10,1.84,67,£ (TRY),Livre turque,1.84,,,67,,,2025-01-10,2026,https://www.combien-coute.net/cigarette/turquie/didim/,https://www.combien-coute.net/cigarette/turquie/didim/,detail
Erzincan,ville,Turquie,turquie,Marlboro,2017-11-21,2.38,11,£ (TRY),Livre turque,2.38,2.38,2.38,11,11,11,2017-11-21,2026,https://www.combien-coute.net/cigarette/turquie/erzincan/,https://www.combien-coute.net/cigarette/turquie/erzincan/,detail
Erzurum,ville,Turquie,turquie,Marlboro,2024-06-09,1.86,65,£ (TRY),Livre turque,1.86,1.86,1.86,65,65,65,2024-06-09,2026,https://www.combien-coute.net/cigarette/turquie/erzurum/,https://www.combien-coute.net/cigarette/turquie/erzurum/,detail
Gaziantep,ville,Turquie,turquie,Marlboro,2026-04-13,1.73,91,£ (TRY),Livre turque,1.73,1.63,1.92,91,85,101,2026-04-13,2026,https://www.combien-coute.net/cigarette/turquie/gaziantep/,https://www.combien-coute.net/cigarette/turquie/gaziantep/,detail
Gebze,ville,Turquie,turquie,Marlboro,2025-11-24,1.74,85,£ (TRY),Livre turque,1.74,1.74,2.05,85,85,100,2025-11-24,2026,https://www.combien-coute.net/cigarette/turquie/gebze/,https://www.combien-coute.net/cigarette/turquie/gebze/,detail
Giresun,ville,Turquie,turquie,Marlboro,2026-04-30,1.71,90,£ (TRY),Livre turque,1.71,1.61,1.9,90,85,100,2026-04-30,2026,https://www.combien-coute.net/cigarette/turquie/giresun/,https://www.combien-coute.net/cigarette/turquie/giresun/,detail
Isparta,ville,Turquie,turquie,Marlboro,2026-05-01,1.6,84,£ (TRY),Livre turque,1.6,1.6,1.95,84,84,103,2026-05-01,2026,https://www.combien-coute.net/cigarette/turquie/isparta/,https://www.combien-coute.net/cigarette/turquie/isparta/,detail
Istanbul,ville,Turquie,turquie,Marlboro,2025-11-24,1.84,90,£ (TRY),Livre turque,1.84,1.74,2.05,90,85,100,2025-11-24,2026,https://www.combien-coute.net/cigarette/turquie/istanbul/,https://www.combien-coute.net/cigarette/turquie/istanbul/,detail
Izmir,ville,Turquie,turquie,Marlboro,2026-04-22,1.9,100,£ (TRY),Livre turque,1.9,1.71,2.09,100,90,110,2026-04-22,2026,https://www.combien-coute.net/cigarette/turquie/izmir/,https://www.combien-coute.net/cigarette/turquie/izmir/,detail
Karabuk,ville,Turquie,turquie,Marlboro,2025-11-24,1.74,85,£ (TRY),Livre turque,1.74,1.62,2.86,85,79,139,2025-11-24,2026,https://www.combien-coute.net/cigarette/turquie/karabuk/,https://www.combien-coute.net/cigarette/turquie/karabuk/,detail
Karaman,ville,Turquie,turquie,Marlboro,2026-04-30,1.71,90,£ (TRY),Livre turque,1.71,1.65,2.09,90,87,110,2026-04-30,2026,https://www.combien-coute.net/cigarette/turquie/karaman/,https://www.combien-coute.net/cigarette/turquie/karaman/,detail
Kastamonu,ville,Turquie,turquie,Marlboro,2017-11-21,2.6,12,£ (TRY),Livre turque,2.6,,,12,,,2017-11-21,2026,https://www.combien-coute.net/cigarette/turquie/kastamonu/,https://www.combien-coute.net/cigarette/turquie/kastamonu/,detail
Kayseri,ville,Turquie,turquie,Marlboro,2026-04-30,1.71,90,£ (TRY),Livre turque,1.71,1.61,1.9,90,85,100,2026-04-30,2026,https://www.combien-coute.net/cigarette/turquie/kayseri/,https://www.combien-coute.net/cigarette/turquie/kayseri/,detail
Konya,ville,Turquie,turquie,Marlboro,2025-11-24,1.87,91,£ (TRY),Livre turque,1.87,1.64,2.66,91,80,130,2025-11-24,2026,https://www.combien-coute.net/cigarette/turquie/konya/,https://www.combien-coute.net/cigarette/turquie/konya/,detail
Malatya,ville,Turquie,turquie,Marlboro,2026-04-27,1.71,90,£ (TRY),Livre turque,1.71,1.61,1.8,90,85,95,2026-04-27,2026,https://www.combien-coute.net/cigarette/turquie/malatya/,https://www.combien-coute.net/cigarette/turquie/malatya/,detail
Manavgat,ville,Turquie,turquie,Marlboro,2026-04-28,1.7,90,£ (TRY),Livre turque,1.7,1.7,2.08,90,90,110,2026-04-28,2026,https://www.combien-coute.net/cigarette/turquie/manavgat/,https://www.combien-coute.net/cigarette/turquie/manavgat/,detail
Mardin,ville,Turquie,turquie,Marlboro,2026-04-27,1.8,95,£ (TRY),Livre turque,1.8,1.61,1.99,95,85,105,2026-04-27,2026,https://www.combien-coute.net/cigarette/turquie/mardin/,https://www.combien-coute.net/cigarette/turquie/mardin/,detail
Marmaris,ville,Turquie,turquie,Marlboro,2026-04-27,1.71,90,£ (TRY),Livre turque,1.71,1.71,2.09,90,90,110,2026-04-27,2026,https://www.combien-coute.net/cigarette/turquie/marmaris/,https://www.combien-coute.net/cigarette/turquie/marmaris/,detail
Ordu,ville,Turquie,turquie,Marlboro,2026-04-30,1.9,100,£ (TRY),Livre turque,1.9,1.52,2.28,100,80,120,2026-04-30,2026,https://www.combien-coute.net/cigarette/turquie/ordu/,https://www.combien-coute.net/cigarette/turquie/ordu/,detail
Rize,ville,Turquie,turquie,Marlboro,2024-06-30,1.85,65,£ (TRY),Livre turque,1.85,1.85,1.85,65,65,65,2024-06-30,2026,https://www.combien-coute.net/cigarette/turquie/rize/,https://www.combien-coute.net/cigarette/turquie/rize/,detail
Samsun,ville,Turquie,turquie,Marlboro,2026-04-30,1.9,100,£ (TRY),Livre turque,1.9,1.61,1.9,100,85,100,2026-04-30,2026,https://www.combien-coute.net/cigarette/turquie/samsun/,https://www.combien-coute.net/cigarette/turquie/samsun/,detail
Sidé,ville,Turquie,turquie,Marlboro,2026-04-22,1.71,90,£ (TRY),Livre turque,1.71,1.71,2.09,90,90,110,2026-04-22,2026,https://www.combien-coute.net/cigarette/turquie/side/,https://www.combien-coute.net/cigarette/turquie/side/,detail
Siirt,ville,Turquie,turquie,Marlboro,2024-03-30,1.66,58,£ (TRY),Livre turque,1.66,1.66,1.66,58,58,58,2024-03-30,2026,https://www.combien-coute.net/cigarette/turquie/siirt/,https://www.combien-coute.net/cigarette/turquie/siirt/,detail
Sivas,ville,Turquie,turquie,Marlboro,2026-04-29,1.52,80,£ (TRY),Livre turque,1.52,1.52,1.89,80,80,100,2026-04-29,2026,https://www.combien-coute.net/cigarette/turquie/sivas/,https://www.combien-coute.net/cigarette/turquie/sivas/,detail
Trabzon,ville,Turquie,turquie,Marlboro,2026-04-22,1.7,90,£ (TRY),Livre turque,1.7,1.61,1.9,90,85,100,2026-04-22,2026,https://www.combien-coute.net/cigarette/turquie/trabzon/,https://www.combien-coute.net/cigarette/turquie/trabzon/,detail
Van,ville,Turquie,turquie,Marlboro,2026-04-22,1.71,90,£ (TRY),Livre turque,1.71,1.52,1.9,90,80,100,2026-04-22,2026,https://www.combien-coute.net/cigarette/turquie/van/,https://www.combien-coute.net/cigarette/turquie/van/,detail
Zonguldak,ville,Turquie,turquie,Marlboro,2026-04-30,1.68,89,£ (TRY),Livre turque,1.68,1.46,2.09,89,77,110,2026-04-30,2026,https://www.combien-coute.net/cigarette/turquie/zonguldak/,https://www.combien-coute.net/cigarette/turquie/zonguldak/,detail
Édirne,ville,Turquie,turquie,Marlboro,2025-11-24,1.74,85,£ (TRY),Livre turque,1.74,1.53,3,85,75,146,2025-11-24,2026,https://www.combien-coute.net/cigarette/turquie/edirne/,https://www.combien-coute.net/cigarette/turquie/edirne/,detail
Éphèse,ville,Turquie,turquie,Marlboro,2024-09-09,2.39,90,£ (TRY),Livre turque,2.39,2.12,2.39,90,80,90,2024-09-09,2026,https://www.combien-coute.net/cigarette/turquie/ephese/,https://www.combien-coute.net/cigarette/turquie/ephese/,detail
Bila Tserkva,ville,Ukraine,ukraine,Marlboro,2025-11-24,2.05,100,₴ (UAH),Hryvnia,2.05,2.05,2.47,100,100,120,2025-11-24,2026,https://www.combien-coute.net/cigarette/ukraine/bila-tserkva/,https://www.combien-coute.net/cigarette/ukraine/bila-tserkva/,detail
Chernivtsi,ville,Ukraine,ukraine,Marlboro,2026-04-22,2.32,121,₴ (UAH),Hryvnia,2.32,1.93,2.9,121,100,151,2026-04-22,2026,https://www.combien-coute.net/cigarette/ukraine/chernivtsi/,https://www.combien-coute.net/cigarette/ukraine/chernivtsi/,detail
Donetsk,ville,Ukraine,ukraine,Marlboro,2026-04-26,2.33,120,₴ (UAH),Hryvnia,2.33,1.94,3.41,120,100,176,2026-04-26,2026,https://www.combien-coute.net/cigarette/ukraine/donetsk/,https://www.combien-coute.net/cigarette/ukraine/donetsk/,detail
Drohobych,ville,Ukraine,ukraine,Marlboro,2026-04-21,2.35,122,₴ (UAH),Hryvnia,2.35,2.11,3.27,122,110,170,2026-04-21,2026,https://www.combien-coute.net/cigarette/ukraine/drohobych/,https://www.combien-coute.net/cigarette/ukraine/drohobych/,detail
Horlivka,ville,Ukraine,ukraine,Marlboro,2026-04-21,2.31,120,₴ (UAH),Hryvnia,2.31,1.83,2.54,120,95,132,2026-04-21,2026,https://www.combien-coute.net/cigarette/ukraine/horlivka/,https://www.combien-coute.net/cigarette/ukraine/horlivka/,detail
Jytomyr,ville,Ukraine,ukraine,Marlboro,2025-11-24,2.77,135,₴ (UAH),Hryvnia,2.77,2.05,3.29,135,100,160,2025-11-24,2026,https://www.combien-coute.net/cigarette/ukraine/jytomyr/,https://www.combien-coute.net/cigarette/ukraine/jytomyr/,detail
Kharkiv,ville,Ukraine,ukraine,Marlboro,2026-04-26,2.33,120,₴ (UAH),Hryvnia,2.33,1.94,2.42,120,100,125,2026-04-26,2026,https://www.combien-coute.net/cigarette/ukraine/kharkiv/,https://www.combien-coute.net/cigarette/ukraine/kharkiv/,detail
Kherson,ville,Ukraine,ukraine,Marlboro,2026-04-24,2.34,121,₴ (UAH),Hryvnia,2.34,2.24,3.9,121,115,201,2026-04-24,2026,https://www.combien-coute.net/cigarette/ukraine/kherson/,https://www.combien-coute.net/cigarette/ukraine/kherson/,detail
Konotop,ville,Ukraine,ukraine,Marlboro,2026-04-21,2.31,120,₴ (UAH),Hryvnia,2.31,1.92,2.4,120,100,125,2026-04-21,2026,https://www.combien-coute.net/cigarette/ukraine/konotop/,https://www.combien-coute.net/cigarette/ukraine/konotop/,detail
Krementchouk,ville,Ukraine,ukraine,Marlboro,2026-04-20,2.31,120,₴ (UAH),Hryvnia,2.31,2.12,2.89,120,110,150,2026-04-20,2026,https://www.combien-coute.net/cigarette/ukraine/krementchouk/,https://www.combien-coute.net/cigarette/ukraine/krementchouk/,detail
Kyiv (Kiev),ville,Ukraine,ukraine,Marlboro,2025-11-25,2.55,124,₴ (UAH),Hryvnia,2.55,2.45,3.06,124,119,149,2025-11-25,2026,https://www.combien-coute.net/cigarette/ukraine/kiev/,https://www.combien-coute.net/cigarette/ukraine/kiev/,detail
Loubny,ville,Ukraine,ukraine,Marlboro,2026-04-18,2.33,120,₴ (UAH),Hryvnia,2.33,1.94,2.43,120,100,125,2026-04-18,2026,https://www.combien-coute.net/cigarette/ukraine/loubny/,https://www.combien-coute.net/cigarette/ukraine/loubny/,detail
Lviv,ville,Ukraine,ukraine,Marlboro,2026-04-26,2.37,122,₴ (UAH),Hryvnia,2.37,2.13,2.91,122,110,150,2026-04-26,2026,https://www.combien-coute.net/cigarette/ukraine/lviv/,https://www.combien-coute.net/cigarette/ukraine/lviv/,detail
Marioupol,ville,Ukraine,ukraine,Marlboro,2026-04-21,2.4,125,₴ (UAH),Hryvnia,2.4,2.21,3.84,125,115,200,2026-04-21,2026,https://www.combien-coute.net/cigarette/ukraine/marioupol/,https://www.combien-coute.net/cigarette/ukraine/marioupol/,detail
Nikopol',ville,Ukraine,ukraine,Marlboro,2026-05-01,2.33,120,₴ (UAH),Hryvnia,2.33,1.94,2.42,120,100,125,2026-05-01,2026,https://www.combien-coute.net/cigarette/ukraine/nikopol/,https://www.combien-coute.net/cigarette/ukraine/nikopol/,detail
Odessa,ville,Ukraine,ukraine,Marlboro,2026-04-22,2.46,128,₴ (UAH),Hryvnia,2.46,2.22,2.7,128,115,140,2026-04-22,2026,https://www.combien-coute.net/cigarette/ukraine/odessa/,https://www.combien-coute.net/cigarette/ukraine/odessa/,detail
Oleksandriya,ville,Ukraine,ukraine,Marlboro,2024-01-22,2.07,85,₴ (UAH),Hryvnia,2.07,1.7,2.31,85,70,95,2024-01-22,2026,https://www.combien-coute.net/cigarette/ukraine/oleksandriya/,https://www.combien-coute.net/cigarette/ukraine/oleksandriya/,detail
Oujhorod,ville,Ukraine,ukraine,Marlboro,2025-11-24,2.26,110,₴ (UAH),Hryvnia,2.26,2.05,3.49,110,100,170,2025-11-24,2026,https://www.combien-coute.net/cigarette/ukraine/oujhorod/,https://www.combien-coute.net/cigarette/ukraine/oujhorod/,detail
Poltava,ville,Ukraine,ukraine,Marlboro,2026-04-20,2.8,145,₴ (UAH),Hryvnia,2.8,2.31,3.37,145,120,175,2026-04-20,2026,https://www.combien-coute.net/cigarette/ukraine/poltava/,https://www.combien-coute.net/cigarette/ukraine/poltava/,detail
Shepetivka,ville,Ukraine,ukraine,Marlboro,2026-04-17,2.33,119,₴ (UAH),Hryvnia,2.33,2.23,2.33,119,114,119,2026-04-17,2026,https://www.combien-coute.net/cigarette/ukraine/shepetivka/,https://www.combien-coute.net/cigarette/ukraine/shepetivka/,detail
Simferopol,ville,Ukraine,ukraine,Marlboro,2026-04-23,2.16,112,₴ (UAH),Hryvnia,2.16,2.05,2.72,112,106,141,2026-04-23,2026,https://www.combien-coute.net/cigarette/ukraine/simferopol/,https://www.combien-coute.net/cigarette/ukraine/simferopol/,detail
Soumy,ville,Ukraine,ukraine,Marlboro,2026-04-22,2.46,128,₴ (UAH),Hryvnia,2.46,2.32,3.09,128,121,161,2026-04-22,2026,https://www.combien-coute.net/cigarette/ukraine/soumy/,https://www.combien-coute.net/cigarette/ukraine/soumy/,detail
Tcherkassy,ville,Ukraine,ukraine,Marlboro,2026-04-22,2.32,121,₴ (UAH),Hryvnia,2.32,1.93,2.99,121,100,155,2026-04-22,2026,https://www.combien-coute.net/cigarette/ukraine/tcherkassy/,https://www.combien-coute.net/cigarette/ukraine/tcherkassy/,detail
Tchernihiv,ville,Ukraine,ukraine,Marlboro,2026-04-21,2.21,115,₴ (UAH),Hryvnia,2.21,2.11,3.07,115,110,160,2026-04-21,2026,https://www.combien-coute.net/cigarette/ukraine/tchernihiv/,https://www.combien-coute.net/cigarette/ukraine/tchernihiv/,detail
Uman',ville,Ukraine,ukraine,Marlboro,2026-04-22,2.32,121,₴ (UAH),Hryvnia,2.32,2.12,2.9,121,110,151,2026-04-22,2026,https://www.combien-coute.net/cigarette/ukraine/uman/,https://www.combien-coute.net/cigarette/ukraine/uman/,detail
Vinnytsya,ville,Ukraine,ukraine,Marlboro,2025-11-24,2.05,100,₴ (UAH),Hryvnia,2.05,1.81,2.88,100,88,140,2025-11-24,2026,https://www.combien-coute.net/cigarette/ukraine/vinnytsya/,https://www.combien-coute.net/cigarette/ukraine/vinnytsya/,detail
Yuzhne,ville,Ukraine,ukraine,Marlboro,2026-04-22,2.32,121,₴ (UAH),Hryvnia,2.32,2.12,2.9,121,110,151,2026-04-22,2026,https://www.combien-coute.net/cigarette/ukraine/yuzhne/,https://www.combien-coute.net/cigarette/ukraine/yuzhne/,detail
Atlantida,ville,Uruguay,uruguay,Marlboro,2026-04-22,4.18,196,UYU,Nouveau Peso uruguayen,4.18,4.08,4.29,196,191,201,2026-04-22,2026,https://www.combien-coute.net/cigarette/uruguay/atlantida/,https://www.combien-coute.net/cigarette/uruguay/atlantida/,detail
Canelones,ville,Uruguay,uruguay,Marlboro,2026-04-22,4.72,221,UYU,Nouveau Peso uruguayen,4.72,4.5,8.53,221,211,399,2026-04-22,2026,https://www.combien-coute.net/cigarette/uruguay/canelones/,https://www.combien-coute.net/cigarette/uruguay/canelones/,detail
Carmelo,ville,Uruguay,uruguay,Marlboro,2026-04-26,4.75,221,UYU,Nouveau Peso uruguayen,4.75,4.53,8.58,221,210,398,2026-04-26,2026,https://www.combien-coute.net/cigarette/uruguay/carmelo/,https://www.combien-coute.net/cigarette/uruguay/carmelo/,detail
Fray Bentos,ville,Uruguay,uruguay,Marlboro,2026-04-21,4.7,221,UYU,Nouveau Peso uruguayen,4.7,4.48,8.51,221,210,400,2026-04-21,2026,https://www.combien-coute.net/cigarette/uruguay/fray-bentos/,https://www.combien-coute.net/cigarette/uruguay/fray-bentos/,detail
Las Piedras,ville,Uruguay,uruguay,Marlboro,2026-04-22,4.72,221,UYU,Nouveau Peso uruguayen,4.72,4.5,8.53,221,211,399,2026-04-22,2026,https://www.combien-coute.net/cigarette/uruguay/las-piedras/,https://www.combien-coute.net/cigarette/uruguay/las-piedras/,detail
Melo,ville,Uruguay,uruguay,Marlboro,2024-01-23,4.89,210,UYU,Nouveau Peso uruguayen,4.89,4.89,4.89,210,210,210,2024-01-23,2026,https://www.combien-coute.net/cigarette/uruguay/melo/,https://www.combien-coute.net/cigarette/uruguay/melo/,detail
Mercedes,ville,Uruguay,uruguay,Marlboro,2026-04-21,4.27,201,UYU,Nouveau Peso uruguayen,4.27,4.27,8.51,201,201,400,2026-04-21,2026,https://www.combien-coute.net/cigarette/uruguay/mercedes/,https://www.combien-coute.net/cigarette/uruguay/mercedes/,detail
Minas,ville,Uruguay,uruguay,Marlboro,2026-04-21,4.7,221,UYU,Nouveau Peso uruguayen,4.7,4.48,8.48,221,210,398,2026-04-21,2026,https://www.combien-coute.net/cigarette/uruguay/minas/,https://www.combien-coute.net/cigarette/uruguay/minas/,detail
Montevideo,ville,Uruguay,uruguay,Marlboro,2026-04-18,4.68,220,UYU,Nouveau Peso uruguayen,4.68,4.47,8.49,220,210,399,2026-04-18,2026,https://www.combien-coute.net/cigarette/uruguay/montevideo/,https://www.combien-coute.net/cigarette/uruguay/montevideo/,detail
Punta del Este,ville,Uruguay,uruguay,Marlboro,2026-04-22,4.72,221,UYU,Nouveau Peso uruguayen,4.72,4.5,8.53,221,211,399,2026-04-22,2026,https://www.combien-coute.net/cigarette/uruguay/punta-del-este/,https://www.combien-coute.net/cigarette/uruguay/punta-del-este/,detail
Rocha,ville,Uruguay,uruguay,Marlboro,2026-04-22,4.72,221,UYU,Nouveau Peso uruguayen,4.72,4.5,8.53,221,211,399,2026-04-22,2026,https://www.combien-coute.net/cigarette/uruguay/rocha/,https://www.combien-coute.net/cigarette/uruguay/rocha/,detail
San Carlos,ville,Uruguay,uruguay,Marlboro,2026-04-23,4.75,222,UYU,Nouveau Peso uruguayen,4.75,4.53,8.54,222,212,399,2026-04-23,2026,https://www.combien-coute.net/cigarette/uruguay/san-carlos/,https://www.combien-coute.net/cigarette/uruguay/san-carlos/,detail
Port-Vila,ville,Vanuatu,vanuatu,Marlboro,2026-04-22,8.2,1140,VUV,Vatu,8.2,7.35,15.69,1140,1022,2181,2026-04-22,2026,https://www.combien-coute.net/cigarette/vanuatu/port-vila/,https://www.combien-coute.net/cigarette/vanuatu/port-vila/,detail
Acarigua,ville,Venezuela,venezuela,Marlboro,2026-04-25,4.27,2407,VES,Bolivar,4.27,3.55,4.27,2407,2001,2407,2026-04-25,2026,https://www.combien-coute.net/cigarette/venezuela/acarigua/,https://www.combien-coute.net/cigarette/venezuela/acarigua/,detail
Barinas,ville,Venezuela,venezuela,Marlboro,2024-01-24,3.4,4,VES,Bolivar,3.4,3.4,3.4,4,4,4,2024-01-24,2026,https://www.combien-coute.net/cigarette/venezuela/barinas/,https://www.combien-coute.net/cigarette/venezuela/barinas/,detail
Barquisimeto,ville,Venezuela,venezuela,Marlboro,2026-04-23,2.56,1447,VES,Bolivar,2.56,1.71,5.12,1447,967,2894,2026-04-23,2026,https://www.combien-coute.net/cigarette/venezuela/barquisimeto/,https://www.combien-coute.net/cigarette/venezuela/barquisimeto/,detail
Cabimas,ville,Venezuela,venezuela,Marlboro,2017-11-21,0.85,1,VES,Bolivar,0.85,0.85,0.85,1,1,1,2017-11-21,2026,https://www.combien-coute.net/cigarette/venezuela/cabimas/,https://www.combien-coute.net/cigarette/venezuela/cabimas/,detail
Caracas,ville,Venezuela,venezuela,Marlboro,2026-04-17,4.24,2392,VES,Bolivar,4.24,3.53,4.24,2392,1992,2392,2026-04-17,2026,https://www.combien-coute.net/cigarette/venezuela/caracas/,https://www.combien-coute.net/cigarette/venezuela/caracas/,detail
Coro,ville,Venezuela,venezuela,Marlboro,2017-11-21,0.85,1,VES,Bolivar,0.85,0.43,1.7,1,1,2,2017-11-21,2026,https://www.combien-coute.net/cigarette/venezuela/coro/,https://www.combien-coute.net/cigarette/venezuela/coro/,detail
El Tigre,ville,Venezuela,venezuela,Marlboro,2017-11-21,1.58,2,VES,Bolivar,1.58,1.45,1.7,2,2,2,2017-11-21,2026,https://www.combien-coute.net/cigarette/venezuela/el-tigre/,https://www.combien-coute.net/cigarette/venezuela/el-tigre/,detail
Maracaibo,ville,Venezuela,venezuela,Marlboro,2026-04-25,2.99,1686,VES,Bolivar,2.99,1.88,4.27,1686,1060,2407,2026-04-25,2026,https://www.combien-coute.net/cigarette/venezuela/maracaibo/,https://www.combien-coute.net/cigarette/venezuela/maracaibo/,detail
Maracay,ville,Venezuela,venezuela,Marlboro,2026-04-26,2.13,1206,VES,Bolivar,2.13,2.13,4.27,1206,1206,2419,2026-04-26,2026,https://www.combien-coute.net/cigarette/venezuela/maracay/,https://www.combien-coute.net/cigarette/venezuela/maracay/,detail
Mérida (Santiago de los Caballeros de Mérida),ville,Venezuela,venezuela,Marlboro,2017-11-21,2.11,47,VES,Bolivar,2.11,2.02,2.15,47,45,48,2017-11-21,2026,https://www.combien-coute.net/cigarette/venezuela/merida/,https://www.combien-coute.net/cigarette/venezuela/merida/,detail
Puerto Cabello,ville,Venezuela,venezuela,Marlboro,2026-04-22,4.26,2411,VES,Bolivar,4.26,3.54,4.26,2411,2003,2411,2026-04-22,2026,https://www.combien-coute.net/cigarette/venezuela/puerto-cabello/,https://www.combien-coute.net/cigarette/venezuela/puerto-cabello/,detail
Puerto La Cruz,ville,Venezuela,venezuela,Marlboro,2026-04-22,3.41,1930,VES,Bolivar,3.41,3.41,4.26,1930,1930,2411,2026-04-22,2026,https://www.combien-coute.net/cigarette/venezuela/puerto-la-cruz/,https://www.combien-coute.net/cigarette/venezuela/puerto-la-cruz/,detail
Valencia,ville,Venezuela,venezuela,Marlboro,2017-11-21,5,5,VES,Bolivar,5,4.6,5,5,5,5,2017-11-21,2026,https://www.combien-coute.net/cigarette/venezuela/valencia/,https://www.combien-coute.net/cigarette/venezuela/valencia/,detail
Buon Ma Thuot,ville,Vietnam,vietnam,Marlboro,2026-04-18,1.29,40001,VND,Dong,1.29,1.29,1.45,40001,40001,44962,2026-04-18,2026,https://www.combien-coute.net/cigarette/vietnam/buon-ma-thuot/,https://www.combien-coute.net/cigarette/vietnam/buon-ma-thuot/,detail
Can Tho,ville,Vietnam,vietnam,Marlboro,2026-04-22,1.13,35025,VND,Dong,1.13,0.84,1.29,35025,26036,39984,2026-04-22,2026,https://www.combien-coute.net/cigarette/vietnam/can-tho/,https://www.combien-coute.net/cigarette/vietnam/can-tho/,detail
Da Nang,ville,Vietnam,vietnam,Marlboro,2026-04-27,1.3,40172,VND,Dong,1.3,1.13,1.62,40172,34918,50060,2026-04-27,2026,https://www.combien-coute.net/cigarette/vietnam/da-nang/,https://www.combien-coute.net/cigarette/vietnam/da-nang/,detail
Dong Ha,ville,Vietnam,vietnam,Marlboro,2026-04-23,1.3,40203,VND,Dong,1.3,1.14,1.62,40203,35255,50099,2026-04-23,2026,https://www.combien-coute.net/cigarette/vietnam/dong-ha/,https://www.combien-coute.net/cigarette/vietnam/dong-ha/,detail
Hanoï,ville,Vietnam,vietnam,Marlboro,2026-04-30,1.18,36374,VND,Dong,1.18,0.97,1.62,36374,29900,49937,2026-04-30,2026,https://www.combien-coute.net/cigarette/vietnam/hanoi/,https://www.combien-coute.net/cigarette/vietnam/hanoi/,detail
Ho Chi Minh Ville,ville,Vietnam,vietnam,Marlboro,2026-04-15,1.13,35109,VND,Dong,1.13,0.84,1.29,35109,26099,40080,2026-04-15,2026,https://www.combien-coute.net/cigarette/vietnam/ho-chi-minh-ville/,https://www.combien-coute.net/cigarette/vietnam/ho-chi-minh-ville/,detail
Hoi An,ville,Vietnam,vietnam,Marlboro,2026-04-19,0.97,30074,VND,Dong,0.97,0.97,1.61,30074,30074,49917,2026-04-19,2026,https://www.combien-coute.net/cigarette/vietnam/hoi-an/,https://www.combien-coute.net/cigarette/vietnam/hoi-an/,detail
Kon Tum,ville,Vietnam,vietnam,Marlboro,2026-04-25,1.3,39956,VND,Dong,1.3,1.13,1.62,39956,34731,49791,2026-04-25,2026,https://www.combien-coute.net/cigarette/vietnam/kon-tum/,https://www.combien-coute.net/cigarette/vietnam/kon-tum/,detail
Long Xuyen,ville,Vietnam,vietnam,Marlboro,2024-01-25,1.12,30000,VND,Dong,1.12,1.09,1.87,30000,29124,50000,2024-01-25,2026,https://www.combien-coute.net/cigarette/vietnam/long-xuyen/,https://www.combien-coute.net/cigarette/vietnam/long-xuyen/,detail
Nha Trang,ville,Vietnam,vietnam,Marlboro,2026-04-13,1.3,40151,VND,Dong,1.3,1.3,1.46,40151,40151,45093,2026-04-13,2026,https://www.combien-coute.net/cigarette/vietnam/nha-trang/,https://www.combien-coute.net/cigarette/vietnam/nha-trang/,detail
Phan Thiet,ville,Vietnam,vietnam,Marlboro,2026-04-16,1.29,40023,VND,Dong,1.29,1.29,1.45,40023,40023,44987,2026-04-16,2026,https://www.combien-coute.net/cigarette/vietnam/phan-thiet/,https://www.combien-coute.net/cigarette/vietnam/phan-thiet/,detail
Pleiku,ville,Vietnam,vietnam,Marlboro,2017-11-21,1.03,27500,VND,Dong,1.03,0.75,1.31,27500,20000,35000,2017-11-21,2026,https://www.combien-coute.net/cigarette/vietnam/pleiku/,https://www.combien-coute.net/cigarette/vietnam/pleiku/,detail
Rach Gia,ville,Vietnam,vietnam,Marlboro,2026-04-22,1.13,35025,VND,Dong,1.13,0.84,1.29,35025,26036,39984,2026-04-22,2026,https://www.combien-coute.net/cigarette/vietnam/rach-gia/,https://www.combien-coute.net/cigarette/vietnam/rach-gia/,detail
Soc Trang,ville,Vietnam,vietnam,Marlboro,2026-04-22,1.13,35025,VND,Dong,1.13,0.84,1.29,35025,26036,39984,2026-04-22,2026,https://www.combien-coute.net/cigarette/vietnam/soc-trang/,https://www.combien-coute.net/cigarette/vietnam/soc-trang/,detail
Tan An,ville,Vietnam,vietnam,Marlboro,2026-04-22,1.13,35025,VND,Dong,1.13,0.84,1.29,35025,26036,39984,2026-04-22,2026,https://www.combien-coute.net/cigarette/vietnam/tan-an/,https://www.combien-coute.net/cigarette/vietnam/tan-an/,detail
Tra Vinh,ville,Vietnam,vietnam,Marlboro,2026-04-23,1.14,35255,VND,Dong,1.14,0.84,1.3,35255,25977,40203,2026-04-23,2026,https://www.combien-coute.net/cigarette/vietnam/tra-vinh/,https://www.combien-coute.net/cigarette/vietnam/tra-vinh/,detail
Tuy Hòa,ville,Vietnam,vietnam,Marlboro,2026-04-30,1.3,40073,VND,Dong,1.3,1.3,1.46,40073,40073,45005,2026-04-30,2026,https://www.combien-coute.net/cigarette/vietnam/tuy-h-a/,https://www.combien-coute.net/cigarette/vietnam/tuy-h-a/,detail
Viet Tri,ville,Vietnam,vietnam,Marlboro,2026-04-25,1.18,36267,VND,Dong,1.18,0.97,1.62,36267,29813,49791,2026-04-25,2026,https://www.combien-coute.net/cigarette/vietnam/viet-tri/,https://www.combien-coute.net/cigarette/vietnam/viet-tri/,detail
Vinh,ville,Vietnam,vietnam,Marlboro,2026-04-22,1.18,36575,VND,Dong,1.18,0.97,1.62,36575,30066,50213,2026-04-22,2026,https://www.combien-coute.net/cigarette/vietnam/vinh/,https://www.combien-coute.net/cigarette/vietnam/vinh/,detail
Vinh Long,ville,Vietnam,vietnam,Marlboro,2024-01-25,1.12,30000,VND,Dong,1.12,1.09,1.87,30000,29124,50000,2024-01-25,2026,https://www.combien-coute.net/cigarette/vietnam/vinh-long/,https://www.combien-coute.net/cigarette/vietnam/vinh-long/,detail
Yen Bai,ville,Vietnam,vietnam,Marlboro,2026-04-23,1.18,36492,VND,Dong,1.18,0.97,1.62,36492,29998,50099,2026-04-23,2026,https://www.combien-coute.net/cigarette/vietnam/yen-bai/,https://www.combien-coute.net/cigarette/vietnam/yen-bai/,detail
Al Hudaydah,ville,Yémen,yemen,Marlboro,2025-12-12,4.65,1297,YER,Riyal yéménite,4.65,2.68,8.93,1297,748,2491,2025-12-12,2026,https://www.combien-coute.net/cigarette/yemen/al-hudaydah/,https://www.combien-coute.net/cigarette/yemen/al-hudaydah/,detail
As Salif,ville,Yémen,yemen,Marlboro,2017-11-21,1.36,400,YER,Riyal yéménite,1.36,0.85,3.06,400,250,900,2017-11-21,2026,https://www.combien-coute.net/cigarette/yemen/as-salif/,https://www.combien-coute.net/cigarette/yemen/as-salif/,detail
Sanaa,ville,Yémen,yemen,Marlboro,2026-04-19,4.44,1247,YER,Riyal yéménite,4.44,2.67,5.1,1247,750,1433,2026-04-19,2026,https://www.combien-coute.net/cigarette/yemen/sanaa/,https://www.combien-coute.net/cigarette/yemen/sanaa/,detail
Kansanshi,ville,Zambie,zambie,Marlboro,2017-11-21,1.69,20,ZMK,Kwacha de Zambie,1.69,1.69,1.69,20,20,20,2017-11-21,2026,https://www.combien-coute.net/cigarette/zambie/kansanshi/,https://www.combien-coute.net/cigarette/zambie/kansanshi/,detail
Lusaka,ville,Zambie,zambie,Marlboro,2026-04-16,2.6,27579,ZMK,Kwacha de Zambie,2.6,1.73,4.08,27579,18350,43277,2026-04-16,2026,https://www.combien-coute.net/cigarette/zambie/lusaka/,https://www.combien-coute.net/cigarette/zambie/lusaka/,detail
Siavonga,ville,Zambie,zambie,Marlboro,2025-12-11,2.62,27472,ZMK,Kwacha de Zambie,2.62,1.75,4.11,27472,18349,43095,2025-12-11,2026,https://www.combien-coute.net/cigarette/zambie/siavonga/,https://www.combien-coute.net/cigarette/zambie/siavonga/,detail
Bulawayo,ville,Zimbabwe,zimbabwe,Marlboro,2026-04-23,1.28,2,US$ (USD),Dollar américain,1.28,0.85,1.71,2,1,2,2026-04-23,2026,https://www.combien-coute.net/cigarette/zimbabwe/bulawayo/,https://www.combien-coute.net/cigarette/zimbabwe/bulawayo/,detail
Chinhoyi,ville,Zimbabwe,zimbabwe,Marlboro,2026-04-24,1.71,2,US$ (USD),Dollar américain,1.71,0.86,2.05,2,1,2,2026-04-24,2026,https://www.combien-coute.net/cigarette/zimbabwe/chinhoyi/,https://www.combien-coute.net/cigarette/zimbabwe/chinhoyi/,detail
Gwanda,ville,Zimbabwe,zimbabwe,Marlboro,2024-01-26,1.84,2,US$ (USD),Dollar américain,1.84,1.84,1.84,2,2,2,2024-01-26,2026,https://www.combien-coute.net/cigarette/zimbabwe/gwanda/,https://www.combien-coute.net/cigarette/zimbabwe/gwanda/,detail
Gweru,ville,Zimbabwe,zimbabwe,Marlboro,2026-04-25,1.71,2,US$ (USD),Dollar américain,1.71,0.85,2.05,2,1,2,2026-04-25,2026,https://www.combien-coute.net/cigarette/zimbabwe/gweru/,https://www.combien-coute.net/cigarette/zimbabwe/gweru/,detail
Harare,ville,Zimbabwe,zimbabwe,Marlboro,2026-04-28,1.71,2,US$ (USD),Dollar américain,1.71,0.85,2.05,2,1,2,2026-04-28,2026,https://www.combien-coute.net/cigarette/zimbabwe/harare/,https://www.combien-coute.net/cigarette/zimbabwe/harare/,detail
Kwekwe,ville,Zimbabwe,zimbabwe,Marlboro,2026-04-23,1.71,2,US$ (USD),Dollar américain,1.71,0.85,2.05,2,1,2,2026-04-23,2026,https://www.combien-coute.net/cigarette/zimbabwe/kwekwe/,https://www.combien-coute.net/cigarette/zimbabwe/kwekwe/,detail
Masvingo,ville,Zimbabwe,zimbabwe,Marlboro,2026-04-14,1.7,2,US$ (USD),Dollar américain,1.7,0.85,2.04,2,1,2,2026-04-14,2026,https://www.combien-coute.net/cigarette/zimbabwe/masvingo/,https://www.combien-coute.net/cigarette/zimbabwe/masvingo/,detail
Mutare,ville,Zimbabwe,zimbabwe,Marlboro,2026-04-25,1.02,1,US$ (USD),Dollar américain,1.02,0.85,2.05,1,1,2,2026-04-25,2026,https://www.combien-coute.net/cigarette/zimbabwe/mutare/,https://www.combien-coute.net/cigarette/zimbabwe/mutare/,detail
Aberdeen,ville,Écosse,ecosse,Marlboro,2026-05-01,18.09,16,£ (GBP),livre sterling,18.09,17.39,20.58,16,15,18,2026-05-01,2026,https://www.combien-coute.net/cigarette/ecosse/aberdeen/,https://www.combien-coute.net/cigarette/ecosse/aberdeen/,detail
Dundee,ville,Écosse,ecosse,Marlboro,2026-04-26,20.49,18,£ (GBP),livre sterling,20.49,16.16,20.49,18,14,18,2026-04-26,2026,https://www.combien-coute.net/cigarette/ecosse/dundee/,https://www.combien-coute.net/cigarette/ecosse/dundee/,detail
Dunfermline,ville,Écosse,ecosse,Marlboro,2026-04-21,20.38,18,£ (GBP),livre sterling,20.38,16.07,20.38,18,14,18,2026-04-21,2026,https://www.combien-coute.net/cigarette/ecosse/dunfermline/,https://www.combien-coute.net/cigarette/ecosse/dunfermline/,detail
Edimbourg,ville,Écosse,ecosse,Marlboro,2026-05-01,18.69,16,£ (GBP),livre sterling,18.69,17.39,20.58,16,15,18,2026-05-01,2026,https://www.combien-coute.net/cigarette/ecosse/edimbourg/,https://www.combien-coute.net/cigarette/ecosse/edimbourg/,detail
Glasgow,ville,Écosse,ecosse,Marlboro,2026-05-01,20.29,18,£ (GBP),livre sterling,20.29,18.09,21.28,18,16,18,2026-05-01,2026,https://www.combien-coute.net/cigarette/ecosse/glasgow/,https://www.combien-coute.net/cigarette/ecosse/glasgow/,detail
Inverness,ville,Écosse,ecosse,Marlboro,2026-04-14,18.8,16,£ (GBP),livre sterling,18.8,12.92,20.39,16,11,18,2026-04-14,2026,https://www.combien-coute.net/cigarette/ecosse/inverness/,https://www.combien-coute.net/cigarette/ecosse/inverness/,detail
Irvine,ville,Écosse,ecosse,Marlboro,2017-11-20,5.75,7,£ (GBP),livre sterling,5.75,4.83,5.97,7,6,7,2017-11-20,2026,https://www.combien-coute.net/cigarette/ecosse/irvine/,https://www.combien-coute.net/cigarette/ecosse/irvine/,detail
Perth (Écosse),ville,Écosse,ecosse,Marlboro,2017-11-20,16.76,26,£ (GBP),livre sterling,16.76,14.82,19.33,26,23,30,2017-11-20,2026,https://www.combien-coute.net/cigarette/ecosse/perth-ecosse/,https://www.combien-coute.net/cigarette/ecosse/perth-ecosse/,detail
Alexandrie,ville,Égypte,egypte,Marlboro,2025-11-25,1.82,100,£ (EGP),Livre égyptienne,1.82,1.45,2.73,100,79,150,2025-11-25,2026,https://www.combien-coute.net/cigarette/egypte/alexandrie/,https://www.combien-coute.net/cigarette/egypte/alexandrie/,detail
Assouan,ville,Égypte,egypte,Marlboro,2017-11-21,1.45,30,£ (EGP),Livre égyptienne,1.45,1.45,2.42,30,30,50,2017-11-21,2026,https://www.combien-coute.net/cigarette/egypte/assouan/,https://www.combien-coute.net/cigarette/egypte/assouan/,detail
Banha,ville,Égypte,egypte,Marlboro,2026-04-21,1.63,99,£ (EGP),Livre égyptienne,1.63,1.31,2.45,99,80,149,2026-04-21,2026,https://www.combien-coute.net/cigarette/egypte/banha/,https://www.combien-coute.net/cigarette/egypte/banha/,detail
Beni Suef (Bénésouef),ville,Égypte,egypte,Marlboro,2026-04-27,1.62,100,£ (EGP),Livre égyptienne,1.62,1.3,2.43,100,80,150,2026-04-27,2026,https://www.combien-coute.net/cigarette/egypte/bani-suwayf/,https://www.combien-coute.net/cigarette/egypte/bani-suwayf/,detail
Charm el-Cheikh,ville,Égypte,egypte,Marlboro,2025-11-25,2.05,112,£ (EGP),Livre égyptienne,2.05,1.55,2.55,112,85,140,2025-11-25,2026,https://www.combien-coute.net/cigarette/egypte/charm-el-cheikh/,https://www.combien-coute.net/cigarette/egypte/charm-el-cheikh/,detail
Dahab,ville,Égypte,egypte,Marlboro,2026-04-25,1.3,80,£ (EGP),Livre égyptienne,1.3,,,80,,,2026-04-25,2026,https://www.combien-coute.net/cigarette/egypte/dahab/,https://www.combien-coute.net/cigarette/egypte/dahab/,detail
Damanhur,ville,Égypte,egypte,Marlboro,2026-04-20,1.64,100,£ (EGP),Livre égyptienne,1.64,1.55,1.88,100,95,115,2026-04-20,2026,https://www.combien-coute.net/cigarette/egypte/damanhur/,https://www.combien-coute.net/cigarette/egypte/damanhur/,detail
Damiette,ville,Égypte,egypte,Marlboro,2026-04-27,1.62,100,£ (EGP),Livre égyptienne,1.62,1.3,2.43,100,80,150,2026-04-27,2026,https://www.combien-coute.net/cigarette/egypte/damiette/,https://www.combien-coute.net/cigarette/egypte/damiette/,detail
Hurghada,ville,Égypte,egypte,Marlboro,2025-11-25,1.82,100,£ (EGP),Livre égyptienne,1.82,1.55,2.36,100,85,129,2025-11-25,2026,https://www.combien-coute.net/cigarette/egypte/hurghada/,https://www.combien-coute.net/cigarette/egypte/hurghada/,detail
Ismaïlia,ville,Égypte,egypte,Marlboro,2026-04-21,1.63,99,£ (EGP),Livre égyptienne,1.63,1.14,2.45,99,69,149,2026-04-21,2026,https://www.combien-coute.net/cigarette/egypte/ismailia/,https://www.combien-coute.net/cigarette/egypte/ismailia/,detail
Louxor,ville,Égypte,egypte,Marlboro,2026-04-20,1.31,80,£ (EGP),Livre égyptienne,1.31,1.31,2.13,80,80,130,2026-04-20,2026,https://www.combien-coute.net/cigarette/egypte/louxor/,https://www.combien-coute.net/cigarette/egypte/louxor/,detail
Marsa Alam,ville,Égypte,egypte,Marlboro,2026-04-14,1.6,99,£ (EGP),Livre égyptienne,1.6,1.36,2.08,99,84,129,2026-04-14,2026,https://www.combien-coute.net/cigarette/egypte/marsa-alam/,https://www.combien-coute.net/cigarette/egypte/marsa-alam/,detail
Marsa Matruh,ville,Égypte,egypte,Marlboro,2026-04-24,1.63,99,£ (EGP),Livre égyptienne,1.63,1.3,2.44,99,79,149,2026-04-24,2026,https://www.combien-coute.net/cigarette/egypte/marsa-matruh/,https://www.combien-coute.net/cigarette/egypte/marsa-matruh/,detail
Port-Saïd,ville,Égypte,egypte,Marlboro,2026-04-21,1.63,99,£ (EGP),Livre égyptienne,1.63,1.31,2.45,99,80,149,2026-04-21,2026,https://www.combien-coute.net/cigarette/egypte/port-said/,https://www.combien-coute.net/cigarette/egypte/port-said/,detail
Suez,ville,Égypte,egypte,Marlboro,2026-04-22,1.52,93,£ (EGP),Livre égyptienne,1.52,1.4,2.06,93,86,126,2026-04-22,2026,https://www.combien-coute.net/cigarette/egypte/suez/,https://www.combien-coute.net/cigarette/egypte/suez/,detail
Tahta,ville,Égypte,egypte,Marlboro,2017-11-21,1.98,41,£ (EGP),Livre égyptienne,1.98,1.55,2.42,41,32,50,2017-11-21,2026,https://www.combien-coute.net/cigarette/egypte/tahta/,https://www.combien-coute.net/cigarette/egypte/tahta/,detail
le Caire,ville,Égypte,egypte,Marlboro,2026-04-14,1.6,99,£ (EGP),Livre égyptienne,1.6,1.52,1.84,99,94,114,2026-04-14,2026,https://www.combien-coute.net/cigarette/egypte/caire/,https://www.combien-coute.net/cigarette/egypte/caire/,detail
Abu Dhabi,ville,Émirats arabes unis,emirats-arabes-unis,Marlboro,2026-04-30,5.6,24,AED,Dirham des Emirats arabes unis,5.6,4.66,8.16,24,20,35,2026-04-30,2026,https://www.combien-coute.net/cigarette/emirats-arabes-unis/abu-dhabi/,https://www.combien-coute.net/cigarette/emirats-arabes-unis/abu-dhabi/,detail
Ajman,ville,Émirats arabes unis,emirats-arabes-unis,Marlboro,2026-04-26,5.34,23,AED,Dirham des Emirats arabes unis,5.34,4.65,5.57,23,20,24,2026-04-26,2026,https://www.combien-coute.net/cigarette/emirats-arabes-unis/ajman/,https://www.combien-coute.net/cigarette/emirats-arabes-unis/ajman/,detail
Charjah,ville,Émirats arabes unis,emirats-arabes-unis,Marlboro,2026-04-26,5.56,24,AED,Dirham des Emirats arabes unis,5.56,5.11,5.57,24,22,24,2026-04-26,2026,https://www.combien-coute.net/cigarette/emirats-arabes-unis/charjah/,https://www.combien-coute.net/cigarette/emirats-arabes-unis/charjah/,detail
Dubaï,ville,Émirats arabes unis,emirats-arabes-unis,Marlboro,2026-04-16,5.19,22,AED,Dirham des Emirats arabes unis,5.19,4.62,8.08,22,20,35,2026-04-16,2026,https://www.combien-coute.net/cigarette/emirats-arabes-unis/dubai/,https://www.combien-coute.net/cigarette/emirats-arabes-unis/dubai/,detail
Babahoyo,ville,Équateur,equateur,Marlboro,2024-01-31,5.54,6,$ (USD),Dollar des Etats-Unis,5.54,5.54,5.54,6,6,6,2024-01-31,2026,https://www.combien-coute.net/cigarette/equateur/babahoyo/,https://www.combien-coute.net/cigarette/equateur/babahoyo/,detail
Cayambe,ville,Équateur,equateur,Marlboro,2026-04-20,5.11,6,$ (USD),Dollar des Etats-Unis,5.11,5.11,5.97,6,6,7,2026-04-20,2026,https://www.combien-coute.net/cigarette/equateur/cayambe/,https://www.combien-coute.net/cigarette/equateur/cayambe/,detail
Chone,ville,Équateur,equateur,Marlboro,2024-01-31,5.54,6,$ (USD),Dollar des Etats-Unis,5.54,5.54,5.54,6,6,6,2024-01-31,2026,https://www.combien-coute.net/cigarette/equateur/chone/,https://www.combien-coute.net/cigarette/equateur/chone/,detail
Cuenca,ville,Équateur,equateur,Marlboro,2026-04-26,4.69,6,$ (USD),Dollar des Etats-Unis,4.69,3.41,5.63,6,4,7,2026-04-26,2026,https://www.combien-coute.net/cigarette/equateur/cuenca/,https://www.combien-coute.net/cigarette/equateur/cuenca/,detail
Esmeraldas,ville,Équateur,equateur,Marlboro,2026-04-20,5.11,6,$ (USD),Dollar des Etats-Unis,5.11,5.11,5.97,6,6,7,2026-04-20,2026,https://www.combien-coute.net/cigarette/equateur/esmeraldas/,https://www.combien-coute.net/cigarette/equateur/esmeraldas/,detail
Guayaquil,ville,Équateur,equateur,Marlboro,2025-11-25,5.21,6,$ (USD),Dollar des Etats-Unis,5.21,4.47,5.64,6,5,6,2025-11-25,2026,https://www.combien-coute.net/cigarette/equateur/guayaquil/,https://www.combien-coute.net/cigarette/equateur/guayaquil/,detail
Huaquillas,ville,Équateur,equateur,Marlboro,2026-04-21,5.09,6,$ (USD),Dollar des Etats-Unis,5.09,4.37,5.51,6,5,6,2026-04-21,2026,https://www.combien-coute.net/cigarette/equateur/huaquillas/,https://www.combien-coute.net/cigarette/equateur/huaquillas/,detail
Ibarra,ville,Équateur,equateur,Marlboro,2026-04-20,2.56,3,$ (USD),Dollar des Etats-Unis,2.56,2.56,5.97,3,3,7,2026-04-20,2026,https://www.combien-coute.net/cigarette/equateur/ibarra/,https://www.combien-coute.net/cigarette/equateur/ibarra/,detail
Latacunga,ville,Équateur,equateur,Marlboro,2026-04-21,5.09,6,$ (USD),Dollar des Etats-Unis,5.09,4.37,6.79,6,5,8,2026-04-21,2026,https://www.combien-coute.net/cigarette/equateur/latacunga/,https://www.combien-coute.net/cigarette/equateur/latacunga/,detail
Loja,ville,Équateur,equateur,Marlboro,2026-04-26,4.69,6,$ (USD),Dollar des Etats-Unis,4.69,2.99,5.63,6,4,7,2026-04-26,2026,https://www.combien-coute.net/cigarette/equateur/loja/,https://www.combien-coute.net/cigarette/equateur/loja/,detail
Machala,ville,Équateur,equateur,Marlboro,2026-04-20,3.73,4,$ (USD),Dollar des Etats-Unis,3.73,3.2,5.54,4,4,7,2026-04-20,2026,https://www.combien-coute.net/cigarette/equateur/machala/,https://www.combien-coute.net/cigarette/equateur/machala/,detail
Manta,ville,Équateur,equateur,Marlboro,2026-04-26,3.41,4,$ (USD),Dollar des Etats-Unis,3.41,3.41,5.54,4,4,6,2026-04-26,2026,https://www.combien-coute.net/cigarette/equateur/manta/,https://www.combien-coute.net/cigarette/equateur/manta/,detail
Portoviejo,ville,Équateur,equateur,Marlboro,2026-04-22,5.11,6,$ (USD),Dollar des Etats-Unis,5.11,4.39,5.54,6,5,7,2026-04-22,2026,https://www.combien-coute.net/cigarette/equateur/portoviejo/,https://www.combien-coute.net/cigarette/equateur/portoviejo/,detail
Quevedo,ville,Équateur,equateur,Marlboro,2026-04-25,5.12,6,$ (USD),Dollar des Etats-Unis,5.12,5.12,5.97,6,6,7,2026-04-25,2026,https://www.combien-coute.net/cigarette/equateur/quevedo/,https://www.combien-coute.net/cigarette/equateur/quevedo/,detail
Quito,ville,Équateur,equateur,Marlboro,2026-04-17,5.09,6,$ (USD),Dollar des Etats-Unis,5.09,5.09,5.94,6,6,7,2026-04-17,2026,https://www.combien-coute.net/cigarette/equateur/quito/,https://www.combien-coute.net/cigarette/equateur/quito/,detail
Riobamba,ville,Équateur,equateur,Marlboro,2026-04-22,4.68,6,$ (USD),Dollar des Etats-Unis,4.68,3.41,5.62,6,4,7,2026-04-22,2026,https://www.combien-coute.net/cigarette/equateur/riobamba/,https://www.combien-coute.net/cigarette/equateur/riobamba/,detail
Salinas,ville,Équateur,equateur,Marlboro,2026-04-26,4.69,6,$ (USD),Dollar des Etats-Unis,4.69,3.41,6.82,6,4,8,2026-04-26,2026,https://www.combien-coute.net/cigarette/equateur/salinas/,https://www.combien-coute.net/cigarette/equateur/salinas/,detail
San Francisco de Milagro,ville,Équateur,equateur,Marlboro,2026-04-20,4.69,6,$ (USD),Dollar des Etats-Unis,4.69,3.41,5.63,6,4,7,2026-04-20,2026,https://www.combien-coute.net/cigarette/equateur/san-francisco-de-milagro/,https://www.combien-coute.net/cigarette/equateur/san-francisco-de-milagro/,detail
Tena,ville,Équateur,equateur,Marlboro,2026-04-28,2.99,4,$ (USD),Dollar des Etats-Unis,2.99,2.99,5.97,4,4,7,2026-04-28,2026,https://www.combien-coute.net/cigarette/equateur/tena/,https://www.combien-coute.net/cigarette/equateur/tena/,detail
Zamora,ville,Équateur,equateur,Marlboro,2026-04-14,4.68,5,$ (USD),Dollar des Etats-Unis,4.68,3.4,5.61,5,4,7,2026-04-14,2026,https://www.combien-coute.net/cigarette/equateur/zamora/,https://www.combien-coute.net/cigarette/equateur/zamora/,detail
Alaska,ville,États-Unis,etats-unis,Marlboro,2026-04-23,10.65,,$ (USD),dollar américain,10.65,,,,,,2026-04-23,2026,https://www.combien-coute.net/cigarette/etats-unis/alaska/,https://www.combien-coute.net/cigarette/etats-unis/,liste_parent
Albany,ville,États-Unis,etats-unis,Marlboro,2026-04-25,12.8,15,$ (USD),dollar américain,12.8,12.41,13.65,15,14,16,2026-04-25,2026,https://www.combien-coute.net/cigarette/etats-unis/albany/,https://www.combien-coute.net/cigarette/etats-unis/albany/,detail
Albuquerque,ville,États-Unis,etats-unis,Marlboro,2026-05-01,8.88,10,$ (USD),dollar américain,8.88,8.86,9.37,10,10,11,2026-05-01,2026,https://www.combien-coute.net/cigarette/etats-unis/albuquerque/,https://www.combien-coute.net/cigarette/etats-unis/albuquerque/,detail
Atlanta (Géorgie),ville,États-Unis,etats-unis,Marlboro,2026-04-20,7.22,9,$ (USD),dollar américain,7.22,5.97,8.52,9,7,10,2026-04-20,2026,https://www.combien-coute.net/cigarette/etats-unis/atlanta-georgie/,https://www.combien-coute.net/cigarette/etats-unis/atlanta-georgie/,detail
Atlantic City,ville,États-Unis,etats-unis,Marlboro,2026-04-26,11.94,14,$ (USD),dollar américain,11.94,11.94,13.64,14,14,16,2026-04-26,2026,https://www.combien-coute.net/cigarette/etats-unis/atlantic-city/,https://www.combien-coute.net/cigarette/etats-unis/atlantic-city/,detail
Austin,ville,États-Unis,etats-unis,Marlboro,2026-05-01,8.1,9,$ (USD),dollar américain,8.1,6.82,11.08,9,8,13,2026-05-01,2026,https://www.combien-coute.net/cigarette/etats-unis/austin/,https://www.combien-coute.net/cigarette/etats-unis/austin/,detail
Baltimore,ville,États-Unis,etats-unis,Marlboro,2026-04-26,12.09,14,$ (USD),dollar américain,12.09,8.87,13.65,14,10,16,2026-04-26,2026,https://www.combien-coute.net/cigarette/etats-unis/baltimore/,https://www.combien-coute.net/cigarette/etats-unis/baltimore/,detail
Biloxi,ville,États-Unis,etats-unis,Marlboro,2026-04-27,7.69,9,$ (USD),dollar américain,7.69,7.26,8.88,9,9,10,2026-04-27,2026,https://www.combien-coute.net/cigarette/etats-unis/biloxi/,https://www.combien-coute.net/cigarette/etats-unis/biloxi/,detail
Boston,ville,États-Unis,etats-unis,Marlboro,2026-04-17,10.64,13,$ (USD),dollar américain,10.64,10.19,12.73,13,12,15,2026-04-17,2026,https://www.combien-coute.net/cigarette/etats-unis/boston/,https://www.combien-coute.net/cigarette/etats-unis/boston/,detail
Brooklyn,ville,États-Unis,etats-unis,Marlboro,2026-04-24,12.64,15,$ (USD),dollar américain,12.64,12.45,13.68,15,15,16,2026-04-24,2026,https://www.combien-coute.net/cigarette/etats-unis/brooklyn/,https://www.combien-coute.net/cigarette/etats-unis/brooklyn/,detail
Buffalo,ville,États-Unis,etats-unis,Marlboro,2026-04-25,12.41,14,$ (USD),dollar américain,12.41,8.87,12.8,14,10,15,2026-04-25,2026,https://www.combien-coute.net/cigarette/etats-unis/buffalo/,https://www.combien-coute.net/cigarette/etats-unis/buffalo/,detail
Chicago,ville,États-Unis,etats-unis,Marlboro,2026-04-17,15.28,18,$ (USD),dollar américain,15.28,10.19,17.83,18,12,21,2026-04-17,2026,https://www.combien-coute.net/cigarette/etats-unis/chicago/,https://www.combien-coute.net/cigarette/etats-unis/chicago/,detail
Cincinnati,ville,États-Unis,etats-unis,Marlboro,2026-04-26,8.87,10,$ (USD),dollar américain,8.87,8.18,9.38,10,10,11,2026-04-26,2026,https://www.combien-coute.net/cigarette/etats-unis/cincinnati/,https://www.combien-coute.net/cigarette/etats-unis/cincinnati/,detail
Cleveland (Ohio),ville,États-Unis,etats-unis,Marlboro,2026-04-23,8.54,10,$ (USD),dollar américain,8.54,8.19,10.24,10,10,12,2026-04-23,2026,https://www.combien-coute.net/cigarette/etats-unis/cleveland-ohio/,https://www.combien-coute.net/cigarette/etats-unis/cleveland-ohio/,detail
Corpus Christi,ville,États-Unis,etats-unis,Marlboro,2026-04-16,8.05,9,$ (USD),dollar américain,8.05,6.78,11.02,9,8,13,2026-04-16,2026,https://www.combien-coute.net/cigarette/etats-unis/corpus-christi/,https://www.combien-coute.net/cigarette/etats-unis/corpus-christi/,detail
Dallas (Texas),ville,États-Unis,etats-unis,Marlboro,2025-11-25,8.68,10,$ (USD),dollar américain,8.68,8.21,11.71,10,9,13,2025-11-25,2026,https://www.combien-coute.net/cigarette/etats-unis/dallas-texas/,https://www.combien-coute.net/cigarette/etats-unis/dallas-texas/,detail
Denver (Colorado),ville,États-Unis,etats-unis,Marlboro,2026-04-20,9.02,11,$ (USD),dollar américain,9.02,8.86,10.23,11,10,12,2026-04-20,2026,https://www.combien-coute.net/cigarette/etats-unis/denver-colorado/,https://www.combien-coute.net/cigarette/etats-unis/denver-colorado/,detail
Des Moines (Iowa),ville,États-Unis,etats-unis,Marlboro,2026-04-15,6.81,8,$ (USD),dollar américain,6.81,6.18,8.82,8,7,10,2026-04-15,2026,https://www.combien-coute.net/cigarette/etats-unis/des-moines-iowa/,https://www.combien-coute.net/cigarette/etats-unis/des-moines-iowa/,detail
Detroit (Michigan),ville,États-Unis,etats-unis,Marlboro,2026-04-23,8.88,10,$ (USD),dollar américain,8.88,8.57,12.81,10,10,15,2026-04-23,2026,https://www.combien-coute.net/cigarette/etats-unis/detroit-michigan/,https://www.combien-coute.net/cigarette/etats-unis/detroit-michigan/,detail
Hawaii,ville,États-Unis,etats-unis,Marlboro,2026-04-23,10.67,,$ (USD),dollar américain,10.67,,,,,,2026-04-23,2026,https://www.combien-coute.net/cigarette/etats-unis/hawaii/,https://www.combien-coute.net/cigarette/etats-unis/,liste_parent
Houston,ville,États-Unis,etats-unis,Marlboro,2026-04-23,8.08,9,$ (USD),dollar américain,8.08,6.83,9.39,9,8,11,2026-04-23,2026,https://www.combien-coute.net/cigarette/etats-unis/houston/,https://www.combien-coute.net/cigarette/etats-unis/houston/,detail
Indianapolis,ville,États-Unis,etats-unis,Marlboro,2026-04-15,8.65,10,$ (USD),dollar américain,8.65,7.37,10.18,10,9,12,2026-04-15,2026,https://www.combien-coute.net/cigarette/etats-unis/indianapolis/,https://www.combien-coute.net/cigarette/etats-unis/indianapolis/,detail
Kansas City,ville,États-Unis,etats-unis,Marlboro,2026-04-16,6.81,8,$ (USD),dollar américain,6.81,6.18,8.81,8,7,10,2026-04-16,2026,https://www.combien-coute.net/cigarette/etats-unis/kansas-city/,https://www.combien-coute.net/cigarette/etats-unis/kansas-city/,detail
Las Vegas,ville,États-Unis,etats-unis,Marlboro,2026-04-17,8.39,10,$ (USD),dollar américain,8.39,6.79,11.88,10,8,14,2026-04-17,2026,https://www.combien-coute.net/cigarette/etats-unis/las-vegas/,https://www.combien-coute.net/cigarette/etats-unis/las-vegas/,detail
Louisville (Kentucky),ville,États-Unis,etats-unis,Marlboro,2026-04-23,7.69,9,$ (USD),dollar américain,7.69,7.37,8.88,9,9,10,2026-04-23,2026,https://www.combien-coute.net/cigarette/etats-unis/louisville-kentucky/,https://www.combien-coute.net/cigarette/etats-unis/louisville-kentucky/,detail
Miami,ville,États-Unis,etats-unis,Marlboro,2026-04-23,5.11,,$ (USD),dollar américain,5.11,,,,,,2026-04-23,2026,https://www.combien-coute.net/cigarette/etats-unis/miami-floride/,https://www.combien-coute.net/cigarette/etats-unis/,liste_parent
Minneapolis (Minnesota),ville,États-Unis,etats-unis,Marlboro,2026-04-23,10.33,12,$ (USD),dollar américain,10.33,8.54,12.81,12,10,15,2026-04-23,2026,https://www.combien-coute.net/cigarette/etats-unis/minneapolis-minnesota/,https://www.combien-coute.net/cigarette/etats-unis/minneapolis-minnesota/,detail
Mobile (Alabama),ville,États-Unis,etats-unis,Marlboro,2026-04-22,7.44,9,$ (USD),dollar américain,7.44,5.64,8.52,9,7,10,2026-04-22,2026,https://www.combien-coute.net/cigarette/etats-unis/mobile-alabama/,https://www.combien-coute.net/cigarette/etats-unis/mobile-alabama/,detail
Myrtle Beach,ville,États-Unis,etats-unis,Marlboro,2026-04-23,6.4,8,$ (USD),dollar américain,6.4,5.98,9.4,8,7,11,2026-04-23,2026,https://www.combien-coute.net/cigarette/etats-unis/myrtle-beach/,https://www.combien-coute.net/cigarette/etats-unis/myrtle-beach/,detail
Nashville (Tennessee),ville,États-Unis,etats-unis,Marlboro,2026-04-23,8.71,10,$ (USD),dollar américain,8.71,7.21,10.25,10,8,12,2026-04-23,2026,https://www.combien-coute.net/cigarette/etats-unis/nashville-tennessee/,https://www.combien-coute.net/cigarette/etats-unis/nashville-tennessee/,detail
New York,ville,États-Unis,etats-unis,Marlboro,2026-04-17,16.13,19,$ (USD),dollar américain,16.13,13.57,17.83,19,16,21,2026-04-17,2026,https://www.combien-coute.net/cigarette/etats-unis/new-york/,https://www.combien-coute.net/cigarette/etats-unis/new-york/,detail
Philadelphie (Pennsylvanie),ville,États-Unis,etats-unis,Marlboro,2026-04-23,11.18,13,$ (USD),dollar américain,11.18,10.13,15.37,13,12,18,2026-04-23,2026,https://www.combien-coute.net/cigarette/etats-unis/philadelphie-pennsylvanie/,https://www.combien-coute.net/cigarette/etats-unis/philadelphie-pennsylvanie/,detail
Phoenix (Arizona),ville,États-Unis,etats-unis,Marlboro,2025-11-25,9.28,11,$ (USD),dollar américain,9.28,9.02,10.41,11,10,12,2025-11-25,2026,https://www.combien-coute.net/cigarette/etats-unis/phoenix-arizona/,https://www.combien-coute.net/cigarette/etats-unis/phoenix-arizona/,detail
Pittsburgh,ville,États-Unis,etats-unis,Marlboro,2025-11-24,9.03,10,$ (USD),dollar américain,9.03,8.69,10.42,10,10,12,2025-11-24,2026,https://www.combien-coute.net/cigarette/etats-unis/pittsburgh/,https://www.combien-coute.net/cigarette/etats-unis/pittsburgh/,detail
Portland,ville,États-Unis,etats-unis,Marlboro,2026-05-01,9.51,11,$ (USD),dollar américain,9.51,8.86,10.23,11,10,12,2026-05-01,2026,https://www.combien-coute.net/cigarette/etats-unis/portland/,https://www.combien-coute.net/cigarette/etats-unis/portland/,detail
Reno (Nevada),ville,États-Unis,etats-unis,Marlboro,2026-04-24,8.56,10,$ (USD),dollar américain,8.56,8.43,12.84,10,10,15,2026-04-24,2026,https://www.combien-coute.net/cigarette/etats-unis/reno-nevada/,https://www.combien-coute.net/cigarette/etats-unis/reno-nevada/,detail
Salem (Oregon),ville,États-Unis,etats-unis,Marlboro,2026-04-23,11.32,13,$ (USD),dollar américain,11.32,9.53,12.81,13,11,15,2026-04-23,2026,https://www.combien-coute.net/cigarette/etats-unis/salem-oregon/,https://www.combien-coute.net/cigarette/etats-unis/salem-oregon/,detail
Salt Lake City,ville,États-Unis,etats-unis,Marlboro,2026-04-25,8.67,10,$ (USD),dollar américain,8.67,7.68,8.87,10,9,10,2026-04-25,2026,https://www.combien-coute.net/cigarette/etats-unis/salt-lake-city/,https://www.combien-coute.net/cigarette/etats-unis/salt-lake-city/,detail
Santa Fe (Nouveau-Mexique),ville,États-Unis,etats-unis,Marlboro,2026-04-24,8.92,10,$ (USD),dollar américain,8.92,8.9,9.41,10,10,11,2026-04-24,2026,https://www.combien-coute.net/cigarette/etats-unis/santa-fe-nouveau-mexique/,https://www.combien-coute.net/cigarette/etats-unis/santa-fe-nouveau-mexique/,detail
Savannah,ville,États-Unis,etats-unis,Marlboro,2026-04-16,7.18,8,$ (USD),dollar américain,7.18,7.18,16.95,8,8,20,2026-04-16,2026,https://www.combien-coute.net/cigarette/etats-unis/savannah/,https://www.combien-coute.net/cigarette/etats-unis/savannah/,detail
Seattle,ville,États-Unis,etats-unis,Marlboro,2026-04-17,10.3,12,$ (USD),dollar américain,10.3,9.34,12.73,12,11,15,2026-04-17,2026,https://www.combien-coute.net/cigarette/etats-unis/seattle/,https://www.combien-coute.net/cigarette/etats-unis/seattle/,detail
Sioux Falls (Dakota du Sud),ville,États-Unis,etats-unis,Marlboro,2026-04-26,8.16,10,$ (USD),dollar américain,8.16,5.12,8.53,10,6,10,2026-04-26,2026,https://www.combien-coute.net/cigarette/etats-unis/sioux-falls-dakota-du-sud/,https://www.combien-coute.net/cigarette/etats-unis/sioux-falls-dakota-du-sud/,detail
Tucson,ville,États-Unis,etats-unis,Marlboro,2026-04-22,8.86,10,$ (USD),dollar américain,8.86,7.62,10.22,10,9,12,2026-04-22,2026,https://www.combien-coute.net/cigarette/etats-unis/tucson/,https://www.combien-coute.net/cigarette/etats-unis/tucson/,detail
Virginia Beach,ville,États-Unis,etats-unis,Marlboro,2026-04-13,7.8,9,$ (USD),dollar américain,7.8,7.71,8.14,9,9,10,2026-04-13,2026,https://www.combien-coute.net/cigarette/etats-unis/virginia-beach/,https://www.combien-coute.net/cigarette/etats-unis/virginia-beach/,detail
Washington D.C.,ville,États-Unis,etats-unis,Marlboro,2026-04-18,11.84,14,$ (USD),dollar américain,11.84,10.19,12.74,14,12,15,2026-04-18,2026,https://www.combien-coute.net/cigarette/etats-unis/washington-dc/,https://www.combien-coute.net/cigarette/etats-unis/washington-dc/,detail
Addis-Abeba,ville,Éthiopie,ethiopie,Marlboro,2026-04-23,6.06,1113,ETB,Birr,6.06,3.42,7.48,1113,628,1374,2026-04-23,2026,https://www.combien-coute.net/cigarette/ethiopie/addis-abeba/,https://www.combien-coute.net/cigarette/ethiopie/addis-abeba/,detail
Gondar,ville,Éthiopie,ethiopie,Marlboro,2017-11-21,3.94,5,ETB,Birr,3.94,,,5,,,2017-11-21,2026,https://www.combien-coute.net/cigarette/ethiopie/gondar/,https://www.combien-coute.net/cigarette/ethiopie/gondar/,detail
Bodden Town,ville,Îles Caïmans,iles-caimans,Marlboro,2026-05-01,12.27,12,$ (KYD),Dollar des îles Caïmans,12.27,10.22,17.38,12,10,17,2026-05-01,2026,https://www.combien-coute.net/cigarette/iles-caimans/bodden-town/,https://www.combien-coute.net/cigarette/iles-caimans/bodden-town/,detail
North Side,ville,Îles Caïmans,iles-caimans,Marlboro,2026-05-01,12.27,12,$ (KYD),Dollar des îles Caïmans,12.27,10.22,17.38,12,10,17,2026-05-01,2026,https://www.combien-coute.net/cigarette/iles-caimans/north-side/,https://www.combien-coute.net/cigarette/iles-caimans/north-side/,detail
Seven Mile Beach,ville,Îles Caïmans,iles-caimans,Marlboro,2026-04-30,12.33,12,$ (KYD),Dollar des îles Caïmans,12.33,10.28,17.47,12,10,17,2026-04-30,2026,https://www.combien-coute.net/cigarette/iles-caimans/seven-mile-beach/,https://www.combien-coute.net/cigarette/iles-caimans/seven-mile-beach/,detail
Lautoka,ville,Îles Fidji,iles-fidji,Marlboro,2026-04-25,7.91,20,$ (FJD),dollar de Fidji,7.91,6.22,9.6,20,16,25,2026-04-25,2026,https://www.combien-coute.net/cigarette/iles-fidji/lautoka/,https://www.combien-coute.net/cigarette/iles-fidji/lautoka/,detail
Nadi,ville,Îles Fidji,iles-fidji,Marlboro,2026-04-20,6.92,18,$ (FJD),dollar de Fidji,6.92,4.23,8.07,18,11,21,2026-04-20,2026,https://www.combien-coute.net/cigarette/iles-fidji/nadi/,https://www.combien-coute.net/cigarette/iles-fidji/nadi/,detail
Suva,ville,Îles Fidji,iles-fidji,Marlboro,2026-04-30,8.54,22,$ (FJD),dollar de Fidji,8.54,7.76,11.64,22,20,30,2026-04-30,2026,https://www.combien-coute.net/cigarette/iles-fidji/suva/,https://www.combien-coute.net/cigarette/iles-fidji/suva/,detail
Providenciales,ville,Îles Turques-et-Caïques,iles-turques-et-caiques,Marlboro,2026-01-19,6.04,7,$ (USD),Dollar américain,6.04,,,7,,,2026-01-19,2026,https://www.combien-coute.net/cigarette/iles-turques-et-caiques/providenciales/,https://www.combien-coute.net/cigarette/iles-turques-et-caiques/providenciales/,detail
Albion,ville,île Maurice,ile-maurice,Marlboro,2026-04-29,5.11,279,MUR,roupie mauricienne,5.11,5.11,8.21,279,279,449,2026-04-29,2026,https://www.combien-coute.net/cigarette/ile-maurice/albion/,https://www.combien-coute.net/cigarette/ile-maurice/albion/,detail
Belle Mare,ville,île Maurice,ile-maurice,Marlboro,2025-11-24,5.64,300,MUR,roupie mauricienne,5.64,5.64,6.02,300,300,320,2025-11-24,2026,https://www.combien-coute.net/cigarette/ile-maurice/belle-mare/,https://www.combien-coute.net/cigarette/ile-maurice/belle-mare/,detail
Centre de Flacq,ville,île Maurice,ile-maurice,Marlboro,2026-04-28,5.57,305,MUR,roupie mauricienne,5.57,5.02,9.13,305,275,500,2026-04-28,2026,https://www.combien-coute.net/cigarette/ile-maurice/centre-de-flacq/,https://www.combien-coute.net/cigarette/ile-maurice/centre-de-flacq/,detail
Chemin Grenier,ville,île Maurice,ile-maurice,Marlboro,2025-12-13,5.56,300,MUR,roupie mauricienne,5.56,5.56,5.93,300,300,320,2025-12-13,2026,https://www.combien-coute.net/cigarette/ile-maurice/chemin-grenier/,https://www.combien-coute.net/cigarette/ile-maurice/chemin-grenier/,detail
Curepipe,ville,île Maurice,ile-maurice,Marlboro,2026-04-14,4.93,268,MUR,roupie mauricienne,4.93,4.38,8.22,268,238,447,2026-04-14,2026,https://www.combien-coute.net/cigarette/ile-maurice/curepipe/,https://www.combien-coute.net/cigarette/ile-maurice/curepipe/,detail
Goodlands,ville,île Maurice,ile-maurice,Marlboro,2025-12-11,5.55,299,MUR,roupie mauricienne,5.55,5.55,5.92,299,299,319,2025-12-11,2026,https://www.combien-coute.net/cigarette/ile-maurice/goodlands/,https://www.combien-coute.net/cigarette/ile-maurice/goodlands/,detail
Moka,ville,île Maurice,ile-maurice,Marlboro,2026-04-28,5.21,285,MUR,roupie mauricienne,5.21,4.93,5.48,285,270,300,2026-04-28,2026,https://www.combien-coute.net/cigarette/ile-maurice/moka/,https://www.combien-coute.net/cigarette/ile-maurice/moka/,detail
Port-Louis,ville,île Maurice,ile-maurice,Marlboro,2026-04-14,5.57,303,MUR,roupie mauricienne,5.57,5.48,8.22,303,298,447,2026-04-14,2026,https://www.combien-coute.net/cigarette/ile-maurice/port-louis/,https://www.combien-coute.net/cigarette/ile-maurice/port-louis/,detail
Quatre Bornes,ville,île Maurice,ile-maurice,Marlboro,2026-04-28,5.11,280,MUR,roupie mauricienne,5.11,4.75,8.22,280,260,450,2026-04-28,2026,https://www.combien-coute.net/cigarette/ile-maurice/quatre-bornes/,https://www.combien-coute.net/cigarette/ile-maurice/quatre-bornes/,detail
Souillac,ville,île Maurice,ile-maurice,Marlboro,2025-12-13,5.56,300,MUR,roupie mauricienne,5.56,5.56,5.93,300,300,320,2025-12-13,2026,https://www.combien-coute.net/cigarette/ile-maurice/souillac/,https://www.combien-coute.net/cigarette/ile-maurice/souillac/,detail
Tamarin,ville,île Maurice,ile-maurice,Marlboro,2026-04-13,5.34,291,MUR,roupie mauricienne,5.34,5.34,8.29,291,291,452,2026-04-13,2026,https://www.combien-coute.net/cigarette/ile-maurice/tamarin/,https://www.combien-coute.net/cigarette/ile-maurice/tamarin/,detail
Triolet,ville,île Maurice,ile-maurice,Marlboro,2026-04-28,5.57,305,MUR,roupie mauricienne,5.57,5.48,8.22,305,300,450,2026-04-28,2026,https://www.combien-coute.net/cigarette/ile-maurice/triolet/,https://www.combien-coute.net/cigarette/ile-maurice/triolet/,detail
Vacoas,ville,île Maurice,ile-maurice,Marlboro,2026-04-14,5.48,298,MUR,roupie mauricienne,5.48,5.48,8.22,298,298,447,2026-04-14,2026,https://www.combien-coute.net/cigarette/ile-maurice/vacoas/,https://www.combien-coute.net/cigarette/ile-maurice/vacoas/,detail
Tagbilaran City,ville,île de Bohol,bohol,Marlboro,2026-04-16,2.16,153,₱ (PHP),Peso philippin,2.16,2.16,2.71,153,153,192,2026-04-16,2026,https://www.combien-coute.net/cigarette/bohol/tagbilaran-city/,https://www.combien-coute.net/cigarette/bohol/tagbilaran-city/,detail
Saint-Georges,ville,île de Grenade,grenade,Marlboro,2026-04-17,7.85,25,XCD,dollar des Caraïbes orientales,7.85,,,25,,,2026-04-17,2026,https://www.combien-coute.net/cigarette/grenade/saint-georges/,https://www.combien-coute.net/cigarette/grenade/saint-georges/,detail
